:020000022000DC
:1060000000000420CD5F04000D6004004D65040015
:10601000116004001360040015600400000000001B
:10602000000000000000000000000000457C0400AB
:106030001960040000000000657C04001D6004007D
:1060400039620400516103001F6004001F600400F6
:106050001F6004001F600400AD2F04001F600400D7
:106060001F6004001F6004001F60040069610300DA
:106070001F6004005D6103001F6004001F600400D6
:106080001F600400F93204001F6004001F60040058
:106090001F6004001F6004001F6004001F600400F4
:1060A0001F6004001F6004001F6004001F600400E4
:1060B0001F6004001F6004000000000000000000DA
:1060C0001F6004001F6004001F6004001F600400C4
:1060D0001F6004001F6004001F600400712E040094
:1060E0001F6004001F6004001F6004000000000027
:1060F000000000001F600400000000001F6004009A
:10610000000000000000000000000000000000008F
:10611000000000000000000000000000000000007F
:10612000000000000000000000000000000000006F
:10613000000000000000000000000000000000005F
:10614000000000000000000000000000000000004F
:10615000000000000000000000000000000000003F
:10616000000000000000000000000000000000002F
:10617000000000000000000000000000000000001F
:10618000000000000000000000000000000000000F
:1061900000000000000000000000000000000000FF
:1061A00000000000000000000000000000000000EF
:1061B00000000000000000000000000000000000DF
:1061C00000000000000000000000000000000000CF
:1061D00000000000000000000000000000000000BF
:1061E00000000000000000000000000000000000AF
:1061F000000000000000000000000000000000009F
:1062000010B5054C237833B9044B13B10448AFF3F0
:1062100000800123237010BDB8360020000000006C
:1062200034DF040008B5034B1BB103490348AFF347
:10623000008008BD00000000BC36002034DF0400F0
:10624000A3F5803A704700BF174B002B08BF134BD4
:106250009D46FFF7F5FF00218B460F461348144A71
:10626000121A22F089FE0E4B002B00D098470D4BDE
:10627000002B00D098470020002104000D000D489D
:10628000002802D00C48AFF3008022F009FE200065
:1062900029001FF05BFE22F0EFFD00BF00000800A8
:1062A000000000000000000000000420B8360020BC
:1062B00000900020000000000000000008B501214F
:1062C0000F2020F0BFFA00210F2020F0F9FA012161
:1062D0000D2020F0B7FABDE8084001210D2020F084
:1062E000EFBA0000024A136801331360704700BF21
:1062F0001C3700207047704710B504461FF062FE3F
:10630000204610BD10B504461FF05CFE204610BDAF
:1063100013B504460846019123F055F8019982B25D
:1063200004F11C0002B0BDE8104000F0CEBE000039
:1063300008B50121152020F085FA0121162020F052
:1063400081FA0121172020F07DFA0121182020F088
:1063500079FA0121052020F075FA0021152020F09E
:10636000AFFA0021162020F0ABFA0021172020F010
:10637000A7FA0021182020F0A3FA0021052020F020
:106380009FFABDE80840024902481AF0ADBD00BFBF
:1063900028970400F0630020F8B5431E012B044643
:1063A0000D460AD9304931481AF08EFD21462F4852
:1063B000BDE8F8400A221AF001BE2D492B481AF018
:1063C00083FD0A22214629481AF0F6FD294927486B
:1063D0001AF07AFD284B29492448002D08BF194698
:1063E0001AF082FD012C4FF005004FF001010BBFA8
:1063F000152717271626182620F062FA0A201CF007
:106400000BFF55B30021384620F05AFA01213046DF
:1064100020F056FA32201CF0FFFE3846002120F012
:106420004FFA3046002120F04BFA0021052020F0E1
:1064300047FA012C0CBF124B124B13491D700B482D
:106440001AF042FD214609480A221AF0B5FDBDE8BE
:10645000F8400E4905481AF047BD0121384620F0A2
:106460002FFA2946D3E700BF6A970400F0630020A3
:106470008197040090970400649704005F970400DC
:1064800028370020303700208997040096970400B1
:10649000012810B5044607D10B4B1978BDE8104010
:1064A00081F00101FFF778BF022801D1074BF4E723
:1064B000074908481AF008FD21460648BDE8104083
:1064C0000A221AF07BBD00BF283700203037002099
:1064D000AA970400F06300200021022020F0B2B946
:1064E00008B5022020F0FAF821F0C4FE0CA3D3E98D
:1064F000002322F053F80CA3D3E9002321F024FF5A
:1065000022F01AFA21F0C8FE09A3D3E9002321F0F2
:106510001BFF22F011FA00EE100A08BDAFF3008055
:106520000000000000F88F406666666666660A40F6
:10653000EE7C3F355EBA024038B510EE100A2DED04
:10654000028BB0EE408A21F0A7FE15A3D3E9002309
:1065500004460D4622F07EF9E0B9F0EE087AB4EE7A
:10656000E78AF1EE10FA12D90FA3D3E900232046EF
:10657000294621F031FD084B002221F0E5FE074BB2
:106580004FF0333222F00AF822F0B6F9C0B2BDEC77
:10659000028B38BD6420FAE7000059403333F33FE3
:1065A00066666666666610403333333333330740BE
:1065B000014837211AF014B9E8360020002238B516
:1065C00005460C46064811461AF0B6F9044885ED12
:1065D000000A00211AF050FA84ED000A38BD00BF0D
:1065E000E836002008B502210D2020F02BF9022109
:1065F0000F2020F027F9BDE808400221102020F0EC
:1066000021B9000038B51CF0FFFD04460D2020F034
:106610007BF960B90D4D2B68E31AC82B07D90C4BD9
:106620001978012081F00101FFF7B6FE2C600F20E0
:1066300020F06AF940B9074D2B68E31AC82B03D93B
:106640000220FFF725FF2C6038BD00BF1037002067
:10665000283700201437002008B50021082020F03A
:10666000F1F8BDE808400249042208201CF038BCBB
:10667000E56202000121042020F0E4B808B5012100
:10668000042020F01DF964201CF0C6FD0420002128
:1066900020F016F9BDE808404FF461701CF0BCBD55
:1066A0000021112020F0CEB808B5112020F02CF9DF
:1066B000003818BF012008BD2DE9F04F7E4A7F4DFC
:1066C000DFF880A27E4FDFF88092DFF88082DFF86B
:1066D00080B28BB0911F06A8049021F074FC0623B1
:1066E0000593049B00249C7104A800F04BFF04A8B0
:1066F00021F058FC2146082000F0F4FE00F064FE72
:106700000646286004201FF059FC6E4B03600146CA
:106710000122304601F0CAF86B4928686B4E01F03F
:1067200052F912226A49CAF800004FF4007301F0CE
:1067300090FD684B68491860286801F044F9674982
:1067400038604FF40073122201F083FD644B6549F9
:10675000186012224FF40073386801F07AFD624B22
:1067600062491860286801F02EF9614B6149186090
:1067700012224FF4007301F06CFD5F4B5F4918600B
:10678000286801F020F95E4930604FF400731A2246
:1067900001F05FFD4FF400731A225A49C9F8000056
:1067A000306801F056FD5849C8F800002868574D78
:1067B00001F009F9564928604FF40073022201F0F4
:1067C00048FD02225349CBF800004FF400732868BB
:1067D00001F03FFD504B51491860DBF80000FFF716
:1067E00097FD4D4B4E491868FFF792FD4D4BD9F878
:1067F00000001B788DF80F304B4B01221B788DF871
:1068000010300DF10F011C3000F05FFCD8F80000D3
:10681000012204A91C3000F058FC04201FF0CEFB1C
:10682000424B036001460190D9F8000000F040FDA2
:106830000199D8F8000000F03BFDDAF8000001F003
:1068400069FB386801F066FB294B186801F062FBB0
:10685000306801F05FFB286801F05CFB00F0D0FDC0
:106860001949054600F09DFA1B49284600F099FA9F
:106870002249284600F095FA2021284600F067FAC0
:10688000A021284600F065FA204600F0C9FD2849FD
:10689000044628481AF018FB2749284B2548002CA5
:1068A00008BF19461AF020FB1CB1254921481AF0EF
:1068B0001BFB0BB0BDE8F08FD99704001837002000
:1068C000FC360020EC990400DA97040038370020E9
:1068D000DF970400D8360020E4970400E99704000D
:1068E00024370020EE9704000C370020F3970400B3
:1068F0000837002018980400043700203D98040051
:106900006298040087980400AC980400E4360020E4
:10691000B1980400B698040000370020D397040013
:10692000BB9804002837002030370020209A04004C
:10693000C1980400F063002030D20400CC9704001A
:10694000EA980400DC3600202C3700203437002081
:10695000E036002008B5FFF7EBFCFFF7BDFDFFF7C1
:1069600027FEFFF73FFEFFF777FEFFF783FEFFF7F7
:1069700097FEFFF7A1FEBDE8084002484FF4E13161
:106980001AF0D8BCF063002070B52DED048B464C96
:1069900086B023688DF80700F0EE408AB0EE608A7A
:1069A000002B7CD0414D286801220DF107011C30DD
:1069B00000F08BFB206800F005FF20B128684FF63F
:1069C000FF7100F06BFC9FED3A9A3A4D68EE898AB0
:1069D0002868FDEEE88A022218EE903A04A91C30DD
:1069E000ADF8103000F071FB206800F0EBFE20B134
:1069F00028684FF6FF7100F051FC28EE098A2E4DF1
:106A0000BCEEC88A286818EE103A02220DF1120175
:106A10001C30ADF8123000F058FB206800F0D2FEB8
:106A200020B128684FF6FF7100F038FC234D244B4D
:106A300028681B680593042205A91C3000F045FB5B
:106A4000206800F0BFFE20B128684FF6FF7100F00B
:106A500025FC1C4B1C4E1B7830688DF80E301B4BF0
:106A60001B4D1B788DF80F3001220DF10E011C30EB
:106A700000F02BFB286801220DF10F011C3000F003
:106A800024FB206800F09EFE48B14FF6FF7130688D
:106A900000F004FC28684FF6FF7100F0FFFB06B021
:106AA000BDEC048B70BD00BF18370020D836002025
:106AB0000000C842243700200C3700200437002093
:106AC0001C370020283700202C37002030370020CA
:106AD00034370020F0B52DED028B83B001A9684654
:106AE000FFF76CFDFFF7FCFCB0EE408AFFF724FDDA
:106AF0000646FFF787FDFFF7C1FD58495848594D35
:106B00001AF0E2F918EE100A21F0C6FB41EC100B66
:106B1000022153481AF01EFB534951481AF0D4F988
:106B20000A2231464E481AF047FA50494C481AF0AA
:106B3000DBF94F494A481AF0C7F9009821F0ACFB3D
:106B400041EC100B022146481AF007FB4949444822
:106B50001AF0BAF9019821F09FFB41EC100B0221C9
:106B60003F481AF0FAFA44493D481AF0ADF9434B50
:106B70003B4819680A221AF02BFA414938481AF0A2
:106B8000A3F9FFF791FD3F4A3F49002818BF11467E
:106B900033481AF0A9F92B68002B4ED03B493048F6
:106BA0003B4C1AF091F9286800F00CFE0A220146CD
:106BB0002B481AF003FA237863B31CF025FB354BFE
:106BC0001B68984226D3344925481AF08DF900F005
:106BD00017FC00F0C0F8C8201CF01EFB00F010FCF1
:106BE0002021074600F0B3F8A021384600F0B1F8A4
:106BF000002000F015FC2949074619481AF064F9ED
:106C0000274B28491648002F08BF19461AF06CF97F
:106C100000232370286800F0D5FD70B9237863B98C
:106C200000F0EEFB00F0A0F8044630B91E490C4815
:106C30001AF05AF9204600F0F3FBDDED010A9DED54
:106C4000000A3046B0EE481AFFF79EFE4FF47A7005
:106C50001CF0E2FA03B0BDEC028BF0BD1C990400FD
:106C6000F063002018370020269904002B990400B7
:106C70002E990400359904003B9904001C3700202C
:106C800049990400059904000F9904004F990400E4
:106C900020370020D4360020679904009099040022
:106CA000CC97040030D20400AD99040006230248BA
:106CB0001622194619F084BDE836002000F10803B9
:106CC00073B5044603600D46E1B1084622F07BFB34
:106CD0000F2805EB0006019007D9002201A92046E4
:106CE00021F03EF9019B2060A360206832462946CE
:106CF00021F069F9019B2268636000212046D1548C
:106D000002B070BD014821F01DF900BF389A04009F
:106D100038B50023C0E90633C0E90033C0E90233C7
:106D2000C0E904330384C36243636FF000438363A9
:106D300090F83C300446022523F0030380F83C30F1
:106D4000057629460FF01EFF6576204638BD418343
:106D500070478183704708B504F0D8FE30F0020315
:106D60000CBF0120002008BD08B504F0FBFF00386F
:106D700018BF012008BD38B504460D460FF0F3FDDD
:106D800038B194F83C306FF3410384F83C30012073
:106D900038BD294604F10C000FF0E5FD0028F0D1C4
:106DA000F6E710B58CB0044606A8FFF787FF06A9E2
:106DB00001A801F067FA01A92046FFF7DCFF0446AD
:106DC00006A821F0EFF820460CB010BD10B504461F
:106DD000006808B11FF0F6F8204610BD07B58268BC
:106DE00001910AB921F0B4F8C36801A9984703B02A
:106DF0005DF804FB08B50378092B09D14068162813
:106E000008D8084A01238340134203D000F07AFADD
:106E1000002008BDCB6A002BFAD001F12400FFF757
:106E2000DDFFF5E70018480010B50C1A134605D031
:106E300001462246184622F085F80346181910BD6F
:106E40008142F7B504460D461FD0D1E900710268B2
:106E50008368CE1B9B1AB3421AD2002E01DA21F0AE
:106E60006EF8304601911FF0A9F8019902460546D7
:106E70003846FFF7D9FF206808B11FF0A3F8256056
:106E80003544A56023681E446660204603B0F0BD0B
:106E900043689B1A9E4203D83846FFF7C5FFF1E7C7
:106EA000F9183846FFF7C0FFD4E90002D5E90031F0
:106EB000101A1844F1E770B586B00D4604466846CE
:106EC0000FF036FD294603A8009E0FF031FDDDE9E5
:106ED00003313046C91A04F003FF064603A8FFF742
:106EE00075FF6846FFF772FF66B929462046FFF72F
:106EF000A7FF94F83C3043F0020384F83C300120B3
:106F000006B070BD0020FBE770B586B00C460546A4
:106F100068460FF00DFD214603A8009E0FF008FD06
:106F2000DDE903313046C91A04F0FBFE064603A82A
:106F3000FFF74CFF6846FFF749FF3EB9214605F1D0
:106F40000C00FFF77DFF012006B070BD0020FBE7BD
:106F50002DE9F0432C4B1F7889B004460E461546A8
:106F600027B90027384609B0BDE8F08304F0FAFEDF
:106F70000028F7D100F03EFA074608B100F0D3FB35
:106F800094F83C309A071CD421462046FFF793FF23
:106F90000028E6D094F83C30DB0712D504F10C0150
:106FA00005A803910FF0C4FCDDE9058905A8FFF7EA
:106FB0000DFFC14505D003992046FFF7A5FF002826
:106FC000CFD0124BA663002E93F8008008BF6FF05D
:106FD00000461DB128460FF0A9FB05460C480D4B95
:106FE000002F14BF07461F46CDE9007404F11803B3
:106FF00032462946404604F099FD30F002030CBFAA
:1070000001270027AEE700BF60370020553700207A
:107010004D7B0200F56D020008B590F83C30826BA4
:107020006FF34103014680F83C3022B9BDE80840C7
:107030001146FFF78DBFC36A13B12430FFF7CEFEB0
:1070400008BD70B50E4601210446701815461DF0A6
:10705000E6FDB5F5007F28BF4FF4007500232060E2
:10706000A580E3802681204670BD10B504460068E7
:1070700008B11DF0D8FD204610BD2DE9F0410446B1
:1070800088461746F2B1C588838815449D4219DCAD
:1070900003890668ADB2AB4205D23046691C1DF0CB
:1070A000C0FD258106466EB11CF006F9E0883A461F
:1070B0004146304421F038FF00232660E5807355B7
:1070C0001CF002F92046BDE8F081F8B503680546DA
:1070D00000240F461646C4801C70FFF7CEFF2868B8
:1070E0003246394621F012FF20B9EB889B1B5842EB
:1070F0005841F8BD2046FCE77047C36A0A46196844
:1071000010B48C680146184623465DF8044B1847B6
:1071100070477047704710B504461EF053FF204675
:1071200010BD70B504461C301D46FFF7CEFFE06A67
:1071300003682A462146DB68BDE870401847000016
:1071400070B5D0E90D560C4B03600446B54207D02C
:1071500055F8040B0028F9D003685B689847F5E7F9
:10716000606B08B11EF02EFF2046044B40F81C3B1C
:10717000FFF77BFF204670BD849A04006C9A0400E0
:1071800010B50446FFF7DCFF20461EF01BFF20462B
:1071900010BD0000F8B50D4604469C461746061D76
:1071A0000FCD0FC62B68336000252583A576624678
:1071B000142104F11C00FFF744FF064B2360064B2B
:1071C000E362069B2785C4E90C35C4E90E552046C9
:1071D000F8BD00BF849A040004340020008D70477D
:1071E000016370472DE9FF471E46BDF83040074652
:1071F000154688464FF6FF7300293ED0002A3CD042
:107200009C420DD091B2404609F052FB0246F0B1CB
:10721000398B2046002E39D006F068FC044628E061
:1072200000F0E8F8014601A800F030FCDDE9019A21
:107230000024ADB2D14518D02946404609F038FBAC
:10724000024638B9019808B11EF0BCFE002004B017
:10725000BDE8F08739F8020B398B1EB106F046FC09
:107260000446E7E706F090FCFAE7019808B11EF043
:10727000A9FEB4FA84F04009E9E79C42398B08D0B2
:1072800016B100222046C7E73246204606F07CFCB5
:10729000C4E7084607F0DAFC0120D8E707B500226A
:1072A000009101231146FFF79DFF03B05DF804FB39
:1072B000024B002908BF1946C16270470434002000
:1072C000024A0349034820F035BE00BF00340020C5
:1072D000F9700200043400207047704710B504466E
:1072E0001EF070FE204610BD024A0349034820F0FC
:1072F00021BE00BF00340020DB72020008340020F1
:1073000070470000024B1A780AB100221A707047C9
:107310006037002010B504461EF054FE204610BD14
:1073200008B50EF079F9BDE808400EF0FFBE08463A
:1073300011460DF007BA0000054B1B680A46196894
:1073400010B48C680146184623465DF8044B184774
:107350000C34002010B5134C207810BB0EF00FF841
:10736000F8B901200EF00BF80246D0B9014609F039
:107370003DFA10B10C4B01221A7001201CF060FF85
:1073800001232370094B1B785BB1094B186808B1C6
:1073900000F057F9074B186818B1BDE81040FFF727
:1073A0003BBE10BD60370020553700205437002009
:1073B0005C3700205837002010B50446006808B13B
:1073C0001EF000FE204610BD38B5094C236863B995
:1073D00020201EF0F3FD054600F08CF9256007F033
:1073E00043FF01F0E1FE01F06FFF206838BD00BFF0
:1073F00064370020014B1868704700BF64370020D5
:1074000038B5064C236833B940201EF0D7FD054639
:10741000FFF77EFC2560206838BD00BF583700208C
:1074200007B50190FFF7ECFF0199002203B05DF86A
:1074300004EBFFF78DBD08B5FFF7E2FFBDE808409C
:10744000FFF789BC70B5044670B3194B03201E4684
:1074500053F8042B944228D120460FF021FE3568C2
:1074600058B195F8283043F0020385F828302846B3
:107470001321BDE870400FF039BC236953B195F872
:10748000283043F0040385F828302846BDE87040D2
:107490000FF03BBC2DB128460FF0D4FB28461EF060
:1074A00091FD00233360012070BD0138CFD1FBE78F
:1074B0003C370020F7B50A4F0646032557F8044B22
:1074C00044B1214668460FF02BFC314668460FF068
:1074D0002EF910B9013DF1D12C46204603B0F0BD84
:1074E0003C37002008B501F079FAB0FA80F0400985
:1074F00008BD0000014B1868704700BF143400201D
:1075000010B50C4604F024FF04B1206030F00203F3
:107510000CBF0120002010BD30B5044687B00D46D9
:107520001422002101A821F027FD0223208C8DF8D0
:10753000043001A902950BF09BFDB0FA80F04009E0
:1075400007B030BD30B587B004460D461422002187
:1075500001A821F011FD0423208C8DF804300DEBDF
:1075600003018DF808500BF083FDB0FA80F040095C
:1075700007B030BD08B5006801F000FEB0FA80F039
:10758000400908BD37B5154C2278E2B901900EF0DC
:1075900025F8134B134A1A61134A5A61134A9A6227
:1075A0001A89019822F46F6222F00F0242F003025E
:1075B0001A810322DA721A73FFF7DCFF0DF04EFD19
:1075C0000B480EF07FFD0B4D2B78012013B91CF0FA
:1075D00037FEF9E7207003B030BD00BF54370020FC
:1075E0004035002005730200557302003973020014
:1075F000217302006037002008B5084A084909488D
:1076000020F098FC0848054A08490023C0E90033E7
:107610008360BDE8084020F08DBC00BF003400202E
:10762000017302001034002048370020B9730200B3
:1076300070477047704710B504461EF0C3FC2046E3
:1076400010BD0146162251F80C0B03681B69184740
:10765000024A0349034820F06DBC00BF00340020FB
:107660003176020018340020704770477047704729
:107670000048704740E201007047704710B504466B
:107680001EF0A0FC204610BD08460121FFF75ABF9E
:1076900000F1080373B5044603600D46E1B10846E6
:1076A00021F091FE0F2805EB0006019007D900227A
:1076B00001A9204620F054FC019B2060A3602068B3
:1076C0003246294620F07FFC019B2268636000213E
:1076D0002046D15402B070BD014820F033FC00BFF9
:1076E000389A040010B52C220446002121F044FCF5
:1076F000204610BD027822F00F020270054A426057
:107700000022C0E90222C26102614FF0FF324261F1
:10771000028370471C3400200378DA0744BF43F02B
:1077200002030370704703782DE9F74FD907044629
:1077300045D407F02DF9002841D1D4E90259A945D3
:107740002ED02868837D0BB32B68D3E9067ABA451F
:1077500024D057F8043BD3E90D6B5E45F7D0286879
:1077600000F016FE804657F8040C043000F010FEBE
:1077700001903068043000F00BFE56F8043B01998C
:1077800002461833404607F07DFCE6E700F000FEB5
:107790002968143107F068FC0028D5D00435CEE7FD
:1077A00023789A0707D56FF3410323704FF6FF71D3
:1077B000012001F07BFD237843F00103237003B027
:1077C000BDE8F08F10B500F1140200231A304FF617
:1077D000FF71824205D032F8024B8C42F9D001335E
:1077E000F7E7D8B210BD2DE9F0478CB000AF1446D2
:1077F0000646381D1D46FFF775FF391D304603F05C
:10780000F9FE2378032B4FD8DFE803F00220022093
:107810006368DB8843B14FF6FF739E4204D02B6848
:10782000391D9B68284698471BF046FD6A8CE9691C
:1078300060680EF038F804461BF046FD002C18BFB7
:10784000112420463037BD46BDE8F0876468B5F89E
:107850002090E6884E45E84602D90D24C546F0E75B
:1078600009F10703DB08A8EBC3039D4621683246F4
:107870006846EA4621F058FBE46864B1E288B31830
:107880009945EADB0AEB0600216821F04DFBE3880D
:107890001E44B6B2F0E72B683246D3F80C9051463E
:1078A0003B1D2846C847D9E70E24CAE7037821B113
:1078B000416062F3820303707047024A426061F3E1
:1078C0008203F8E71C34002007B50191FFF798FD0B
:1078D0000199002203B05DF804EBFFF739BB00000B
:1078E0002DE9F84FD0E9009893466FF06043A8EB7C
:1078F0000902B3EBA20F07468A464FEAA20402D15F
:107900001D4820F022FB012C224638BF0122A4187A
:10791000A1EB09052DD23CB19C4228BF1C46A0001A
:107920001EF04CFB064600E02646DBF800307351A3
:10793000002D04DD2A464946304621F003FBA8EB22
:107940000A080435B8F1000F354404DD42465146BB
:10795000284621F0E9FA4544B9F1000F02D0484623
:107960001EF030FB06EB8404C7E90065BC60BDE88F
:10797000F88F1C46D3E700BFFC9A040010B50A46F6
:10798000D0E90114A14204D0126841F8042B4160EF
:1079900010BDFFF7A5FFFBE730B585B004464420D6
:1079A00001911EF00BFB0199054600F07BFA03A93B
:1079B00004F108000395FFF7E1FF2046FFF7ACFE56
:1079C000039805B030BD10B58CB0044606A8FFF78B
:1079D0005FFE06A901A800F055FC01A92046FFF7AB
:1079E000DBFF044606A820F0DDFA20460CB010BDEF
:1079F0002DE9F84FD0E9009893466FF04043A8EB8B
:107A00000902B3EB620F07468A464FEA620402D1CD
:107A10001D4820F09AFA012C224638BF0122A418F2
:107A2000A1EB09052DD23CB19C4228BF1C46600049
:107A30001EF0C4FA064600E02646BBF80030735339
:107A4000002D04DD2A464946304621F07BFAA8EB9A
:107A50000A080235B8F1000F354404DD42465146AC
:107A6000284621F061FA4544B9F1000F02D048469A
:107A70001EF0A8FA06EB4404C7E90065BC60BDE847
:107A8000F88F1C46D3E700BFFC9A0400F8B500232A
:107A9000C0E900330446836001F1140601F11A05C0
:107AA0004FF6FF77AE4232460FD036F8023BBB426C
:107AB000F8D0D4E90110814203D021F8023B616083
:107AC000F0E72046FFF794FFECE72046F8BD426858
:107AD0000B4604318A4210B5044604D01846521AA7
:107AE00021F030FA03466268043A6260184610BD1D
:107AF000F8B50546FFF766FE38BB2F46FFF79BFC3F
:107B000007F0B2FB01F050FB01F0DEFB57F8084F25
:107B1000EB68A34215D02668B37D6BB1022B0ED162
:107B2000304600F0D8F930461EF04CFA214638466F
:107B3000FFF7CDFF0446EBE7304600F0EBF90434E5
:107B4000E6E72B786FF300032B70F8BD2DE9F043C7
:107B500093B0054607A80191FFF7C4FDFFF74AFC63
:107B60002B7801990646122B1BD8DFE813F013007F
:107B70003D001A00E8001A001A001A001A001A0044
:107B8000E300020135011A00C1008000B2001B01B0
:107B9000F60026016B681A2B05D023B10020FFF7F1
:107BA0003FFC00241CE0288907A903F023FD0446BC
:107BB0000028F6D106F1140306F11A074FF6FF71FB
:107BC0009F421A4606D01088884203F10203F7D17B
:107BD0002B8913807068036807AA9B683146984711
:107BE000204613B0BDE8F0836868162806D8904A8E
:107BF00001238340134201D0FFF784FB06F11403F5
:107C000006F11A04A3421A4608D01088298D88422A
:107C100003F10203F6D14FF6FF731380F36933B11A
:107C20002A8D998C914204BF4FF6FF729A84337863
:107C3000990702D53046FFF75BFF05F108070FCF24
:107C400007AC0FC40FCF0FC497E8070084E8070004
:107C50007068036807AADC686B683146A047337810
:107C60001A079ED500213046FFF72EFE99E7D0E98E
:107C70000267B74295D056F8043BD3E90648A045C1
:107C8000F7D02368EA881B8B9A4220D1A88807A9DD
:107C900003F0B0FC0028ECD12068FFF79FFA0799A9
:107CA00011F0010105D110F4606F02D0A888FFF730
:107CB00027FC21686A7AC86A0368C2F3C00CC2F361
:107CC0004002D3F8149002EB4C0307AAC8470434CF
:107CD000D5E7A88807A903F08DFC044600287FF4A7
:107CE00060AF70682989036807AA1B69984777E71E
:107CF000D0E90227002197420DD052F8043BD3E986
:107D0000063C9C45F7D053F8040B6E89048BA642C1
:107D100008BF0146F5E700293FF443AF2B7B6A68B3
:107D2000DB0702D5002A3FF43CAFC86A03681B6931
:107D3000984736E72846FFF75DF8044650E728895C
:107D400007A903F057FC044600287FF42AAF7068A7
:107D500003685B6A07A9984742E7A88807A903F068
:107D600049FC002861D10DF127000CF094FC01249E
:107D700036E7288907A903F03DFC04460028F6D120
:107D80007068036807A9DB699847F16900293FF427
:107D900008AF8A8C2B899A427FF403AF28460EF0F5
:107DA000D9FF1DE7A88807A903F024FC0446002892
:107DB000DDD1706803681B6ACCE7288907A903F046
:107DC00019FC04460028D2D17068AA7A036807A972
:107DD0009E6AEB7AB04703E71422002102A821F043
:107DE000CBF82B79032B11D18DF80830FFF782FBEC
:107DF000104B0390984204D1706803685B69984700
:107E00000390A88902A90BF033F9CAE6042B7FF48A
:107E1000C8AEA88907A903F0EDFB0028A7D17068B8
:107E2000AA68036807A99B6982E70224D8E600BF15
:107E30000018480040E20100024A0349034820F0CC
:107E400079B800BF00340020697602001C3400209D
:107E500000F1080373B5044603600D46E1B108461E
:107E600021F0B1FA0F2805EB0006019007D9002296
:107E700001A9204620F074F8019B2060A3602068CF
:107E80003246294620F09FF8019B2268636000215A
:107E90002046D15402B070BD014820F053F800BF15
:107EA000389A040070B50D46044606460FCD0FC63D
:107EB0002B6833600021C4E90611A182A1752162FB
:107EC000202204F1240021F057F8204600F060FA47
:107ED000A062204670BD036B70B504463BB1D86804
:107EE00008B11EF071F8206B08B11EF06DF8D4E9EE
:107EF0000656AE4207D055F8040B0028F9D00368A7
:107F00005B689847F5E7A06908B11EF05BF820466A
:107F100070BD00002DE9F04F036B87B0044673B9C4
:107F2000236BABB9D4E9063200259A42194619D021
:107F30000968897E04330029F7D10135F5E7FFF799
:107F400059FA03789B07EBD4012007B0BDE8F08F06
:107F5000D86808B11EF038F8206B0028E2D01EF077
:107F600033F8DFE7002D00F09980544A6B1C9342F0
:107F70009ABF1C2058434FF0FF301EF021F80646F0
:107F80000346002D08DB18461C22002120F0F4FFD8
:107F900003461C33013DF4E7E369A56901934FF003
:107FA00000094FF01C0B019BAB4276D02B689A7EE8
:107FB000002A70D1D3E90D31904699421A4607D074
:107FC0001268927E0433002AF7D108F10108F4E721
:107FD000B8F1000F46D008F10100B0F1006F34BFD6
:107FE00000014FF0FF301DF0EBFF07460346B8F1EC
:107FF000000F09DB18461022002120F0BDFF0346C8
:10800000103308F1FF38F2E72B689A6BD3F834800D
:1080100002924FF0000A029B434520D0D8F800009E
:10802000827E0592C2B94FEA0A1107EB0A130430A7
:108030000491039300F0ACF90499039B7850D8F8AD
:108040000010059A098D19715A711D4A9A60D8F865
:108050000020DA600AF1010A08F10408DBE70BFBF3
:108060000963DF602868043000F092F90BFB09F81F
:1080700006EB0807124B46F808007B602B68BB60D4
:108080002868FFF7ABF80023BB742B6838821833DD
:108090007B6109F10109043585E72663012304F8B2
:1080A000243F204607F03CF830B9204607F010F88E
:1080B000B0FA80F0400948E7002046E724499204DE
:1080C000E77702002DE9F843D0E9065889461646BD
:1080D000002445452F460FD0386849460430043502
:1080E00000F058F90028F4D0B44202D13868BDE855
:1080F000F8830134A4B2ECE70020F8E72DE9F84F4B
:10810000D0E9009893466FF06043A8EB0902B3EB07
:10811000A20F07468A464FEAA20402D11D481FF06B
:1081200014FF012C224638BF0122A418A1EB090537
:108130002DD23CB19C4228BF1C46A0001DF03EFF42
:10814000064600E02646DBF800307351002D04DDC2
:108150002A464946304620F0F5FEA8EB0A080435C9
:10816000B8F1000F354404DD42465146284620F060
:10817000DBFE4544B9F1000F02D048461DF022FF56
:1081800006EB8404C7E90065BC60BDE8F88F1C46B7
:10819000D3E700BFFC9A040010B50A46D0E90114E9
:1081A000A14204D0126841F8042B416010BDFFF7D2
:1081B000A5FFFBE773B58B7E01910446084673B1BA
:1081C000D4E90625002319469542164607D036689D
:1081D000B04202F10402F7D181760123F4E7D4E939
:1081E00006259542114609D00968884202F1040229
:1081F000F7D12146FEF7F4FF02B070BD23B901A903
:1082000004F11800FFF7C8FF21460198FEF7E8FFC8
:10821000FFF7F0F8FFF780FAEEE77FB5044640205D
:108220000391164602931DF0C9FE029B0399009428
:10823000B2B205460291FEF7ADFF02990022204638
:10824000FFF740FF20462946FFF7B4FF284604B059
:1082500070BD10B58EB0044608A8CDE90032FFF716
:10826000F7FD08A903A800F00DF8DDE9003203A925
:108270002046FFF7D2FF044608A81FF093FE2046D1
:108280000EB010BDF0B50D4687B014220021044693
:1082900020F072FE6B68042B09D11022286822702E
:1082A000002121F0B9F96080204607B0F0BD082B0D
:1082B00008D12023286823701022002121F0ACF976
:1082C0006060F1E7102B0CD12B68621C03F11001E8
:1082D00053F8040B42F8040B8B42F9D1802323702E
:1082E000E2E7242B41D12868102201A921F00EF9E0
:1082F00005460198102201A9013021F007F90F0469
:108300002B4647EA104705040198002675194FF0DF
:10831000100201A900F1010043EB070721F0F6F874
:10832000281847EB0101CDE902010198102201A9AB
:10833000013021F0EBF8054601981022314601305A
:1083400021F0E4F82A04301842EB010102ABCDE938
:10835000040103CB04ABC4F80900C4F80D1003CB2F
:10836000C4F80100C4F80510B8E70023B7E70078A7
:1083700070470378202B05D0802B05D0102B05D11A
:10838000023070470430704701307047002070475A
:10839000704700002DE9FF41057806460C46002D88
:1083A00060D00A78002A5DD0AA4234D02E4B6F46A6
:1083B00003F1100EB84618685968BC46ACE80300D3
:1083C000083373456746F6D1802D15D12046FFF757
:1083D000D0FF102A01460CBF0222042203A820F07D
:1083E000A3FD3046FFF7C5FF1022414620F08EFD69
:1083F000B0FA80F040091BE0802A33D13046FFF705
:10840000B8FF102D01460CBF0222042203A820F061
:108410008BFD2046E6E7102A0DD1FFF7AAFF0246A2
:108420000846FFF7A6FF138800881B1A58425841D8
:1084300004B0BDE8F081202A08D1FFF79AFF024678
:108440000846FFF796FF13680068EEE7802A09D117
:10845000FFF78FFF05460846FFF78BFF1022014606
:108460002846C3E70020E3E74C9B040010B5C0E9B1
:108470000012836004461CF041F8E060204610BD05
:1084800070471FB54A1C08461AD10291002403AB5D
:1084900000944FF00042214620461CF015F9039B42
:1084A000A34211DB029B00934FF00042234621467A
:1084B00020461CF009F9431E5842584104B010BD33
:1084C00002A90EF012F9E1E70120F7E707B54160D4
:1084D000C06830B10021009101234FF000421CF030
:1084E00049F903B05DF804FB064BD3F850253AB1C7
:1084F00022F00801042903D1D3F850159142FAE77C
:10850000704700BF00100040F0B5283922B11F4B62
:108510001F4A9B7AD35CC91A1E4DD5F84035D5F851
:1085200004259B1A23F07F4311F11D0F03F1FF3344
:10853000B5BF841E00F1FF343D271E27022B24F017
:108540007F461FD9B31A13F4000023F07F4219D1DC
:10855000022A17D9104B012239441A60C3F8341586
:10856000C3F834014FF48033C5F84001C5F84065C5
:10857000C5F84433094B4FF00042C3F80425034BC0
:108580001C63F0BD4FF0FF30FBE700BF68370020F1
:108590002C9D040000B000400C80004000F0014021
:1085A000314A3249D079324BF0B13248C3F8040530
:1085B00003F56043C3F80C05C3F810152E49C3F842
:1085C00014152E49C3F804152D49C3F808150021C8
:1085D000C3F80012C3F80811C3F80411012119608F
:1085E00003F580334FF00071C3F80415137AA3B379
:1085F000244B0321C3F800152349C3F80815234968
:10860000C3F814150021C3F80011C3F80411C3F80E
:1086100008111F4B4FF48011C3F808154FF40001E7
:10862000C3F808150123D3700021114B91715173C8
:108630000822C3F8602540F25312C3F80411C3F8AE
:108640001411C3F82811C3F81C11C3F83011C3F872
:1086500000221222C3F804237047D379002BD8D10B
:108660000849C1F80035D4E768370020A738002052
:1086700000100040A0370020AC3A002001000001AB
:108680008082002000F000404C8D002078370020D0
:1086900000F001400A4A43F2FF43C2F808330121C7
:1086A0000023C2F800321161064A0749C2F80815D2
:1086B000064A0221C2F88011054AD370704700BFF4
:1086C0000010004000F00140F000B08200E100E046
:1086D0006837002010B51AF0EFFD114B012200247D
:1086E0001A60C3F83425C3F834410CF0CDFF0D4BAC
:1086F000033020F07F42C3F84041C3F840254FF4D7
:108700008032C3F8442303F5A0334FF00042C3F88E
:108710000425054B18631AF0D7FD204610BD00BF95
:108720000C80004000B000406837002083072DE92E
:10873000F04106D0234B244A24484FF4F9711DF030
:10874000E9FE8B684D79B3F800E00A8AAEEB0505C7
:10875000043D0F46AA42944628BFAC462CF0030CB9
:108760003E68A7F806C0A2EB0C02E046444603E0D0
:1087700050F8083046F80830B8F10408F8D5001968
:108780003619032A03D8A5EB0C05AA4202D9FF68C3
:108790007546DFE7FB881344FB8001E0835CB3543C
:1087A000013AFBD50A4C01F1180304F110052246E9
:1087B00003CAAA4218605960144603F10803F6D1AF
:1087C000BDE8F0815C9B0400A79C0400769B04003C
:1087D0008037002010B5154B01289C7A144B05BF3B
:1087E000144AD3F84835D3F84035525C12490CBFCF
:1087F000993328331A44114B1B5D114C28331A440A
:108800000B4BC3F84C250022C3F84C213020012229
:10881000C1F804052260D3F84445D3F84C359C4296
:1088200082BF084BC1F808051A6010BD68370020E8
:1088300000800040309D040000F00140249D0400B1
:1088400044800040101000402DE9F843334F344D70
:10885000344840F201137B812823BB70324B002443
:10886000012643F2FF423E734FF00308C3F8FC4F6A
:10887000C3F8FC6FC3F808232C4AC3F81085C3F86B
:1088800014252B4AC3F81825D3F850263243C3F8D1
:10889000502640F20312C3F82C45C3F83065C3F8E4
:1088A000342540F25B62C3F838254FF0FF39962239
:1088B000C3F844252146C5F808934FF48672C5F8DD
:1088C0000062C5F8084120F057FB1A4B3C61C5F81F
:1088D0000835194BC5F808930422C5F80041C5F8BE
:1088E0000441C5F80841C5F80445144D1E60DE601A
:1088F000C3F80485C3F80045C3F80C2500F098FBC5
:108900000F4985F8014330460DF034FC02232B60FB
:108910003B7803B93E700020BDE8F883683700203B
:1089200000F00040AC3A00200010004008011000A8
:10893000FF0003024C8D00200480004000E100E0B5
:10894000918A0200094B00F1100250F8041B43F811
:10895000041B9042F9D1064B0122DA71054B00222B
:10896000C3F800250222C3F800257047808200204A
:108970006837002000F00040034A0368C2F819304D
:108980004368C2F81D30704780820020024B186196
:1089900059611A76704700BF80820020094B4FF062
:1089A0000072C3F80825A3F57F43F83B01221A6043
:1089B000054A0023C2F80831C2F80035034AD371D2
:1089C000704700BF00F0014000F000406837002011
:1089D000014BC3E90A1070476837002010B540B258
:1089E00000F04CFB044600F043FB024B5C7000209F
:1089F00010BD00BF6837002008B540B200F03EFB54
:108A000008BD0000272810B506D9104B104A1148A0
:108A100040F642011DF07EFD0F4B0C02C3F81C45D1
:108A2000D3F8244524F0FF0444EA1164C3F8244534
:108A30000A4C6161C3F83C25094AA070125CC3F876
:108A40000825C3F85405002010BD00BFD39B0400C7
:108A5000EC9C0400769B0400001000406837002066
:108A6000FC9C0400074A08B501231360D360064B41
:108A70004FF48032C3F84823FFF70CFE034B00226B
:108A80005A7108BD0480004000B0004068370020E3
:108A9000F8B5B04BB04CD3F8047317F0020F47D0C1
:108AA000D3F80421002A43D000250222C3F8045140
:108AB000C3F8082303F5F0333022C3F808250FF07C
:108AC00045FF226BA378A5492262A3760123E576B0
:108AD0006377D1F84455A37AA149A377CB5C20836F
:108AE00028339D4238BF1E35A5EB030538BF02F180
:108AF000FF32284638BF22630CF0CAFD06460CF050
:108B0000CFFD2D1A1F2D206A924B04BF0136002580
:108B10003044C4E90805D3F85025D3F82811F9B931
:108B2000002AF8D143F2FF41C3F80813C3F800222A
:108B3000FB063FD5874BD3F81021002A3AD0D3F853
:108B40000C21E178002A38D1012902D1A279002A2A
:108B500033D0844B844A40F2D55184481DF0DAFC6E
:108B6000237AF3B1824AD37859061AD503F00F035A
:108B7000072B0CBF02230023D91C0A447D49C1F8EE
:108B80001025A1F560410022C1F828217A4A4FF44E
:108B90000000C2F80405627B083302EBC303C1F88E
:108BA0006035764AA17876480FF060FE002878DBC1
:108BB0000123A37100236371F8BD00221020012955
:108BC000C3F80C21C3F81021C3F8080306D002290A
:108BD0006DD06C4B644A4FF4BE61BEE7A0790028AB
:108BE00062D0654A4FF40011C2F80815D3F81C2171
:108BF00022B9654B654A40F2BB41AEE7D3F8482540
:108C0000D3F83031524213F0FF0F22771BD0238B61
:108C100043F080022283E279AAB1564AD2F80411C5
:108C20000029FBD05249097929B1D2F8002412B9A0
:108C300043F0A00323834F4BD3F808311BB1238BA0
:108C400023F080032383454AA17F5148D2F8483559
:108C5000415C5048504E6E335B1AA17A415C4648E5
:108C60005B1A0021C2F840354FF48015C2F840115C
:108C70000121C0F804553160D2F84C65B34205D2E9
:108C8000D2F8403113B9C0F80855617138483B49F2
:108C900003794371C37800F8043F0FF073FE002896
:108CA00088DAFFF7DFFE85E70FF0C2FD82E7E379A0
:108CB000A77A2BB12F4BD3F8081109B1C3F80821BB
:108CC000E36A25790BB1A06A9847022D234E17D18C
:108CD000FFF766FC002239460120FFF77BFD2F4B92
:108CE000D6F84825DB5D6C321344C6F840350023C6
:108CF000C6F84031204B4FF40012C3F8042559E761
:108D0000032D57D1254BDD5D94F83630002B47D02D
:108D1000D6F84835A08E1844A37A1E4AD35C283D65
:108D2000ED1A0E4B28440022C3F84005C3F8402139
:108D30001948114A4FF480110125C2F80415056045
:108D4000D3F84C05D3F8403598427FF633AFC2F8DC
:108D500008152FE700100040683700200080004011
:108D6000249D0400EC9B0400E09C0400769B04001E
:108D7000A438002000F0004000F0014080370020BF
:108D8000A73800203E9D0400629C0400CD9C040096
:108D9000289D04002C9D04004C800040309D040060
:108DA0003846D6F8446514F0A1FFA38E33442B4413
:108DB000181AB1E70B4A0123136033610A4B3022C2
:108DC000C3F808254FF48012C3F808254FF000427D
:108DD000C3F80825002D3FF4EDAE044B044A40F2E1
:108DE0008A41BAE60480004000F00140819C040002
:108DF000BA9C040010B5094C4FF40013C4F80835B0
:108E00000122FFF781FB18B1FFF72CFE052010BDF2
:108E10004FF48013C4F80435F9E700BF00F00140B7
:108E200010B5FFF761FB0E4AD2F85015134649B151
:108E3000D2F8502502F00702022A03D0FFF712FEF3
:108E4000012010BD002443F2FF42C3F80823C3F8F9
:108E50000C41C3F81041FFF7A3FB2046F1E700BF28
:108E60000010004038B50C4D4FF48013C5F808359C
:108E70000022FFF749FB68B1FFF72CFC01244FF4F7
:108E80000013C5F80435FFF7CBFF10B9002C18BF4D
:108E9000062038BD0446F2E700F001400B4A08B551
:108EA00001231360D3600A4B4FF48032C3F8482388
:108EB000FFF7F0FBFFF70EFC064B4FF40012C3F870
:108EC0000425BDE80840FFF7ABBF00BF04800040A9
:108ED00000B0004000F001402DE9FF41334C8046D6
:108EE0006079164628B1FFF7BDFD052004B0BDE846
:108EF000F0810191FFF7F8FA2D4B2E4F01993022A6
:108F0000C3F808254FF40002C3F808254FF000729B
:108F1000C3F80825E279A3F58033002A3CD001226A
:108F2000C3F80022244D254AC3F80C55C3F8107528
:108F3000C3F814254FF08072C3F80801C3F8042564
:108F40001F4AC3F808250DF10F02E81CC0479DF821
:108F50000F302B700023AB70E379687013B1194B9D
:108F600001221A60184900230322C1F80475C1F8D0
:108F70000031C1F80C31C1F81031C1F800221022C3
:108F8000C1F8042326716072D1F850250B2A08D04D
:108F90000222E2701846A9E70C4AC3F808253D46AC
:108FA000D1E7FFF75FFD0120A0E700BF6837002091
:108FB00000F00140A8390020A0370020AC3A002082
:108FC0008082002000F00040001000404C8D002006
:108FD000014B5869704700BF68370020014B9879F2
:108FE000704700BF68370020024BD3F85005C0B26D
:108FF000704700BF00100040FB207047044B1A78F8
:10900000044BC3F80425044B01221A72704700BFB9
:10901000488D002000F0004068370020014B0022FE
:109020001A727047683700201DF0E2BA1DF01CBBB1
:109030000D4B4FF08062C3F804254FF00062C3F877
:1090400004250A4AC3F8302502F5DE424832C3F847
:10905000342502F58072C3F83825A2F5E2423C3A85
:10906000C3F83C25704700BF00F0014004110040E8
:10907000014BC3F80C0570470010004007281ADCAC
:1090800025D0062823D0052821D004281FD0032866
:109090001DD0002811DA031D11DA10F1080F11DAC2
:1090A00010F10C0F11DA10F1140FB4BF6FF027009C
:1090B0006FF01300704708207047002070476FF072
:1090C000030070476FF0070070476FF00B007047A8
:1090D000936813B5186814460BF08CFB28B91F4B26
:1090E0001F4AF1211F481DF015FAB0F5285F08D07E
:1090F00042F6012398421CD01B4B194A4FF494713D
:10910000F0E7237863B9194820F05DF9174982B276
:1091100060680CF0C8FB002818BF112002B010BD19
:10912000012B114B02D1124A8721DBE70C4AFA21AD
:10913000D8E723783BB90F4B1B88ADF806300222E5
:109140000DF10601E4E7012B08BF0B4A064B16BFE1
:10915000034AB02140F20511C4E700BF349D04006A
:10916000F69D0400409D04003E9D040080340020D4
:10917000AD9D0400B83B0020D29D040037B501909E
:1091800020F021F91F2804460AD8064D019902460D
:1091900028461FF0C9FE00232B55184603B030BDEA
:1091A0000320FBE78034002008B50A4805F0B8FF2B
:1091B00030B1094B094A40F26F1109481DF0AAF974
:1091C000044805F085FF20B1034B044A4FF4B97100
:1091D000F3E708BD1C9E0400A59D0400099E040041
:1091E000409D040010B51478134634B904495868FA
:1091F00001220CF058FB204610BD0320FCE700BF05
:10920000BE3B002037B5137815467BB901220DF11E
:10921000070105F06DFD044678B9686801220DF17B
:1092200007010CF040FB204603B030BD012B06D1F6
:10923000516805F07BFD0446F5E70E24F3E70024B2
:10924000F1E7000070B5147815462CB1104B114AA7
:10925000942111481DF05EF9506804210CF042FD84
:10926000064690B1AA680D4B9A4203D00C4B094AAE
:109270009C21EEE70B4B19880CF02EF90A4BB01C21
:1092800019880CF029F9204670BD0620FCE700BFC4
:109290003C9E0400019F0400649E0400B034002042
:1092A000CB9E0400C03B0020BC3B0020034B188039
:1092B000034B1980034B188805F0C8BCC03B002045
:1092C000BC3B0020BA3B002008B5094805F028FF48
:1092D00028B1084B084AE72108481DF01BF904484B
:1092E00005F0F6FE18B1034B034AEA21F4E708BD86
:1092F000289F0400A59D0400159F0400649E04009F
:109300002DE9F34110F0400805460E4617461C466D
:109310000ED11868018A0CF071FB0623CDE9008399
:1093200022682B463946304600F0DAFEC4F8008049
:1093300002B0BDE8F08107F0EEBA7047172938BFD8
:1093400017218181704710B5044607F015FE30B132
:10935000A38923B16089984228BF184610BD172001
:10936000FCE710B50C46FFF7EEFF218A0B1A002B25
:1093700005DD411A2046BDE810400CF03FBB10BD92
:109380001FB5CDE9001006F09FF8DDE9001002AB33
:1093900003AA07F0C0FA40B90298FFF7D4FF0446C9
:1093A00006F094F8204604B010BD0024F8E7000051
:1093B00008B507F0C1FD38B104230381C380034B16
:1093C0001B884381024B836108BD00BFC23B002064
:1093D0003D94020002381E2811D8DFE800F0121078
:1093E000121012101210121012101210121012106D
:1093F0001010121012101010101210101200002075
:109400007047012070470138202812D8DFE800F0AB
:10941000131113111311131113111311131113112C
:109420001311131111111311131111111113111122
:109430001300002070470120704700002DE9FF4114
:10944000044607F0C9FD4FF6FF73984205463BD02E
:10945000206926890DF107030122002104F110077C
:109460000CF0A6FA70BB042E16D19DF80700FFF78A
:10947000CAFF88B106F028F802AA03AB3146284695
:1094800007F061FA024638B90298039980F874200F
:1094900000F08EFB06F01AF89DF80700DFF86080F8
:1094A000002398F80020904210D004D301331F2BE2
:1094B00008F10808F5D13B4632462946FFF720FF60
:1094C000082418E0042416E0072414E02069012190
:1094D0000CF094FAD8F804303A46314628469847BA
:1094E000044640B1082C06D19DF807003B463246A1
:1094F0002946FFF705FF204604B0BDE8F08100BF14
:10950000489F0400024B4FF480721A80002070477D
:10951000C23B0020F8B506460F461046042115460A
:1095200007F0DAF9044640B92B681A683946D3784F
:10953000B2F80120304604F02DFB2046F8BD30B5CE
:10954000162985B005460C463BD905F0BDFF01AB99
:1095500002AA04212846FFF7EEFE28B105F0B6FF67
:109560000724204605B030BD019B9B7BDB0709D457
:1095700005F0ACFF022103AA084600F006FB28B95B
:109580000624EEE705F0A2FF0224EAE70480039A2E
:109590000421284600F04EFB04460028E1D105F0E6
:1095A00093FF01AB02AA04212846FFF7C4FE04463C
:1095B00020B9019A937B43F00103937305F086FF72
:1095C000CFE70324CDE7F7B506460F461046022144
:1095D000154607F081F9044630BB2B681D6805F07D
:1095E00073FF224601AB39463046FFF7A4FE04461E
:1095F000C0B929880198FFF7A1FE0198FFF7A3FEE3
:10960000054605F063FF24B92A460421304603F0DD
:10961000B2F830462B462246042104F0D5FA204603
:1096200003B0F0BD0025ECE70025F2E7F7B50646EC
:109630000F461D46144682B19A420ED8042101AA53
:10964000084600F0A2FA50B104804580019A3946DC
:10965000304600F0EFFA03B0F0BD0320FBE7062030
:10966000F9E72DE9F047074686B088461046012104
:10967000144607F031F9054640B920680121D0F8B9
:1096800000A00CF0BBF923681B8A43B938462A4670
:10969000414604F0E6FA284606B0BDE8F0879AF89D
:1096A0000060012E1CD0022E25D14FF01209494630
:1096B000204607F011F918BB236818680BF027FF44
:1096C000012EADF800000ED0022E16D020684946BB
:1096D0000CF094F96A464146384604F099FAD2E70C
:1096E0004FF00409E3E702231A46216801A80BF0B2
:1096F000A3F80028EAD00A25C8E710233246F4E789
:109700000546C3E72DE9F341DDF8288006460F46FC
:109710001D461446D2B19A4218D801AA08F1060192
:10972000062000F032FA98B1BDF820300999048083
:1097300045808380424606301FF0F6FB019A394689
:10974000304600F077FA02B0BDE8F0810320FAE776
:109750000620F8E773B505460E46144623681A8AB4
:1097600032B92846314604F0C9FA002002B070BD73
:109770000421204607F0B0F8B0B920680368597892
:109780001A7842EA0122ADF804209A78DB780421A5
:1097900042EA0323ADF806300CF030F901AA314655
:1097A000284604F080FAD9E70A22DAE72DE9F341E6
:1097B000DDF8208006460F461D461446C2B19A4287
:1097C00016D840460BF074F801AA011D082000F0DD
:1097D000DCF978B1011D0480458040460BF03EF86D
:1097E000019A3946304600F025FA02B0BDE8F08112
:1097F0000320FAE70620F8E72DE9F043064685B096
:109800000F4610460121144607F066F8054670B968
:109810002068036893F8008001210CF0EFF8B8F19C
:10982000010F28D9A8F1020923681B8A43B93046E1
:109830002A46394604F09EFA284605B0BDE8F08372
:109840004146204607F048F8B8B923681B685978A4
:109850001A78CDF8089042EA0122ADF804200233CC
:109860003946304601AA039304F06CFA2068414659
:109870000CF0C4F8D8E70A25D9E70546D7E773B551
:1098800005460E4614466AB101AA02210A2000F0DC
:109890007CF948B10480019A3146284600F0CAF9A3
:1098A00002B070BD0320FBE70620F9E708B51346B8
:1098B000002204F0C9FA002008BDF7B505460E469F
:1098C0001F46144672B101AA04210C2000F05DF974
:1098D00050B104804780019A3146284600F0AAF929
:1098E00003B0F0BD0320FBE70620F9E708B51346F7
:1098F000002204F0C1FA002008BD13B5002413466D
:109900000094224604F0CBFA204602B010BD082095
:1099100070472DE9F341DDF8208006460F461D46CD
:109920001446C2B19A4216D840460AF0C1FF01AAB5
:10993000011D102000F029F978B1011D0480458037
:1099400040460AF08BFF019A3946304600F072F922
:1099500002B0BDE8F0810320FAE70620F8E72DE920
:10996000F043064685B00F4610460121144606F026
:10997000B3FF054658B920680368012193F80080B9
:109980000CF03CF8A8F1040923681B8A43B930465F
:109990002A46394604F034FA284605B0BDE8F0837B
:1099A000B8F1040F21DD4146204606F095FFF0B9DD
:1099B000236818680BF0ABFD2368ADF80400186845
:1099C00002300BF0A4FD2368ADF806001B68CDF84B
:1099D000089004333946304601AA039304F0E2F9B3
:1099E000206841460CF00AF8CEE70425CFE705468B
:1099F000CDE708B504F06DFA002008BD2DE9F3416C
:109A0000089D074688461C46164602B32B8A234407
:109A1000B3F5007F1BDCFFF7B3FC2B8A04389842B8
:109A200015DD01AA0421162000F0AFF8A0B1448092
:109A30000680294601980CF039F9019A41463846CA
:109A400000F0F8F80446204602B0BDE8F081032497
:109A500028460BF015FFF6E70624F9E72DE9F74352
:109A600006460F4610460421154606F035FF04460B
:109A7000A0B9286803680421B3F80090B3F8028005
:109A80000BF0BCFF3046CDE900854B4622463946F7
:109A900004F030FA204603B0BDE8F0834FF0000830
:109AA000C146EFE773B504460D461646012101AAEB
:109AB000182000F06AF838B10670019A294620464D
:109AC00000F0B8F802B070BD0620FBE708B5002230
:109AD00004F02EFA002008BD73B5064615460C4664
:109AE00099B101AA02211B2000F04FF890B1048027
:109AF000294601980CF0DAF8019A0421304600F06A
:109B000099F80446204602B070BD032428460BF0A5
:109B1000B7FEF7E70624F9E7F7B506460F461D46F8
:109B200014469AB101AA02211D2000F02EF890B12E
:109B30000480294601980CF0B9F8019A394630465C
:109B400000F078F80446204603B0F0BD0324284610
:109B50000BF096FEF7E70624F9E708B504F000FAE3
:109B6000002008BD013170B589B206461046154681
:109B70000CF0B8F8044620B928460BF081FE2046C8
:109B800070BD2C6804F8016BF9E737B5154604463B
:109B9000019106F087FE0246286030B10199204607
:109BA00003B0BDE83040FFF7DDBF03B030BD0000BB
:109BB00070B505460E4614465AB990F87430C3B9CC
:109BC000C46EB4B16368C36613B900F16C03036774
:109BD000103C23681878FFF7FDFB78B195F87430D6
:109BE0004BB1002363612B6F04F1100214341A602F
:109BF0002C67002070BD012385F874302368187825
:109C0000FFF79BFB21463046FFF7ABFB2246314670
:109C1000284607F083FA0028EBD0034B034A044898
:109C20005B211CF077FC00BFA59D040098A00400F8
:109C300040A0040030B585B01546019005F044FC05
:109C4000019802AB03AA042106F07DFE044638B158
:109C500005F03CFC28460BF013FE204605B030BD55
:109C6000DDE902102A46FFF7A3FF044605F02EFCAB
:109C7000F3E710B5144606F02FFE06280CBF11239B
:109C8000002304B1237010BDF8B5069F1D463B7834
:109C9000102B038A16460CBF0622142213448B4253
:109CA00011DC11460CF01EF8044670B131460BF081
:109CB00013FC2946A01C0BF00FFC211D38460AF0AE
:109CC000CDFD0020F8BD0420FCE70620FAE70000E7
:109CD00010B5034C20681AF0A6FF0023236010BDC6
:109CE000C43B002013B50C46019005F0EDFB019834
:109CF00005F086FE836D236002B0BDE8104005F0DC
:109D0000E5BB00002DE9F0470646147AA0B01746DF
:109D10001D468846A1B1E00705D402232B70102010
:109D200020B0BDE8F08704F0040A04F0080904F04C
:109D3000100444EA090353EA0A030CD10020EFE7B8
:109D4000A10701D40323E9E704F0200A04F0400945
:109D500004F08004EDE769463046FFF7C3FF364B59
:109D60005B7A13F0100F9DF8003011D003F003025E
:109D7000032A04D005232B7040F20510D0E703F02E
:109D8000F802802A04D00C232B704FF48670C7E7AA
:109D900059EA0A0231D013F0010A29D105F094FBE7
:109DA000304605F015FE78B103A905F047FEDDF851
:109DB0001300BDF817209DF819308DF80BA0019005
:109DC000ADF808208DF80A3005F080FB0AA901A83B
:109DD0000AF02DFB50B99DF8503013F0010F0CBF65
:109DE00005200F20287000F5807099E70520F9E71D
:109DF000B9F1000F01D09A07BCD57A7AB2EBD30F34
:109E0000C1D8002C9AD005F05FFB304605F0E0FD8C
:109E1000044605F05BFB94F85930DB078ED4798952
:109E20004246304602F0D7FC022887D108232B7027
:109E30004FF4847074E700BF403500202DE9F041F5
:109E400086B00546039300238DF817304FF6FF7355
:109E500098420C9F0C4616460FD12369019303AB21
:109E60000093D4F80C806189334601222846C0470C
:109E700078B18DF81700092007E00A460DF11703A5
:109E80000121FFF73FFF0028E7D017B19DF81730F9
:109E90003B7006B0BDE8F08173B504460DF10600D5
:109EA00015461E460BF018FB02220DF10601204656
:109EB0000BF0F9FC20B111233370062002B070BD05
:109EC00029460DF106000BF007FB02220DF10601F9
:109ED00020460BF0E8FC0028EDD10120EEE7000061
:109EE00010B5044640B180680BF0CAFC2146034817
:109EF000BDE810400CF096B810BD00BF343C002007
:109F0000F0B51D4685B04FF6FF730C4698424FF0F2
:109F10000001064617468DF80F100DD1236961899F
:109F2000CDE900730222E76800233046B84750B1FC
:109F30008DF80F00092006E00DF10F032246FFF710
:109F4000E1FE0028EAD015B19DF80F302B7005B066
:109F5000F0BD2DE9F04385B00446DDF8349003915F
:109F600090461F4606F09EFC054600B30346039943
:109F7000CDF8009020460022FFF760FF044630B97C
:109F80002E8A46450AD90E2389F800300424284633
:109F90000BF076FC204605B0BDE8F0833B46014659
:109FA000324628460BF004FD0C9B1E80EFE706248A
:109FB000EDE700002DE9F041804612480F461646B5
:109FC0001D460CF008F80446B8B10F4BC0F80480E9
:109FD0001A880772013292B21A80069BC360079BEF
:109FE00003610A4B467259684281002020600C6070
:109FF0005C6025B12A80BDE8F0810620FBE7284699
:10A00000F9E700BFC83B0020EC3B0020F03B0020FC
:10A01000014B1888704700BFEC3B0020044A034600
:10A02000106800B9704742899A42FBD00068F8E78F
:10A03000F03B002037B50546084601921C46FFF765
:10A04000EDFF019A014628B90CB1012323700520C8
:10A0500003B030BD2346284603B0BDE83040FFF7CB
:10A060004FBF000070B50D46164640B90A4B1C683C
:10A070001CB16389B34204D90024204670BD046832
:10A08000F6E7002DF9D0606829460AF098FB002811
:10A09000F3D02468ECE700BFF03B0020026822B157
:10A0A0004068401A20EAE07070476FF00040704747
:10A0B00037B504460846CDE90032FFF7AFFF069DED
:10A0C000DDE90032014628B90DB101232B700520CE
:10A0D00003B030BD204603B0BDE83040FFF7AEBE50
:10A0E0002DE9F84304460D4601200421BDF82090D7
:10A0F0009DF8248016461F46FFF734FD58B10770BF
:10A1000080F80380A0F80190324629462046BDE839
:10A11000F843FFF78FBD0620BDE8F8832DE9F34132
:10A1200006469DF824800F461C46154642B1B8F1FC
:10A13000000F1DD05BB1218A20460BF05FFC0AE0C6
:10A140001A46FFF777FD054688B14FF00E0806F076
:10A15000A9FB044660B1BDF828300093CDF8048017
:10A160009DF82030224639463046FFF7B9FF0024DB
:10A1700020460BF085FB284602B0BDE8F0812DE9B2
:10A18000F043042989B006460D4690464FF0000979
:10A190006AD10DF1170202214046FFF76AFD04461D
:10A1A00000285ED1D8F800301B681F888DF8170092
:10A1B00005F08AF9224607AB29463046FFF7BBF87F
:10A1C000044610B9079BB3F80A9005F07FF9002CFC
:10A1D00045D1D8F80050C8F80040298A28460BF02D
:10A1E0000DFC2A4602210320FFF7BCFCA0BB112373
:10A1F0008DF817300624002302939DF81730019341
:10A200000223009322462B4604213046FFF786FFA7
:10A210000446E8B905F058F906AB07AA0421304610
:10A22000FFF789F8044658B939460698FFF786F8CB
:10A230000698837B43F001038373FFF784F8074696
:10A2400005F044F924B93A460421304602F093FA65
:10A25000204609B0BDE8F083A0F80090CBE70025C8
:10A26000C9E74D464F46C6E70824F1E72DE9F04F10
:10A2700016468BB081468A4600240DF12702042140
:10A2800030468DF82740FFF7F4FC0546002876D1CC
:10A2900034682368B3F800805B880593984502D83A
:10A2A000B8F1000F14D101238DF8273000240A25BE
:10A2B0009DF82730019304230093CDF808802346AE
:10A2C0002A4651464846FFF729FF0BB0BDE8F08FFC
:10A2D000218A306020460BF091FB224601210520A7
:10A2E000FFF740FC074620B911238DF827300625DB
:10A2F000DEE751464846FFF743F8224B3D701E68A3
:10A300000690AB461EB17389059A9A4205D2BBF1FD
:10A31000000F16D04FF00008CAE798452DD8716895
:10A320003B780978102914D183B901233B700421AB
:10A33000238A069A0B449342E9DC20460BF0D2FCB8
:10A3400080B90A238DF827300525B1E7012BEED01F
:10A35000DDE723B94FF002033B701221E8E7022B3F
:10A36000FBD0D4E7718907900BF0B6F8079B7068B3
:10A37000991C0AF073FA0BF1010B3668C2E7A0468C
:10A3800096E700BFF03B00202DE9F04F2DED028B4A
:10A3900014468FB082468B4600250DF1210206211E
:10A3A00020468DF82150FFF764FC0646002840F057
:10A3B000DA8023681B685A88B3F8008005929045BC
:10A3C00002D8B8F1000F16D101238DF821300025F5
:10A3D0000A269DF82130019306230093CDF80880CA
:10A3E0002B46324659465046FFF798FE0FB0BDEC5B
:10A3F000028BBDE8F08F9F8806F054FA054650B1F5
:10A40000024631460720FFF7ADFB60B911238DF8F6
:10A4100021300626DDE7112325688DF821302660DE
:10A4200006242646D5E759465046FEF7A9FF23687D
:10A43000ADF8267008EE103A10238DF824304C4BFE
:10A4400006901F68B146344697B9C4B12B8A069965
:10A450001A1D914214DB21460DF121034A4628467C
:10A46000FFF71AFD0128044609D0002CD9D106E0D7
:10A470007B89984515D854B9059A9A4241D22B8ABE
:10A48000012B72D80A238DF821300524C9E79DF8E5
:10A490002430102B20D17A681378102B03D0B7F812
:10A4A0000A903F68D0E709A807920AF0A3F942F69C
:10A4B00001018842079A0BD8B0F5205F0CD31046F3
:10A4C0000AF098F9A0F5205080B20128E7D803E0FF
:10A4D00042F60301884237D02B8A069A04339A4207
:10A4E000CDDB21460DF121034A462846FFF7D4FC77
:10A4F00001280446B9D17B89059A9342BFD84FF011
:10A500000009786809A90AF05AF950BB0DF1210336
:10A5100001930DF12203009310220AAB39465046F5
:10A52000FFF717FD044600287FF47BAFBDF822300B
:10A5300018EE100A0AAA06210BF0ACFA0028B0D1D6
:10A54000B7F80A904C46ACE7079010460AF052F96B
:10A55000A0F5205292B2012ABED9079B98429ED103
:10A56000BAE700249DE7A84633E74FF0000830E73C
:10A57000F03B00202DE9F04F13682DED028B1E8A71
:10A5800097B00025062E08EE101A814617468DF862
:10A590002D5001D0142E13D10DF12D0A5246314603
:10A5A0003846FFF766FB044650BB39680B681D88C8
:10A5B0005B8808939D4200D8B5B901238DF82D30F2
:10A5C00000260A249DF82D3001930823009318EEED
:10A5D000101A0295334622464846FFF79FFD17B0F2
:10A5E000BDEC028BBDE8F08F0DF1440B331F04224C
:10A5F00058460AF021F9044628B104248DF82D406C
:10A6000000252E46DEE73E688DF82D00318A386041
:10A6100030460BF0F3F9324601210920FFF7A2FA88
:10A62000059030B91123059D8DF82D300620044684
:10A63000C8E718EE101A4846FEF7A2FEA04606909C
:10A6400007942746CDF824A03846089A5946FFF7C4
:10A6500009FD0746002855D04389AB42F4D3099B36
:10A6600001930DF12E03009301460CAB13224846D3
:10A67000FFF76FFC60B17D89079B73BB9DF82D30A0
:10A6800013B90A238DF82D300028D0D1052499E77D
:10A69000069BBDF82E20033B9342DEBF069B043B86
:10A6A000ADF82E30BDF82EA0B8F1000F01D0D04586
:10A6B000E2D1328A069B02325244934224DB0AF1F1
:10A6C000020189B230460BF00DFB78B9079B7D89FA
:10A6D00011228DF82D20CBB1D04600238DF82D30DE
:10A6E000059B08F1020883F800806BE77A8920F85F
:10A6F000022B0CA9BDF82E201EF016FC0123D0461B
:10A700000793A1E70520B7E7D046B5E706208EE717
:10A710002DE9F04786B017460DF1170A80468946A5
:10A7200000265246022138468DF81760FFF7A1FA3D
:10A73000044650BB3D682B68298A1E88386028462D
:10A740000BF05CF92A4621460B20FFF70BFA90B973
:10A7500011238DF8173006249DF8173001930A2332
:10A76000009302962B46224649464046FFF7D6FC08
:10A7700006B0BDE8F0872246CDF800A02B46314652
:10A780004046FFF795FC0446E6E73546E4E72DE949
:10A79000F04F87B017460DF1170A8046894600260C
:10A7A0005246042138468DF81760FFF762FA0446D6
:10A7B00060BB3D682B68298A1E88B3F802B03860F8
:10A7C00028460BF01BF92A4621460D20FFF7CAF94F
:10A7D00090B911238DF8173006249DF81730019396
:10A7E0000C23009302962B46224649464046FFF72B
:10A7F00095FC07B0BDE8F08FCDF800A02B465A4677
:10A8000031464046FFF754FC0446E6E73546E4E7A8
:10A810002DE9F04F87B000240F46154606468DF807
:10A820001740FEF7ADFD804606F03CF8814698B132
:10A83000024621460F20FFF795F9044678B10DF145
:10A84000170B2B681B8A012B03D9B9F8103043452D
:10A8500019D30024A24607E0D5F800902C601123FC
:10A860008DF817304FF0060A9DF8173001930E232C
:10A87000009302944B46524639463046FFF74EFC51
:10A8800007B0BDE8F08F5A4602212846FFF7F1F9DC
:10A890008246A0B92B6818680AF039FE02210446E6
:10A8A00028680BF0ABF85246CDF800B04B46214675
:10A8B0003046FFF7FDFB82460028C2D0D4E70024D3
:10A8C000D2E72DE9F04F89B000248946174680462B
:10A8D0008DF81D40FEF754FD824605F0E3FF054666
:10A8E00050B1024621462120FFF73CF9C0B911239F
:10A8F0008DF81D30044604E011233D688DF81D30AD
:10A900003C6006229DF81D300193202300930294A1
:10A910002B4649464046FFF701FC09B0BDE8F08FE1
:10A92000214602200AF082FF0DF11D0B06463B680E
:10A930001B8A012B02D92B8A534502D300242246BD
:10A9400036E05A4602213846FFF793F9024670BBBB
:10A950003B68059018680AF0DAFD02210446386861
:10A960000BF04CF8059ACDF800B03346214640462E
:10A97000FFF79EFB0246D8B9338AADF81E3002229B
:10A980000DF11E0128460AF08EFF024690B9BDF86F
:10A990001E30002BCBD0314628460AF0E2FF02469B
:10A9A00040B9BDF81E1030460BF028F8BFE7002470
:10A9B000002EA7D0304605920AF062FF059AA1E763
:10A9C0002DE9F04F13682DED028B8946198A97B057
:10A9D0000025062908EE100A17468DF81D5001D0F3
:10A9E000142913D10DF11D023846FFF742F9044630
:10A9F000002840F0DF8039680B681D885B8804936D
:10AA00009D4200D8B5B901238DF81D3000260A24D7
:10AA10009DF81D3001931023009318EE100A029543
:10AA2000334622464946FFF779FB17B0BDEC028B4F
:10AA3000BDE8F08F0B8A0DF1300B043B0422584621
:10AA400009F0FAFE08B10423DEE70590584609F044
:10AA5000D1FEA0F5205080B20128059B05D9102316
:10AA600026468DF81D301C46D2E7494618EE100ADE
:10AA700005938DF81D40FEF783FC3E683C60318AEB
:10AA8000824630460AF0BAFF324601211120FFF714
:10AA900069F8059B804620B911238DF81D300624E6
:10AAA000B6E7484A037017681C461A4697B9002A49
:10AAB0006CD04FF6FF7411AB0093514623463046DD
:10AAC000FFF7E2F8062808BF1123044608BF8DF8F7
:10AAD0001D305CE07B899D420ED8049999426CD36D
:10AAE000E2B17868059209F085FEA0F5205080B2A9
:10AAF0000128059A02D97C893F68D7E711AB0093FA
:10AB0000514623463046FFF7BFF8044630B10628C9
:10AB10007D8921D111238DF81D3079E77868594658
:10AB200009F04DFE00283FD10DF11D0301930DF1F9
:10AB30001E030093102208AB39464FF6FF70FFF753
:10AB400008FA044638B9BDF81E2008A911A809F072
:10AB500012FE044620B17D89042C08BF002457E76B
:10AB600098F80030062B0DD0142B18D07BB99DF827
:10AB70004430102B0CBF0623142388F800307A8948
:10AB80001446B9E79DF84430102BF8D00024338ADE
:10AB9000022B0BD80A238DF81D30052438E79DF8C9
:10ABA0004430102BEBD1F1E70022A5E7002C3FF455
:10ABB0002FAFD1E700252E462AE7002A7FF47BAF8E
:10ABC000E4E700BFF03B00202DE9F043904687B05A
:10ABD00006460F4600250DF11702022140468DF86A
:10ABE0001750FFF746F80446A8BBD8F800301B689A
:10ABF000B3F8009005F056FE0546C8B1024621465E
:10AC00001320FEF7AFFFC0B911238DF817300624CB
:10AC10009DF81730019312230093CDF808902B462E
:10AC2000224639463046FFF779FA07B0BDE8F0838F
:10AC3000D8F80050C8F80040E6E7D8F80000022134
:10AC40000AF0DCFE0DF11703424649463046FFF795
:10AC5000F1F90446DCE7A946DAE773B51446054680
:10AC60000DF1070202212046FFF703F860B92068C2
:10AC700003681E8802210AF0C1FE0DF10703224677
:10AC800031462846FFF7D6F902B070BD2DE9F047EE
:10AC9000B0B00FA98046164600F0ACFC0446002870
:10ACA00040F08B808DF80F000546DDF84700BDF8B9
:10ACB0004B209DF84D3002901AA902A8ADF80C2047
:10ACC0008DF80E3009F0B3FB044600286ED19DF8D4
:10ACD000B25015F0010572D00DF107020221304685
:10ACE000FEF7C7FF0446002863D130680368018A75
:10ACF000B3F800900C2204AB0C390AF059FE6FF047
:10AD00000B0130680AF07AFED6F800A0BAF810708D
:10AD10000537BFB2384619F080FF0346D22203F848
:10AD2000012B05462146BAF8102050460AF040FE95
:10AD300033682D9A1B8A2B443946C3F801202846D4
:10AD40000AF0F3FB10220DF1A2010BA80AF0FEFBA2
:10AD50002146102207A81EF00FF907AB3A462946F4
:10AD60000BA808F040FB044600BB102107A80AF01E
:10AD7000DCFB04222DA904A81EF0C8F8F8B90822AB
:10AD800009A905A81EF0C2F8C8B9404607F0EBFCB7
:10AD9000044658B9306802210AF030FE0DF107036D
:10ADA000324649464046FFF745F90446284619F021
:10ADB0003AFF204630B0BDE8F0870025F6E71724BB
:10ADC000F4E710B50446206800B910BD036823609D
:10ADD000FFF786F8F7E700002DE9F04F2DED028B25
:10ADE00016468BB008EE101A07464FF0000B0DF117
:10ADF0002702042130468DF827B0FEF73AFF0446BB
:10AE0000002840F09C8033681D68B5F800904846E3
:10AE1000FFF704F98046B0B901238DF827300524E7
:10AE20009DF8273001931623009318EE101ACDF8E1
:10AE30000890434622463846FFF770F90BB0BDEC48
:10AE4000028BBDE8F08F024621460DF127033846FC
:10AE5000FEF758FF0446002874D104F035FBB5F81E
:10AE600000B0D6F800A01FFA8BF306936B88ADF8FC
:10AE7000143038469BB2079304F0C2FD8046324836
:10AE80000BF0A9F80546A0B909238DF82730062450
:10AE900004F01CFB0023D6F800803360002CBFD1E7
:10AEA000012140460AF085FED8F8003017221A70BA
:10AEB000B6E704604460846005F0F4FCA86020B943
:10AEC0002846FFF70DF81123DFE7BDF81430EB80BB
:10AED000BAF81030A5F804B0043B9BB204225146E6
:10AEE0000AF03FFD044630B12846FEF7F9FF09237A
:10AEF0008DF82730CCE7D8F844C0024663461BB132
:10AF00009888069981420ED2AAB9C5F800C0C8F83F
:10AF1000445019F0A1F800F5EA403030C8F8480074
:10AF200004F00AFBB4E703D1D88807998842EBD82C
:10AF30001A461B68E3E713682B601560E9E7D946FA
:10AF4000D8466DE7D8466BE7343C00202DE9F04F3A
:10AF5000154689B081468A460DF116020121284620
:10AF6000FEF787FE0446002840F083802F683B6888
:10AF7000398A1E78286038460AF040FD3A46214654
:10AF80001920FEF7EFFD002876D1112325468DF814
:10AF9000163006249DF8163001931823009302956D
:10AFA0003B46224651464846FFF7B8F809B0BDE88F
:10AFB000F08F069E224606BB069D002D35D0AD883B
:10AFC0004FF0000BDDF81880B8F1000F39D128469A
:10AFD000CDF81CB0FFF722F80DF11703014607AAC0
:10AFE0004846FEF78DFF804607980AF049FCB8F105
:10AFF000000FE1D09DF8174017E0F1881AB1B5882D
:10B000009088A84203D041B1B58807240DE090682C
:10B01000D288008A02448A42F7D1B268128A0A446E
:10B02000B2F5007F0ADDB5880D24002C8DF816409E
:10B0300018BF092406A8FFF7C4FEABE732463668FE
:10B04000B9E7B8F80430AB42C1D1BBF1000F0AD167
:10B05000D8F808B0069BC8F808601B6806934046FD
:10B06000FEF73EFFAEE7D8F8081058460AF01EFE7D
:10B07000F0E700273D468DE704F026FA484604F045
:10B08000BFFC436C4464069304F020FA002E90D178
:10B090002546CFE7F7B51546064600220221284689
:10B0A000FEF7E7FD0446A8B92B681B681F889FB10F
:10B0B00001A93046FEF716FE286802210AF09EFC20
:10B0C0002A6823463946304601F0D7FA2C602046DC
:10B0D00003B0F0BD0624FAE70A24F8E70820704719
:10B0E0002DE9F043154687B08046894600220221AB
:10B0F0002846FEF7BEFD044660B92B681B681F8812
:10B1000067B105F0CFFB064660B92E682C601123AD
:10B1100006241EE000231E461F461AE03B463E461C
:10B120000A2416E0024621461E20FEF71BFD0028D9
:10B13000EDD005A94046FEF7D5FD286802210AF0AA
:10B140005DFC01232A683946404601F096FA2C60DE
:10B150002346CDE901371D23009322463346494655
:10B160004046FEF7DBFF07B0BDE8F08338B50D4C75
:10B170000D4D216831B90D4C0B4D216851B90C4B67
:10B18000198038BD0B68236003B9646028460AF053
:10B1900049FFEEE70B68236003B9646028460AF0B4
:10B1A00041FFEAE7F03B0020C83B0020E43B0020E1
:10B1B000EC3B002037B5FEF78BFD0F4B1C881CB90C
:10B1C0000024204603B030BD142505FB04F019F01F
:10B1D00024FD0A4B186068B1094B00932A460346C8
:10B1E000214608480AF0B2FE0028E9D00B24FEF7F9
:10B1F0006FFDE6E70624FAE7F4820020C43B002056
:10B20000ADA00400C83B002007B50B4B00930B48D2
:10B210000B4B0C2205210AF099FE50B9094BC3E9EA
:10B220000003094BC3E90003084B188003B05DF825
:10B2300004FB0B20FAE700BFC4A00400343C00204C
:10B24000F83B0020F03B0020E43B0020EC3B0020DA
:10B2500038B5064B1C6805460CB9204638BDD4E904
:10B26000003128469847A468F6E700BF503C00200C
:10B2700070B588B001AE0C463146054604F0DEFBE1
:10B2800096E8030004F10803606023F8021B090C30
:10B290001970DDF80B30C4F80B30BDF80F30A4F88E
:10B2A0000F309DF811306374DDF81230C4F812309D
:10B2B000BDF81630E3829DF818302376DDF819309A
:10B2C000C4F81930BDF81D30A4F81D309DF81F30AA
:10B2D000E377AB882384AB8B6384EB8BA3842B8CC9
:10B2E000E38495F8223084F82930AB6D236095F81B
:10B2F0002830DB4303F0010384F8283008B070BD28
:10B300001FB50023ADF80C000093022203A940F200
:10B310001D4004F0BDFC05B05DF804FB1FB5002323
:10B32000ADF80C000093022203A942F2160004F0CB
:10B33000AFFC05B05DF804FB07B5002300931A4687
:10B34000194642F20E0004F0A3FC03B05DF804FBC2
:10B350001FB500238DF80C008DF80D10009302220C
:10B3600003A942F20C0004F093FC05B05DF804FB65
:10B370001FB500238DF80C000093012203A942F2AF
:10B380000A0004F085FC05B05DF804FB064A13884A
:10B3900023F4FF7323F001031380537C6FF3C30383
:10B3A000537404F0C9B800BF543C0020F8B5094FED
:10B3B0003D4604460E4604F087F80FCD0FC42B68B7
:10B3C00023601EB1FFF7E2FF00233B74BDE8F840A5
:10B3D00004F07CB8543C0020014610B101480AF04A
:10B3E00021BE7047943C002010B40C4611461CB19D
:10B3F00023465DF8044B18470278042A07D1D0E9A8
:10B4000001120B6813604B6853608B6893600020D7
:10B410005DF8044B7047F7B50546019104F054F808
:10B42000019804F0D5FA044660B1D0E9196704F038
:10B430004DF854B13A463146284603B0BDE8F040D5
:10B44000FFF7D2BF07460646F1E7072003B0F0BD7D
:10B4500000B593B03422002105A81DF08DFD08230E
:10B46000012168468DF81430FFF7A0FF029919B149
:10B47000039A05A8FFF7B8FF05A8FFF7E9FE13B088
:10B480005DF804FB30B5144B1B78012B93B00446D8
:10B490001DD0022B19D101216846FFF787FF029DBD
:10B4A0009DB13422002105A81DF066FD00230399FB
:10B4B0008DF81430069405A8A84726238DF814307B
:10B4C0000399029B069405A8984713B030BDFFF777
:10B4D000BFFFFFF75BFFF8E7543C0020044B1B7CE9
:10B4E00023B9044B5878C0F380007047012070479F
:10B4F000543C0020683C002010B590B0342200215C
:10B50000044603A81DF038FD092303A88DF80C306C
:10B510000494FFF79DFE03F0D7FF0A4A1388D2E98F
:10B52000024123F4875323F01F031380019104F099
:10B5300003F803F0CBFF14B1019903A8A04710B0A2
:10B5400010BD00BF683C002038B5104D2B78BBB152
:10B550006B78DB0614D56C6818F07EFD201A002885
:10B5600010DC0020FFF704FF68B92B8823F4875311
:10B5700023F01F032B8003F0DFFF0D20FFF7BCFF3C
:10B580006FF0004038BD6420FCE700BF683C00203D
:10B5900070B50A4D00202E78FFF7EAFE044650B938
:10B5A0002B8823F4875323F01F032B8003F0C4FF61
:10B5B000012E18BF0224204670BD00BF683C002049
:10B5C00038B50B4B196800220C460CB9204638BD23
:10B5D000A58A854205D022462468F6E723681360D1
:10B5E00003E0002AFAD10A681A6003F0A5FFEDE72C
:10B5F000783C002037B50D46019003F065FF0198B7
:10B6000004F0E6F9044618B115B12946FFF730FEFB
:10B6100003F05CFF002C0CBF0720002003B030BDFE
:10B6200030B5114B1B78012B93B004461AD134224C
:10B63000002105A81DF0A0FC07238DF814300FCCC5
:10B6400006AD0FC594E8030085E8030000216846B5
:10B65000FFF7ACFE029B13B1039905A8984705A814
:10B66000FFF7F6FD13B030BD543C00202DE9F0414A
:10B670000E46017892B00546002951D002290DD01E
:10B680003C2946D1744B1B78012B03D0002012B00B
:10B69000BDE8F0810020FFF72FFFF7E76F4B1A7826
:10B6A000002AF3D01B7C022B03D11D20FFF7EAFEFA
:10B6B000ECE701216846FFF779FE029D002DE5D0F9
:10B6C0003422002105A81DF057FC00238DF814300A
:10B6D0009DF81130039913F0080F14BF09230D23AF
:10B6E0004FF6FF740693ADF81C4005A8A847262323
:10B6F0008DF814309DF811300399ADF81C4013F00B
:10B70000080F14BF09230D23069305A8029B984731
:10B71000BCE7534B534A544840F65E211AF0FAFEF8
:10B72000408804F077F80028B0D02B79002B63D044
:10B73000012B67D0688804F0FFF8AB898383EB891D
:10B74000C3832B8A0384AB7C80F822302B79044698
:10B75000002B61D1414B9A684266DA6882665B7C55
:10B7600090F82820C3F3410342F0010280F828201A
:10B770008371FFF70BFE95F8058084F807802B4650
:10B78000012753F8062FA2609B88A3812B46A7733D
:10B7900053F8132FC4F80F209B88A4F8133005F139
:10B7A00019060023062231460DF115000593CDF848
:10B7B00017301DF0ABFB002843D1B8450ED1637B99
:10B7C00003F0C003402B09D1234653F8072FC4F8D8
:10B7D00015209A889B79A4F81920E37603F074FE6B
:10B7E000204604F001F903F071FE2B796888012BE3
:10B7F0002ED1FFF785FD49E7184B1B78022B99D016
:10B80000052044E7002EFBD1134B1A78012AF7D10B
:10B810005B781B07F4D58DE70F4A310102EB061662
:10B82000B3684366F36883667378C3F30103837177
:10B83000535A23F4875323F01F03535203F07CFE23
:10B8400099E767753368C4F81630B3886383C5E732
:10B85000FFF764FD1AE700BF683C0020543C00205D
:10B860003E9D040043A10400E0A0040030B58FB069
:10B87000044634220D4601A800211DF07DFB002363
:10B8800001A88DF804300295ADF80C40FFF7E0FCFC
:10B89000214601A8FFF7BFFD262301A88DF804303B
:10B8A0000295ADF80C40FFF7D3FC214601A8FFF745
:10B8B000B2FD40F64802FB21204604F0B0FE0FB076
:10B8C00030BD000038B5044603F0FEFD608804F08A
:10B8D0007FF8054603F0FAFDDDB195F82830DB0767
:10B8E00008D5201D09F018FE68626088BDE8384060
:10B8F000FFF706BD63781BB9201D09F00DFE6862D5
:10B9000061786088FFF7B2FF6288024B012143F83B
:10B91000221038BDB482002038B5044603F0D4FDAF
:10B92000B4F8010004F054F8054603F0CFFDE378C5
:10B9300085F85C306279237943EA0223A5F85E300A
:10B94000A379E27943EA0223A5F8603095F828301C
:10B95000DB0705D4B4F80100BDE83840FFF7DEBCD2
:10B96000217829B9B4F80100BDE83840FFF77EBF5F
:10B9700038BD30B58FB004460D463422002101A8F1
:10B980001DF0FAFA0523214601A88DF80430ADF820
:10B9900010400295FFF73FFD0FB030BD70B58EB07F
:10B9A000458804463422002101A81DF0E5FA12233F
:10B9B0008DF804306378029323798DF80E30AEB29F
:10B9C00063798DF80F3001A8ADF80C50FFF740FCFB
:10B9D000314601A8FFF71FFD0EB070BD30B58FB026
:10B9E000B0F8015004463422002101A81DF0C4FA29
:10B9F00022238DF80430B4F80300ADF80A00B4F83F
:10BA00000710ADF80E10B4F80520ADF80C20B4F80E
:10BA100009300B4CADF8103024F81500094820F817
:10BA20001510094921F81520084A01A822F81530F7
:10BA3000FFF70EFC294601A8FFF7EDFC0FB030BD63
:10BA4000AC820020C4820020A4820020CC8200208E
:10BA5000F8B52C4D2B786BB16B78DB070AD56C6889
:10BA600018F0FAFA241A002C0BDC2B78012B26D0C4
:10BA7000022B02D06FF0004403E0FFF75DFCC8B179
:10BA80006624214F03F020FD18F0E6FA3A686FF0C3
:10BA900000454FF6FF71DAB92DB303F017FDAC4244
:10BAA000A8BF2C46FFF750FDA04228DCBDE8F840B7
:10BAB000FFF74ABD6B7860F300036B70DAE7002193
:10BAC0000846FFF745FC0028DAD1FFF7C1FCD1E7B3
:10BAD00013691B1A23EAE373AB42B8BF918A126859
:10BAE000B8BF1D46D7E70846FFF76AFD064603F0D4
:10BAF000EDFC002ED3D03046FFF76EFCC2E72046A7
:10BB0000F8BD00BF543C0020783C002010B503F085
:10BB10000BFD40B103F0D8FCFFF73AFD044603F0FB
:10BB2000D5FC204610BD1E24FBE700002DE9F043A4
:10BB30008BB080460F4691461D4603F0F5FC002869
:10BB400000F0C98003F0C0FC0DB903248DE0B8F10A
:10BB5000030FFAD86B78022BF7D8604E3378002B9E
:10BB600040F0B5806B88013B9BB21E2BEDD9AB88B2
:10BB7000B3F5804FE9D82B78012B00F08680022B9B
:10BB800079D0002BE1D12B7ADA07DED46FF00043B5
:10BB9000994505D003A948460AF0A7FD0028D4D14D
:10BBA000FFF79CFC002840F09480404604F037FEEC
:10BBB0000446002859D1129BB360139BF3602A7886
:10BBC0000490111E18BF012108F0030343EAC103CA
:10BBD0007178CDF8130021F00B010B437370698865
:10BBE000AB8851EA030005D1002A0BBFF023602384
:10BBF000A0213021ADF81810ADF81A30002A4BD032
:10BC0000012A4FD004AB002F08BF1F460F223B78FC
:10BC10008DF81E3057F8013FCDF81F30BB88ADF8C6
:10BC20002330AB798DF81C40002B08BF07238DF81B
:10BC30002530EB798DF826300023009306A942F2D7
:10BC400006008DF81D8004F023F8044668B9012031
:10BC50003070FFF78DFB044658B3338823F48753C5
:10BC600023F01F03338003F067FC03F02FFC204612
:10BC70000BB0BDE8F0832B7ADB073FF566AF03F02E
:10BC8000EDFD002882D10624EFE7002F3FF45DAFE1
:10BC90003B78032BF3D958E76B78002B0CBF0324B8
:10BCA0000224AFE72B7A13F0010F14BF0124042400
:10BCB000A8E76FF000439945D7D0039D18F0CCF961
:10BCC0007378284443F0100370607370CBE702244C
:10BCD000CBE71D24C9E71E24C9E700BF683C00204C
:10BCE00030B58BB005460C4603F01EFCB8B115B953
:10BCF0001CB1122011E01F2CFBDC224629460DF15D
:10BD000009001DF011F900230093202202A942F23C
:10BD100008008DF8084003F0BBFF0BB030BD1E20BB
:10BD2000FBE730B58BB005460C4603F0FDFBB8B120
:10BD300015B91CB1032011E01F2CFBDC224629465B
:10BD40000DF109001DF0F0F800230093202202A954
:10BD500042F209008DF8084003F09AFF0BB030BDA5
:10BD60001E20FBE7024B1878431E5842584170478B
:10BD7000683C0020024B1878431E584258417047D7
:10BD8000543C0020024B1878831E5842584170479B
:10BD9000543C00201FB590F8283013F002030446ED
:10BDA00014D18288ADF80C208DF80E100093032278
:10BDB00003A940F2064003F06BFF28B994F828303D
:10BDC00043F0020384F8283004B010BD0220FBE7E2
:10BDD00038B505460C4603F0A7FB78B103F074FBB9
:10BDE000284603F0F5FD38B12146FFF7D3FF04469E
:10BDF00003F06CFB204638BD0724F9E71E24F9E761
:10BE000030B58FB004460D463422002101A81DF044
:10BE1000B3F8032301A88DF80430ADF80C40029567
:10BE2000FFF716FA214601A8FFF7F5FA0D2D03D109
:10BE300013212046FFF7CCFF0FB030BD2DE9F041B4
:10BE40008EB0342204460E4601A800211DF094F85D
:10BE500003F03AFB204603F0BBFD054620B103A9E1
:10BE6000FFF706FAD5E9197803F030FB002D51D021
:10BE700003F02AFB2046FFF7A3FB054603F026FB51
:10BE800035B120463146FFF7BBFF2846FFF7A4FA3D
:10BE90003146204605F000FB204607F08BF920468E
:10BEA00002F036FD204602F075F8204603F0BEFE93
:10BEB00003F00AFB204603F08BFD054603F006FB6A
:10BEC00055B195F8283013F0010305D1134A52F803
:10BED000245015B142F824300125204603F084FC9B
:10BEE0000F4A0296002322F814300E4A22F814302A
:10BEF0000D4A22F814300D4A22F8143001238DF82F
:10BF000004303DB101A8FFF7A3F94246394601A824
:10BF1000FFF76AFA0EB0BDE8F08100BFB4820020DE
:10BF2000A4820020CC820020AC820020C4820020A9
:10BF300070B5B0F8016004788EB0B5B244B9C1787C
:10BF400009B101F500712846FFF778FF0EB070BD0A
:10BF50003422002101A81DF00FF804F50074062317
:10BF600001A88DF80430ADF80C600294FFF770F969
:10BF7000294601A8FFF74FFAE8E7000038B5044664
:10BF80004FF6FF7503F05BFCA84203D02146FFF794
:10BF900055FFF7E7054B1B78012B02D12046FFF731
:10BFA000ABFA2046BDE83840FFF76CBA683C002089
:10BFB00070B590B004463422002103A81CF0DCFFC9
:10BFC0000023CDE9013303F07FFA6688304603F0A1
:10BFD000FFFC18B16378DBB11A2B29D0BDF804300F
:10BFE00023B93046FFF7ECFAFFF7F6F903F06EFAE3
:10BFF000BDF804302BB3214A002301A9304605F0D7
:10C00000CFF918B101463046FFF7FAFE10B070BD07
:10C010006279237943EA02238383E279A37943EAAD
:10C020000223C383237A627A43EA02230384D5E797
:10C03000134B1D68002DD1D0AB8AB34207D02D68B9
:10C04000F8E760780028DDD000F50070DAE790F8B6
:10C050002830DB07C2D4AB88ADF80430EB88ADF8EC
:10C0600006302B89ADF808306B89ADF80A3017F02F
:10C07000F3FF00F520402861B0E700BF85C0020053
:10C08000783C002070B504460D4603F01DFA2046AA
:10C09000FFF796FA064603F019FA4EB13046FFF75D
:10C0A0009BF92DB129462046BDE87040FFF7A8BE98
:10C0B00070BD000038B503F037FA98B10A4D03F0AF
:10C0C00003FA2B78022B0BD1FFF736F9044618B987
:10C0D0006B7C43F008036B7403F0F8F9204638BD1D
:10C0E0000224F9E71E24F9E7543C00202DE9F04131
:10C0F0000279C3789CB043EA0223ADF81430827908
:10C10000437943EA0223ADF81630027AC37943EA51
:10C110000223ADF81830437A827A002543EA0223DD
:10C12000ADF81A30079505AE044696E80700B4F856
:10C1300001400DF1200888E80700A7B23422294603
:10C140000FA81CF019FF042339460FA88DF83C30C6
:10C15000CDE91068ADF84840FFF75DF9ADF82C4027
:10C16000034690BBBDF82020ADF82E20BDF822205C
:10C17000ADF83020BDF82420ADF83220BDF82620DF
:10C18000ADF83420BDF82820ADF83620BDF82A20BF
:10C19000ADF8382000900E220BA942F2200003F0E7
:10C1A00077FD044670B103F08FF93846FFF708FABF
:10C1B000039003F08BF90398FFF70EF921463846F8
:10C1C000FFF71EFE1CB0BDE8F0818DF82E00009533
:10C1D0002B4603220BA942F2210003F059FDF1E79F
:10C1E0002DE9F0410B884A88934288B080460C467E
:10C1F00000F2A480052B40F2A180B2F5486F00F256
:10C200009D808988B1F5FA7F80F09880E38801FBF2
:10C210000222B3EBA20F40F391800A3B9BB240F69F
:10C220007642934200F28A8003F07EF9002800F003
:10C2300087800023CDE9023303F046F9404603F03E
:10C24000C7FB0546002856D03E4B1E6836B93E480F
:10C2500009F0C1FE074630B906253AE0B38A4345E6
:10C260004DD03668F2E7182231461CF085FE206872
:10C270006168A7F814803B1D03C3A068186017F01D
:10C28000EBFE6B6A00F520409A07386103D495F8FD
:10C290002830DB0737D52388ADF812306388ADF836
:10C2A0001430A388ADF81630E388ADF81830238930
:10C2B000ADF81A3000266389ADF81C30009633467D
:10C2C0000E2204A942F21300ADF8108003F0E0FC46
:10C2D000054603F0FBF8CEB903F02EF903F0F4F8AD
:10C2E00045BB184B1A683A601F6003F0EFF8284608
:10C2F00008B0BDE8F081074607250646E9E70026B5
:10C3000002253746E5E735460126E2E72388ADF802
:10C3100008306388ADF80A30A388ADF80C30E388A4
:10C32000ADF80E30094A002302A9404605F038F85E
:10C330000546D3E73846FFF74FF8D6E70325D6E79B
:10C340001E25D4E7783C0020943C002085C00200E4
:10C3500070B5A4B00446002603F0E6F8002842D0E9
:10C3600003F0B2F8204603F033FB054690B107A96D
:10C3700090F8286003F062FB0023DDF82300BDF88D
:10C3800027208DF81B309DF829300590ADF8182036
:10C390008DF81A3003F09AF83DB3F2071FD50EA9B5
:10C3A00005A808F044F8B0B99DF86030DB0712D555
:10C3B0009DF888309DF8421003F001030293DDE9F7
:10C3C00012232046CDE90023BDF8443014AA06F01C
:10C3D00089FD24B070BD204606F007FDF9E7204630
:10C3E00006F05CFAF5E71E20F3E70720F1E700000E
:10C3F00030B59BB0044603F097F8002864D00023C2
:10C400000493CDF81330237853B906220DF11101AE
:10C41000601C1CF07BFD18B9032420461BB030BD06
:10C4200003F052F8204603F06DFB10B11321FFF723
:10C43000B1FC03F04BF82068A288A3790190002595
:10C44000ADF8082001A904AA0620CDF80B508DF8FC
:10C450000F508DF80A3007F077FF08B90DF1170477
:10C460002068A288A3790190ADF8082001A904AA48
:10C470000220CDF80B508DF80F508DF80A3007F0E0
:10C4800063FF0446A8B99DF84930DB070DD50F4B73
:10C490001B78012B16D00E4B1B78012B12D09DF868
:10C4A00004000DF1050104F0C2FA01A808F0F3F848
:10C4B000B3E704AA01A9012007F046FF04460028BB
:10C4C000ABD1F2E70F24A8E71E24A6E7683C0020C2
:10C4D000543C002000B589B003F026F868B103226F
:10C4E00001A902A808F0B6F820B9019B3BB102A847
:10C4F000FFF77EFF09B05DF804FB1E20FAE7052078
:10C50000F8E72DE9F04389B0064603F00DF850B383
:10C51000032201A902A808F09DF8044640B9019F32
:10C520001FB30DF1090506F10109A74204DC062439
:10C53000204609B0BDE8F083327815F8013C9A42F4
:10C54000C4EBC40808D12946062248461CF0DEFC8C
:10C55000073508B90134E8E702AB03EB0800FFF741
:10C5600047FF0446E4E71E24E2E70524E0E730B590
:10C570008FB004460D463422002101A81CF0FCFCBB
:10C5800095E803000B238DF8043002AB83E8030029
:10C59000214601A8ADF81040FEF73DFF0FB030BDB9
:10C5A000F0B58FB004460D4617460021342201A88D
:10C5B0001E461CF0E1FC0A2301A88DF80430ADF8FA
:10C5C0000C400295FEF744FE214601A8FEF723FF2A
:10C5D0001DB927B1204602F0ABFC0FB0F0BD002E14
:10C5E000FBD0204602F048FCF7E730B58FB00C4690
:10C5F00005463422002101A81CF0BEFC10238DF852
:10C6000004302368CDF80A30A388ADF80E302946EF
:10C61000A379ADF8085001A88DF81030FEF7FBFEA5
:10C620000FB030BD10B504468EB03422002101A8F1
:10C630001CF0A2FC2068029011238DF804302188A0
:10C64000A388ADF80C3001A8FEF7E5FE0EB010BDD2
:10C6500030B58FB004460D463422002101A81CF0ED
:10C660008BFC1B23214601A88DF80430ADF80C404B
:10C670000295FEF7D0FE0FB030BDF0B58FB0044686
:10C680000F4616460021342201A81D461CF074FCFA
:10C690000C238DF804304FF0000365F3000301A86C
:10C6A0008DF81030ADF80E40ADF80C700296FEF724
:10C6B000CFFD214601A8FEF7AEFE029809F0E0F892
:10C6C0000FB0F0BDF0B58FB00C46074616460021FE
:10C6D000342201A81D461CF04FFC0D238DF80430B8
:10C6E0004FF0000365F3000301A88DF81030ADF89A
:10C6F0000C400297ADF80E60FEF7AAFD214601A896
:10C70000FEF789FE0FB0F0BDF0B58FB005460F46BD
:10C7100016460021342201A81C461CF02DFC0E23D5
:10C720008DF804309DF85030ADF80850003B18BF2C
:10C730000123003C18BF012444EA43049DF854300F
:10C74000ADF80A70003B18BF012344EA83049DF84A
:10C7500058308DF80C60003B18BF012344EAC30435
:10C7600001A88DF80D40FEF773FD294601A8FEF7DC
:10C7700052FE0FB0F0BD70B58EB004460E461546A1
:10C780000021342201A81CF0F7FB0F2301A88DF82B
:10C790000430ADF80840ADF80A60ADF80C50FEF773
:10C7A00057FD214601A8FEF736FE0EB070BD30B52C
:10C7B0008FB005460C463422002101A81CF0DCFB9A
:10C7C0001D2301A88DF8043002958DF80C40FEF76A
:10C7D0003FFD0FB030BD70B58EB004460E46154615
:10C7E0000021342201A81CF0C7FB2023214601A808
:10C7F0008DF80430ADF80840ADF80A600395FEF7F7
:10C800000AFE0498012818BF02200EB070BD10B5B2
:10C810008EB0C4783422002101A81CF0ADFB212386
:10C820008DF8043001238DF8093001A800238DF81C
:10C830000840ADF80A30FEF70BFD0EB010BD10B584
:10C840008EB0C4783422002101A81CF095FB21236E
:10C850008DF8043001A800238DF808408DF80930C8
:10C86000ADF80A30FEF7F4FC0EB010BD30B58FB055
:10C87000C57804793422002101A81CF07DFB212316
:10C880008DF8043001A802238DF808508DF8093086
:10C89000ADF80A40FEF7DCFC0FB030BD38B5FEF74E
:10C8A00077FE20B9104A537843F0040353700F4CBD
:10C8B0002378022B0CD1FEF73FFD48B9238A23F4DD
:10C8C0000F6323F00F0343F4006343F0020323825A
:10C8D0002578012D07D100210846FEF739FD10B952
:10C8E000FEF754FD257438BD683C0020543C002000
:10C8F00008B502F0E9FDFEF7F1FD08B9FFF7CEFF3C
:10C90000BDE8084002F0E2BDF0B5204C20484FF0F1
:10C91000FF318FB0002509F05DFDC4E9005502F03C
:10C92000D3FD1C4A5378590706D565F3820353702B
:10C9300093682360D3686360174B1A7C0025012A33
:10C9400003BF1D74D3E9026715462F4618BF2E4654
:10C9500002F0BCFD092321688DF804301D230293E9
:10C9600019B1626801A8FEF73FFD094809F058FDBA
:10C970004DB108238DF804303A461D23314601A8F5
:10C980000293FEF731FD0FB0F0BD00BFB43C0020B4
:10C99000B03C0020683C0020543C00200B4910B5FE
:10C9A0000A6813460BB9052010BD834207D09B6867
:10C9B000F8E7134692688242FBD19C6003E09A42FA
:10C9C0009C68F6D10C600020EEE700BF503C0020D0
:10C9D00013B51422002110481CF0CEFA10220021B9
:10C9E0000E481CF0C9FA0E4809F0DCFC044680B978
:10C9F0000C4B18600C4B18600C4B00930C480D4B03
:10CA00001822012109F0A2FA18B1012814BF0B2441
:10CA10000624204602B010BD543C0020683C002093
:10CA2000B03C0020783C0020503C002034A10400A1
:10CA3000943C00207C3C002043680A689B1A002B31
:10CA400005DD4A689A4200DD4B60002070470120F6
:10CA500070470B884FF6FF72934270B506D002897B
:10CA60009A4203D04A8843899A4213D1D1E90124DA
:10CA7000057B00239C4205DC0020C860003818BFFD
:10CA8000012070BD12F83360AE4202EBC300F4D057
:10CA90000133EFE70020F4E7407B00F0010070472E
:10CAA00038B10E2808BF0021034B18805980184662
:10CAB00070470146F8E700BFD43D002070B504463A
:10CAC0000846256911461A464DB12689FFF7E8FF49
:10CAD00063690146AC463046BDE870406047284671
:10CAE00070BD00231A460D21FFF7E8BF0023FFF7B2
:10CAF000E5BF70B504460846656911461A464DB152
:10CB00002689FFF7CDFFA3690146AC463046BDE854
:10CB100070406047284670BD00231A460D21FFF77C
:10CB2000E8BFB1F5857F08BF0E21002389B2FFF76A
:10CB3000E0BF70B504460846A56A11461A464DB1D5
:10CB40002689FFF7ADFFE36A0146AC463046BDE8F3
:10CB500070406047284670BD00231A460D21FFF73C
:10CB6000E8BF0023B1F5857F08BF0E21FFF7E1BFC5
:10CB700070B504460846A56911461A464DB1268986
:10CB8000FFF78EFFE3690146AC463046BDE87040D2
:10CB90006047284670BD00231A460D21FFF7E8BF05
:10CBA000838A1BB9B1F5857F08BF0E210023FFF7EB
:10CBB000DFBF70B504460846656911461A464DB197
:10CBC0002689FFF76DFFA3690146AC463046BDE8F4
:10CBD00070406047284670BD00231A460D21FFF7BC
:10CBE000E8BF0023B1F5857F08BF0E21FFF7E1BF45
:10CBF00070B504460846A56A11461A464DB1268905
:10CC0000FFF74EFFE36A0146AC463046BDE8704090
:10CC10006047284670BD00231A460D21FFF7E8BF84
:10CC20000023B1F5857F08BF0E21FFF7E1BF7FB577
:10CC300005460393AC69084611465CB12E89FFF79F
:10CC40002FFFEA6900920146039B2A8A3046A047DB
:10CC500004B070BD2046FBE700231A460D21FFF704
:10CC6000E6BF0023B1F5857F08BF0E21FFF7DFBFC8
:10CC700070B504460846656911461A464DB12689C5
:10CC8000FFF70EFFA3690146AC463046BDE8704091
:10CC90006047284670BD00231A460D21FFF7E8BF04
:10CCA0000023FFF7E5BF13B51446038AADF8003043
:10CCB0002368019300226B46ADF80220FFF7D8FFEE
:10CCC000019B23600E2002B010BD70B504460846DB
:10CCD000A56A11461A464DB12689FFF7E1FEE36ABF
:10CCE0000146AC463046BDE870406047284670BDFE
:10CCF00000231A460D21FFF7E8BF0023FFF7E5BF29
:10CD000070B504460846656911461A464DB1268934
:10CD1000FFF7C6FEA3690146AC463046BDE8704049
:10CD20006047284670BD00231A460D21FFF7E8BF73
:10CD30000023FFF7E5BF70B504460846E5691146D4
:10CD40005DB12689FFF7ACFE236A014604F11002AB
:10CD50003046AC46BDE870406047284670BD0022B2
:10CD60000D21FFF7E8BF10B54469428A238A9A4231
:10CD700004D30022FFF7DFFF0E2010BD0A20FCE7DE
:10CD800073B5054608466C6B11466CB12E89FFF7EA
:10CD900087FEAB6B0093014695F8303005F1100229
:10CDA0003046A04702B070BD2046FBE700220D21AF
:10CDB000FFF7E6BF08B50022FFF7E2FF0E2008BD2F
:10CDC0002DE9F74F0024184EC3E9004380468946F9
:10CDD00092461F4602F078FB3568A346A5B12A6843
:10CDE000019249462846C047019AD0B18CB93368B0
:10CDF0001B68336003B976607B68C5F800B0BAF190
:10CE0000010F1D607D600BD103B0BDE8F04F02F053
:10CE10005DBB23681B682360002BEDD17460EBE7DA
:10CE200025462C461546D9E7C83D0020028A0189CF
:10CE300001230D20FFF746BC73B5054600236C693E
:10CE40000846114674B1CDE900332B8A2E89ADF81E
:10CE50000030FFF725FEAB6901466A463046A04721
:10CE600002B070BD2046FBE700220D21FFF7E4BFB2
:10CE7000FFF7E2BF2DE9F04F2DED028B83B01D4689
:10CE8000037E08EE101A694608EE902ADA00A1EB3C
:10CE9000C30302AF9D46036A044602AE002B66D070
:10CEA000002130461CF068F804F1100AB1464FF03A
:10CEB0000008237E984524DA3AF8023BA9F80030AE
:10CEC0004FF00003A9F80230002D35D02868038AFE
:10CED000002B31D0022108F02BFF286030B92B4BFA
:10CEE0002B4A40F69A512B4819F014FB006808F0C1
:10CEF0000EFB02218346286808F080FDBBF5007F09
:10CF000007D9237E98451CD0234B214A40F6B551C2
:10CF1000E9E70021584608F089FCC9F80400002818
:10CF2000EFD029685B46002208F01BFD0028E8D1FD
:10CF30002868594608F062FD08F1010809F108095E
:10CF4000B7E718EE901A18EE100A256AB4F80890A0
:10CF5000FFF7A6FD636A0093014632465FFA88F345
:10CF60004846A84704360025237E9D4206DB002064
:10CF70000437BD46BDEC028BBDE8F08F56F8350096
:10CF800008B108F07DFC0135EEE700BF5CA10400AC
:10CF900010A2040060A10400B6A1040000231A46F8
:10CFA0000D21FFF767BF2DE9F341447E06460F468A
:10CFB00094461D4624B1FFF75DFF02B0BDE8F08145
:10CFC000009403B11B68F46901937CB16146384653
:10CFD000B6F80880FFF764FD736A01466A4640466A
:10CFE000A047002DE9D0019B2B60E6E72046F8E73B
:10CFF00000231A460D21FFF7D6BF0023FFF7D3BF4A
:10D000000023FFF737BF000070B50446E0B1037B93
:10D010000D2B07D00E2B13D021460C48BDE87040D5
:10D0200009F000B8406908F02BFCF5E756F8350028
:10D0300008F026FC013594F83030AB42F6DCEBE723
:10D04000002500F11406F6E770BD00BFAC3D0020DE
:10D05000438A70B504460D46164643B14269128AAA
:10D060009A4204D9418900890022FCF71BFD32460F
:10D0700029462046BDE87040FFF75DBE2DE9F74325
:10D08000054690F8316095F8303000896989B342DF
:10D090000BD80122FCF706FD05460024204608F0C7
:10D0A000EFFB284603B0BDE8F083FCF769F9441FA5
:10D0B000A4B204B305F110070FFA86F807EBC60611
:10D0C0007368188A7388C01A8442A8BF04466C86A5
:10D0D00003F0EBFB044680B16B8E7288716808F038
:10D0E00040FC50B90094738837F838206989288942
:10D0F000FCF784FCD0E70725D0E70625CEE773B51B
:10D10000418904460089FCF73BF9421F002A28DDCB
:10D110006369608A1B8A181A9042A8BF10460028CB
:10D120000CDC618920890122FCF7BCFC0446002547
:10D13000284608F0A5FB204602B070BD208303F00E
:10D14000B4FB054678B1238B628A616908F009FC5B
:10D1500048B90095638A228A61892089FCF74EFCD0
:10D16000E4E70724E3E70624E2E700001FB50446EE
:10D17000074BA28C1868039003AB013200936189BE
:10D18000E38C208992B2FCF711FB04B010BD00BF04
:10D1900004A204001FB50446074B228A18680390B6
:10D1A00003AB013200936189638A208992B2FCF754
:10D1B000FDFA04B010BD00BF04A204001FB5034671
:10D1C000094A598910689A8A039018894AB91A8AB3
:10D1D00003AC013200945B8A92B2FCF7E7FA04B028
:10D1E00010BDFCF74CFBFAE708A20400F0B58BB0C9
:10D1F000044600F1100606AD2946304607F02EFB26
:10D20000A28C618927890591013292B2304604923D
:10D2100007F04EFB4FF42053CDE901500093DDE9B8
:10D2200004214FF6FF733846FCF76CFA0BB0F0BDE3
:10D230001FB50446074B228A1868039003AB0132DE
:10D240000093618920894FF6FF7392B2FCF761FB6E
:10D2500004B010BD0CA2040010B5054808F0BBFED8
:10D26000044618B13C2200211BF086FE204610BD6A
:10D27000AC3D002037B50B4600250A888988ADF8FB
:10D28000002004469868ADF8025003F011FBA84254
:10D290000CBF0621294601906B462A462046FFF71F
:10D2A00014FD0446019808F0EBFAAC420CBF20468E
:10D2B0000E2003B030BD072938B504460D460AD10B
:10D2C0002846228A21890123FFF7FCF92089BDE83D
:10D2D000384001F033BC018A008901F05DFC002870
:10D2E000EED038BD70B50D4688B01C220646002130
:10D2F00001A81BF041FE6A682B88ADF80430052AAE
:10D3000001D0132A07D1A968033A033103A807F013
:10D3100077FA044608B10A240DE0A86810F8013B2A
:10D320008DF8083008F0F3F82B88328AADF8060043
:10D330009A42F0D2338201AB002221463046FFF7F9
:10D3400038FC204318BF0E2008B070BD70B50546EC
:10D3500086B00C461822002168461BF00DFEAE8AEE
:10D36000DEB923882A8A9A4205D22B826368042B6D
:10D370000AD0062B14D000226B4611462846FFF730
:10D38000F7FB50B10E2009E0A06808F0C0F8A882B1
:10D39000A068023008F0BBF8E882002006B070BD3B
:10D3A000A06808F0B4F8ADF80000A068023008F0FA
:10D3B000AEF8A168ADF802000222043101A807F01E
:10D3C0001FFAD8E770B50E4688B01C22054600212A
:10D3D00001A81BF0D1FD72683388ADF80430052A2E
:10D3E00001D0132A25D1B168033A033103A807F00D
:10D3F00007FA0446E8B9B06810F8013B8DF8083028
:10D4000008F085F83388AA8CADF806009A4210D24D
:10D41000AB8405F1100103A807F0D1F980B92246C9
:10D42000214601AB2846FFF7E3FB002818BF0E2476
:10D4300006E000231A460A212846FFF7D9FB0E24EE
:10D44000204608B070BD0A8803899A420BD14A88E9
:10D4500043899A4207D10B79027B9A4205D0FF3B60
:10D46000584258417047002070470120704708B566
:10D470000B4629B100231A46FFF727FC0E2008BDF2
:10D480000A460E21F8E7000010B549B1062907D178
:10D49000437B094C43F001034373236813B100211C
:10D4A000084610BD16F0D8FD10F5806101D021604E
:10D4B000F5E701232360F3E7D03D002038B50546AA
:10D4C000FFF7DCFD01462846FFF7DEFF044620B1EA
:10D4D000014600222846FFF753FC204638BD38B5E8
:10D4E0000546FFF70CFE01462846FFF7CDFF044630
:10D4F00020B1014600222846FFF71DFC204638BD1A
:10D50000F7B505460C4651BBD5F814C0408ABCF8A7
:10D5100010E0704518D22F8A974215D1984213D146
:10D52000089A1668378A384470450DDC2A8B974272
:10D530000AD100976246304608F0DBFA30B16989BB
:10D5400028892246FCF7AEFA0A2408E06B8A328A60
:10D5500013446B822846FFF7C2FF044628B12146D8
:10D5600000222846FFF7E7FB0E24204603B0F0BD5B
:10D5700038B50546FFF7FAFD01462846FFF784FF58
:10D58000044628B1002301461A462846FFF730FB1F
:10D59000204638BD38B50546FFF7FCFD0146284654
:10D5A000FFF772FF044628B1002301461A462846B9
:10D5B000FFF7FFFA204638BD38B50546FFF7FEFDF8
:10D5C00001462846FFF760FF044628B100230146C4
:10D5D0001A462846FFF7CCFA204638BDF0B5154666
:10D5E00087B01023002207460C4601A8296807F0DF
:10D5F00023F90646286808F043F900232B60DEB9BA
:10D60000BB8ACBB174B97B69009322466B46214635
:10D610003846FFF7ADFA58B97C613846FFF7CCFFC2
:10D62000044630B100231A4621463846FFF7A0FAD7
:10D630000E24204607B0F0BD0A24F3E738B50546AE
:10D64000FFF7D4FD01462846FFF71EFF044628B128
:10D65000002301461A462846FFF76BFA204638BDDC
:10D6600038B50546FFF7E4FD01462846FFF70CFFF5
:10D67000044628B1002381B21A462846FFF739FA3A
:10D68000204638BD10B5064C236833B116F0E4FCD3
:10D690002368181A20EAE07010BD6FF00040FBE725
:10D6A000D03D002010B50446FFF76AFB94F8312006
:10D6B00094F830309A4206D2618920890022BDE870
:10D6C0001040FCF7EFB910BD73B50446084631B9F8
:10D6D00094F8311094F830508D4207D80A20014652
:10D6E00000222046FFF7DEFF0E2028E004F110069E
:10D6F00006EBC10536F831109142EFD169889942A5
:10D70000ECD1638E069A009312680346686808F0AD
:10D71000F0F90028E2D16B88628E13446A68128A9D
:10D720009BB29A426B809FBF688094F8313001337E
:10D7300084F831302046FFF7C1FE0028CFD102B077
:10D7400070BD0246438A51890089128A0BB9FCF7E1
:10D7500096B8FCF7B2B838B50546FFF7F2FF0146B8
:10D760002846FFF791FE044628B1002301461A46D9
:10D770002846FFF7C5FA204638BDF0B513681746AE
:10D7800002691E8A85B0CDE9022302AB00220D4654
:10D790000446FFF7B5FA039B3B6055EA000301938B
:10D7A0000DD161892089FBF7EBFD40B1013886423C
:10D7B000019B06DA1A460E212046FFF7A1FA0E2039
:10D7C00007E0638A334463822046FFF7C4FF0028E2
:10D7D000F5D105B0F0BD08B50B4629B100231A46B6
:10D7E000FFF706FA0E2008BD818CC28C914202D14F
:10D7F0001A460E21F4E7FFF7BBFE002818BF0E20E3
:10D80000F1E708B50B4629B100231A46FFF7D1F915
:10D810000E2008BD018A428A914202D11A460E2189
:10D82000F4E7FFF7B7FE002818BF0E20F1E708B5B0
:10D830000B4629B100231A46FFF79AF90E2008BDBE
:10D84000018A4FF6FF72914202D11A460E21F3E788
:10D85000FFF7B2FE002818BF0E20F0E710B504460F
:10D86000A9B9437BDB0704D416F0F6FB00F5F040C2
:10D87000606001F029FE00232360074B5A681460A2
:10D880005C6001F023FEBDE8104001F055BEBDE82C
:10D890001040FFF7B9BB00BFC83D00201FB5ADF871
:10D8A00000008DF80420ADF80210054802AB0122FB
:10D8B0006946FFF785FA029805B05DF804FB00BFE2
:10D8C00047D402007FB502ADADF800008DF804101A
:10D8D0000D480E4E2B4600226946FFF771FA029C56
:10D8E0000CB904B070BD237B002256F82330072109
:10D8F00020469847029B1B68029303B90395204674
:10D90000FFF782FBEBE700BF41D902003CA2040015
:10D910007FB5CDE903230023ADF80800ADF80A1068
:10D92000059306486B46012202A9FFF749FA089BB6
:10D93000059A00981A6007B05DF804FB53CA02000C
:10D940000A8803899A4207D10B79027B9A4205D053
:10D95000FF3B5842584170470020704701207047F4
:10D96000428A4189013238B592B2838A04460089DD
:10D97000FBF75CFE01462046FFF786FD054628B111
:10D98000002301461A462046FFF751F9284638BDC4
:10D990007FB516F061FB6FF0004302900393002205
:10D9A000214800926B4602A9CDF804D01F4EFFF724
:10D9B00007FA039D009CA4B9FFF764FE60B91C4BF5
:10D9C0001C4E18600246014602AB1B48FFF7F8F9EF
:10D9D000029CD4B9FFF756FEA842A8BF284604B05F
:10D9E00070BD237B56F823300BB120469847208921
:10D9F0001321FEF7EDF9009B1B6800930BB9CDF8DE
:10DA000004D02046FFF700FBD4E7237B56F8232001
:10DA1000637B23F001036373204690470146204651
:10DA2000FFF71CFF2468D4E739CA020034A30400BE
:10DA3000D03D00207CA2040099CA02002DE9F341E8
:10DA400080460F461546FFF707FC0026044610B334
:10DA50000423C0E9047543810673A0F8088001F02F
:10DA600033FD618920896B4601AAFBF764FC0546FA
:10DA700008B9009B5E8901F029FD25B9208931464E
:10DA8000FBF75DFD054620462946FFF7E7FE2846E1
:10DA900002B0BDE8F0810625F5E7F7B507460E466A
:10DAA000144662B902F001FF0446D8B100220346D1
:10DAB000009231464FF6FF70FCF7FAFAA0B9224601
:10DAC00031463846FCF708F8002405460023324664
:10DAD00039462846FEF7F6FD204607F0D1FE2846D7
:10DAE00003B0F0BD0625F1E70925EFE7FFF7D5BF45
:10DAF0000022FFF7D2BF0F21FFF7E4BE2DE9F3416B
:10DB000080460F461446FFF7A7FB064640B30F2397
:10DB100003730423A0F808804381078264B902F0EC
:10DB2000C4FE0446E0B100220346009239464FF697
:10DB3000FF70FCF7BDFA28BB718923463A46404680
:10DB4000FBF7EAFF054648B901F0BEFC404601F08C
:10DB50003FFF08B1A0F8547001F0B8FC002400E0C9
:10DB6000062501233A4641462846FEF7ABFD2946E5
:10DB70003046FFF773FE204607F082FE284602B0CB
:10DB8000BDE8F0810925ECE7FFF7B8BF0022FFF7F9
:10DB9000B5BF000070B51646FF221D46FFF77EFE9A
:10DBA000044668B1027B074B53F822301BB1324662
:10DBB00005F5807198472046BDE87040FFF724BA0C
:10DBC00070BD00BF3CA20400042937B5154606D03D
:10DBD0000C4B0D4A0D4841F28F3118F09BFC00228E
:10DBE0000193FFF75BFE044650B1019B00222946DA
:10DBF000FEF764FF204603B0BDE83040FFF704BAEB
:10DC000003B030BDD7A104002BA2040060A1040022
:10DC1000F0B5144687B00622FFF740FE0546F0B186
:10DC20002388428AADF800309A4204F1040438BFD8
:10DC300043820FCC01AE0FC638BF00272368336084
:10DC400028BF0A2739466B4600222846FEF7EFFF19
:10DC500038430CBF01460E212846FFF7FFFD07B0F1
:10DC6000F0BD38B515460622FFF718FE0446C8B1C8
:10DC700055B100231A462946FEF7D9FF0E2120464A
:10DC8000BDE83840FFF7EABD428A838A9A4203D151
:10DC90002B462A460E21EFE7FFF762FE011E18BF52
:10DCA0000E21ECE738BD70B5154686B00222FFF7AD
:10DCB000F5FD0446F0B16B88828C9A421CD22A880A
:10DCC000838400F11006ADF80020ADF802300FCECD
:10DCD00001AD0FC533682B60002529466B46002235
:10DCE0002046FEF726FF28430CBF01460E212046A2
:10DCF000FFF7B4FD06B070BD0A25EEE738B515464E
:10DD00000222FFF7CBFD0446D0B155B100231A46DD
:10DD10002946FEF70EFF0E212046BDE83840FFF7EA
:10DD20009DBD828C4FF6FF739A4203D12B462A4643
:10DD30000E21EEE7FFF782FC011E18BF0E21EBE774
:10DD400038BD000030B585B003AB00931546042301
:10DD5000074AFFF7DDFD044638B1039B29465B689F
:10DD6000984701462046FFF779FD05B030BD00BF5A
:10DD700014A3040030B585B003AB0093154604230B
:10DD8000074AFFF7C5FD044638B1039B29465B6887
:10DD9000984701462046FFF761FD05B030BD00BF42
:10DDA000F4A2040070B5164686B00122FFF776FD96
:10DDB000054608B37268022A01D0102A1ED1B16844
:10DDC00001A806F01DFD0446C0B973882A8A9A424C
:10DDD00014D232882B82ADF80020ADF80230A1B207
:10DDE0006B4600222846FEF784FE54EA000118BF65
:10DDF0000E212846FFF732FD06B070BD0A24EEE77B
:10DE000038B515460122FFF749FD0446D0B155B19A
:10DE100000231A46A9B2FEF76CFE0E212046BDE88B
:10DE20003840FFF71BBD028A4FF6FF739A4203D1B9
:10DE30002B462A460E21EEE7FFF712FC011E18BF03
:10DE40000E21EBE738BD00007FB51E4603AB009303
:10DE500015460323074AFFF75BFD044640B1039BC9
:10DE600029465B683246984701462046FFF7F6FC94
:10DE700004B070BDDCA2040070B5154609221E4630
:10DE8000FFF70CFD044648B129463246FFF775FC02
:10DE900001462046BDE87040FFF7E0BC70BD37B5D5
:10DEA00015469DF818200193002A14BF0B220A2260
:10DEB000FFF7F4FC044650B1019B00222946FFF70E
:10DEC00072F8204603B0BDE83040FFF79DB803B0BC
:10DED00030BD10B50C22FFF7E1FC044640B1002232
:10DEE0001146FEF7A9FF2046BDE81040FFF78CB8A9
:10DEF00010BD0000F0B585B01E4603AB009315467B
:10DF000002230A4AFFF704FD044660B10B9B00930D
:10DF1000039B29465F68BDF828303246B847014662
:10DF20002046FFF79BFC05B0F0BD00BFCCA204006B
:10DF300030B585B003AB009315460223074AFFF7BF
:10DF4000E7FC044638B1039B29465B6898470146C5
:10DF50002046FFF783FC05B030BD00BFBCA2040023
:10DF600010B50F22FFF79AFC044690B1018A008990
:10DF700000F012FE40B90E20228A21890123FEF70B
:10DF8000A1FB208900F0DAFD2046BDE81040FFF734
:10DF90003BB810BD38B5FF210446FFF793FC01F0F4
:10DFA00093FA204601F014FD044601F08FFA04F1C3
:10DFB0006C05E06E00B938BD4368E36603B92567B8
:10DFC000103807F05DFCF4E707B5074B074800225F
:10DFD000C3E90023064B00933C22064B042107F0C3
:10DFE000B5FF03B05DF804FBC83D0020AC3D002048
:10DFF000F0A10400BC3C002010B5084A0849128872
:10E00000096803460020824202DC4FF0FF3010BD59
:10E0100051F830409C42FAD00130F4E7043E002031
:10E020000C3E002010B5074A1268034600208242C9
:10E0300002DC4FF0FF3010BD33F820408C42FAD0A4
:10E040000130F4E7FC3D002038B5DDE904346068B8
:10E050001D6806F02DFC81B2284607F043FE0146FC
:10E0600020B1606806F0FAFB002038BD1120FCE703
:10E0700070B5DDE904650421306807F033FE04461D
:10E0800008B9112070BDA98807F026FAA01CE988FC
:10E0900007F022FA2B68586806F0ACFB044600280B
:10E0A000F0D03068022107F01DFE0028E9D021469B
:10E0B00007F012FA0020E5E773B5DDE906635B8936
:10E0C000ADF806300D460024BDF80630AB4205D34E
:10E0D000002C0CBF2046112002B070BD3068022217
:10E0E0000DF1060107F0DFFBBDF8063001330444F3
:10E0F000ADF80630E8E7B0B5DDE904740122214649
:10E10000386807F0D0FB0122A1180546386807F0EF
:10E11000CAFB0222A1180544386807F0C4FB211D80
:10E1200005440122386807F0BEFB02220544A11D08
:10E13000386807F0B8FB281818BF1120B0BD0000E0
:10E1400038B5064C0025206816F06DFD2560044C9E
:10E15000206816F068FD256038BD00BFD83D00205E
:10E160000C3E002010B5044C206816F05CFD034AFC
:10E1700000232360136010BD083E0020003E0020F5
:10E180002DE9F0410C4FDFF83480054600243B8830
:10E19000A34203DC00263046BDE8F081D8F8003009
:10E1A00003EBC40653F834302846596806F007FBE1
:10E1B0000028F0D00134EAE7043E00200C3E0020A5
:10E1C0002DE9F8430F4615461E46FFF7D9FF0446D2
:10E1D00000B38088FBF722FF08B3006842F603080B
:10E1E000C0B14289E388D0F800909A4212D04068CA
:10E1F00006F000FB404510D1B9F1000F0AD0D9F864
:10E200000400394606F0DBFA38B905B12C60C6F8CF
:10E21000009000E00520BDE8F8834846E0E71120C3
:10E22000F9E7C0F30013820648BF43F00203184623
:10E23000704770B5DDE904650C463068032107F0CE
:10E2400051FD08B9112070BD2A8A02F0010391071F
:10E2500048BF43F00203510748BF43F004031107CE
:10E2600048BF43F00803D10648BF43F010039106AE
:10E2700048BF43F02003510648BF43F0400312F467
:10E28000C07F18BF43F08003611C00F8013B89B2D6
:10E2900007F022F92868346806F00AFB81B22046AC
:10E2A00007F020FD01460028CCD0286806F0D6FAF9
:10E2B0000020C8E7024691F900000B78002810B54D
:10E2C0000EDA13F0010409D113F0020005D0128810
:10E2D00042B91D2003F07F030B7010BD1B20F9E72E
:10E2E0000020FAE72046F8E72DE9F04F80468DB090
:10E2F0008946144601F0E8F8404601F069FB002623
:10E300003546824630B901F0E1F80E2420460DB0C2
:10E31000BDE8F08F09F1FF37169BADF82860BFB25A
:10E32000B945D3F800B07ED3D0F84C903946484672
:10E33000FFF778FE411C76D019EB800973D0022CD0
:10E3400099F8026007D00221584607F0CBFCC8BB01
:10E35000354611243EE0BBF81010022965D158461D
:10E3600007F0E6FC006807F0D2F899F8034030EABD
:10E3700004045DD199F8023083425CD0C5B289F8BB
:10E3800002509AF858305A0724D5534653F8070FCD
:10E3900008909A889B798DF82630ADF824209AF859
:10E3A000070002F0E6FAADF8287099F80230ADF8EF
:10E3B0002A309DF82C308DF8200064F300038DF88E
:10E3C0002C3007E099F8021001F0030107F084F8FF
:10E3D0003546002401F07AF8002C97D186EA05032F
:10E3E0009B070FD005F00203029305F0010506F02C
:10E3F00002030193009506F00103012239464046CD
:10E40000FEF782F9BDF82830002B3FF47FAFBDF84E
:10E410002A3093B905A808A906F04CF805A806F01B
:10E4200038F8044672E70E24D4E735460D24D1E7C8
:10E4300035460624CEE73546CCE708A806F025F891
:10E44000EFE72DE9F74F1C461B78DDF838B0DDE922
:10E450000C7A05461646032B3CD8DFE803F002325F
:10E460000232EEB93B686360B04663682846B3F891
:10E47000109022465B46D0470546D8B961680B8AA2
:10E48000A3EB09039B1B14D4B8F1000F15D0386817
:10E490009BB2324607F065FA606807F0F1F90CE0CC
:10E4A000019102F002FA6060B0B101994FF00108E9
:10E4B000DBE70725B8F1000FEED1284603B0BDE831
:10E4C000F08F3B68636022465B46D04763683B60E1
:10E4D0000546F2E70E25F0E71125EEE710B588B006
:10E4E000A2F1020C1C46DCF100020B9B069342EBEE
:10E4F0000C028DF810209A6802925B6801930A9BC7
:10E500000093224604ABADF81C40FFF79AFF08B019
:10E5100010BD10B588B01446022C1A460B9B06930A
:10E5200014BF022403248DF81040DC6802949B6819
:10E5300001930A9B009304ABFFF783FF08B010BD63
:10E5400008B5FDF70FFC08B1002008BDFDF712FC6F
:10E550000028F9D1FDF716FC0028F5D101F068FA82
:10E56000B0FA80F04009F0E72DE9F04FAA4B1746CA
:10E57000B3F800E0A94AAA4B15881B689BB00E4669
:10E58000002103EBC503029188464FF6FF79029CF8
:10E59000017884462C4441B914800591059B029A68
:10E5A0009342C0F2A581002418E1A64500F11000B5
:10E5B00003F1080340F31C81029943F808CC0131B0
:10E5C00023F8048C23F8029C0291E0E7944B039A11
:10E5D000D3F8009009EBC2020692928898465ABB83
:10E5E000039B59F83350AC681CB1043C54F8040F39
:10E5F000C8B92C78631E012B2AD86B6843B3DFF8A7
:10E600004CC28848884B0093022C08BF6046019595
:10E610000DF1220300220121FBF7CCFC0446C8B116
:10E62000012C09D0DAE0FFF7E7FC431C04D009EB2A
:10E63000C0008388002BD9D1039B01330393774B10
:10E64000039A1B889A42C1DB049B002B40F0538144
:10E650000324C3E056B101238DF82C303946BDF8B0
:10E660002230ADF830300BA80D95B047AB686BBBCE
:10E67000EB6833B103F11C0858F81C3CA8F11C0BE3
:10E680005BBB069ABDF822309380FBF7C1FC069B6A
:10E69000D880049B01330493CEE7FFF7ADFCD8F894
:10E6A000003003EBC000CDE900A015AB0022012132
:10E6B0005846FBF77FFC09F1040904460028AFD156
:10E6C000AB6853F809000028E7D1D1E7DFF880A153
:10E6D000DFF880B14FF00009F2E758F8183C002B42
:10E6E000B6D038F80C0CFFF79CFD00287AD14F4BC0
:10E6F00000934F48CDF804B009AB00220121FBF78D
:10E7000059FC044600288BD138F80C3CC3F3400177
:10E7100013F00C0F18BF41F00201980548BF41F0FB
:10E7200004015A0548BF41F008011C0548BF41F0EB
:10E730001001D80448BF41F020019A0448BF41F0BD
:10E7400040015B043B4B18F80A2C0093CDF804B051
:10E7500058F81C0C48BF41F080010DF12603FBF76F
:10E7600029FC044600287FF45BAF58F8083C13B13D
:10E77000BDF826201A807EB102238DF84030BDF806
:10E780002430ADF844303946BDF82630ADF8463077
:10E7900010A8CDE912B5B04738F80C0CFFF741FDD1
:10E7A00060BB58F8049CB9F1000F6ED0DFF8A8A048
:10E7B00019F8343009EBC402002B4FD1012C079318
:10E7C00063DDBDF854000130001B80B2ADF8540089
:10E7D000FBF724FC079B00284DD1052420461BB0E5
:10E7E000BDE8F08F144B154A1B6812889A4201DA73
:10E7F0000624F3E7104A0133136078E7104B114900
:10E8000000930022019209780F480AABFBF7D2FB74
:10E810000028C6D0044603E7F2820020043E002010
:10E820000C3E00202035002049E0020033E20200C7
:10E830002C350020DDE40200FC3D0020F8820020A1
:10E84000E9E202003C35002030350020243500206C
:10E8500071E002002835002034350020284B019259
:10E860000093002215AB01215046FBF7A3FB0028C3
:10E87000D0D101349CE7234A0190009222481A46E5
:10E880000121FBF797FB0028C4D158F8109CB9F17F
:10E89000000F04D04FF0030AD9F8000010B908F1B6
:10E8A0001C08E9E6D9F80830002B3FF4D1AE174B2D
:10E8B00099F8052099F804100093CDF804900DF113
:10E8C0002A03FBF777FB044600287FF4A9AE66B164
:10E8D000BDF82A308DF854A0394615A8CDE918B5F1
:10E8E000ADF85830CDF85C90B04709F11009D3E786
:10E8F00000230493A2E6DDE90423134405934DE6C7
:10E90000F7E00200B9E002003835002013E502000C
:10E910002DE9FF47054600F0D7FD284601F058F8DD
:10E92000044620B10023D0E91378C0E9133300F086
:10E93000CDFD2CB32846FFF7DEF80FB30024DFF837
:10E940004CA03E46A146A04506DC0F48394604B01F
:10E95000BDE8F04707F066BBB37813EA0A0F0CD0A6
:10E9600003F002023188CDF80890CDE9009203F05F
:10E97000010302222846FDF7C7FE01340436E2E710
:10E9800004B0BDE8F08700BFDC3D00200300FFFFBE
:10E990002DE9FF47444B1868039000F095FDFFF701
:10E9A000CFFD002879D0FFF7CBFBFCF703FC064630
:10E9B000002874D13D4F3888002841D13C4B18883D
:10E9C00030B1C00016F029F93A4B186000283ED04B
:10E9D000394BDFF8FC90DFF8FC80DFF8FCA0002565
:10E9E0001D80D9F80030AB4238DCFFF7BBFB334B5E
:10E9F0001A68FAB1324B39880093324B91FBF2F12D
:10EA00001B683148920089B207F0A0FA044600283A
:10EA100047D12D482D4F07F0DEFA3860B8B10460B9
:10EA20002546A04628464FF6FF7203A9FBF71AFBBE
:10EA3000054600BB00F04AFD304604B0BDE8F08753
:10EA4000800016F0EAF81F4B18600028B6D10624A3
:10EA5000FFF776FB2646FFF785FBEBE7DAF8003099
:10EA6000D8E9001253F82500FFF77EFD0446002880
:10EA7000EED10135B5E72B69188AFFF7D2FB0028E4
:10EA8000D0D039686B8901EB8402013321F824303E
:10EA9000D07082F802800134C4E70F24D8E704461E
:10EAA000D6E70B24D4E700BF8CA30400F882002033
:10EAB000F28200200C3E0020043E0020FC3D00209D
:10EAC00074A30400D83D0020DC3D0020F83D002068
:10EAD000003E002040350020083E0020054B1B680A
:10EAE0002BB1054BD888003818BF01207047012092
:10EAF000704700BFFC3D0020DC3D002038B50C4DC8
:10EB00002B68002B04460DDD0A4807F064FA2060EC
:10EB100060B12D68084BAA0019681AF005FA656003
:10EB2000002038BD0020C4E90000FAE70620F8E71D
:10EB3000FC3D0020DC3D0020F83D002070B505467E
:10EB400000F0C2FC284600F043FF0446E8B1006D27
:10EB50000022904201DC00260BE0E36C03EB820311
:10EB600093F902609978002E0DDA01F07F021E8879
:10EB70009A7000F0ABFC54B15EB131462846BDE856
:10EB80007040FFF703B80132E3E70646F1E70720DC
:10EB900070BD0520FCE700002DE9F0432A4B1C68FE
:10EBA00085B0054620460F46FFF73CFA421C49D087
:10EBB00004EB80044FEA8008E3789B0742D500F01D
:10EBC00083FC284600F004FFB0F85490B945034692
:10EBD00033D190F85820002412F00402A0F85440D9
:10EBE0002DD0C56C454495F90220A24228DB02468F
:10EBF000012652F8070F009091889279ADF8041021
:10EC00008DF80620D87901F0B4FEADF80890AB7805
:10EC1000ADF80A309DF80C308DF8000064F3000365
:10EC20008DF80C3000F052FC1CB916B1684605F0A6
:10EC30002CFC204605B0BDE8F0830524F2E714461D
:10EC40002646EFE70524F4E7F83D0020F0B5274B12
:10EC5000014689B005461868FFF7E4F9411C0446EF
:10EC600042D000F031FC0026A4003746304600F0C8
:10EC7000C9FE48B1C36C3BB1234401369A7862F0B7
:10EC80007F029A700127F1E700F020FC0FB100F03D
:10EC900077FC00230193ADF80C50CDF8073004A9A0
:10ECA00001A88DF80E3005F0EBFBE8B900F00CFC84
:10ECB00001A800F027FF68B900F008FC9DF81C309F
:10ECC000DA070DD443F0010304A88DF81C3005F0D9
:10ECD000DCFB05E0BDF81A309B07EDD400F0F6FB35
:10ECE0009DF80E300133DAE709B0F0BDF83D0020A1
:10ECF00037B5154601900C46B1B100F0E5FB01981F
:10ED000000F066FE70B1012D2A4600F1560128BFC1
:10ED1000012220461AF008F9002400F0D7FB204613
:10ED200003B030BD0724F8E70324F8E770B586B0D8
:10ED3000002506468DF804500C46002950D00846A0
:10ED400006F0A8FD012828BF012082B201AB2946A8
:10ED5000204606F02DFEA84244DB9DF8043003F067
:10ED600007038DF8043000F0AFFB304600F030FEB2
:10ED700090B390F856209DF804309A432ED190F825
:10ED8000584080F8563014F0040420D08DF8175005
:10ED9000054655F8070F0490AA88AB79ADF8142002
:10EDA00004A88DF8163005F081FB044678B9286870
:10EDB000AB79AA8802908DF80E3002A89DF8043035
:10EDC000ADF80C208DF80F3005F06CFB044600F018
:10EDD0007DFB204606B070BD0E24F8E71324F6E74D
:10EDE0001124F6E70E24F4E72DE9F74FDFF880A0B1
:10EDF000DFF880B00027DAF80030BB4202DC03B055
:10EE0000BDE8F08FDBF8000030F827904946FFF7A7
:10EE100009F9431C29D085004FF0000800F054FB8D
:10EE2000404600F0EFFD044698B1C16C2944023120
:10EE30005430FFF73FFA0646A088019000F046FBE9
:10EE40009CB11B2E019808D01D2E0AD008F1010894
:10EE5000E4E706464FF6FF70EFE74946FEF748FE47
:10EE6000F4E74946FEF792FEF0E70137C3E700BF3B
:10EE7000FC3D0020F83D0020F0B5064687B000F0CC
:10EE800023FB304600F0A4FD0346044653F8070F69
:10EE900002909A889B79ADF80C208DF80E30E079BD
:10EEA00001F067FD25468DF808000027236DBB4261
:10EEB00020DC2B4653F8070F00909A889B79ADF819
:10EEC00004208DF80630E87901F053FD95F85630AE
:10EED0008DF807308DF8000000F0F8FA684605F06C
:10EEE000E1FA00F0F1FA304600F072FD00F0EEFABF
:10EEF00007B0F0BDE26C02EB87039B78B3B132F848
:10EF00002720ADF812309DF81430ADF810206FF3C3
:10EF100000038DF8143000F0D9FA02A805F0B5FA14
:10EF200000F0D2FA304600F053FD05460137BDE748
:10EF30002DE9F041064690B000F0C6FA304600F0E8
:10EF400047FD0346044653F8070F09909A889B79BA
:10EF5000ADF828208DF82A30E079DFF8088101F03B
:10EF600008FD00278DF82400ADF82C708DF82E7068
:10EF700000F0ACFA0CA909A805F082FA002858D1D3
:10EF800000F0A2FA304600F023FDC56CBDF8381041
:10EF900004462846FFF746F8411C1FD1002500F023
:10EFA00095FA9DF83A3013EA080F0DD003F00202EB
:10EFB00003F00103CDE901720093BDF8381000237E
:10EFC00003223046FDF7A0FB1B2D1BD01D2D2AD0A0
:10EFD0009DF82E3001338DF82E30CBE715EB8001F4
:10EFE000DCD09DF83A308B709DF83C20D207D5D507
:10EFF00063F07F0301F8023F04F15400FFF75AF970
:10F000000546CCE7BDF838103046FEF771FD002804
:10F01000DED19DF83C3060F300030CA88DF83C3045
:10F0200005F033FAD4E7BDF838103046FEF7AEFDF0
:10F03000CEE700238DF82330234605A953F8070FA8
:10F0400007909A889B79ADF8202007A88DF8223088
:10F0500005F023FA18B99DF81B3084F8563010B02B
:10F06000BDE8F0810300FFFF10B50C46FFF788F8FC
:10F0700020B12CB183882380002010BD0520FCE73F
:10F080002046FAE7F7B516461D466A4601ABFFF77C
:10F0900097F828B9019B1C6842F6030714B90520AC
:10F0A00003B0F0BD009B6289DB889A42F7D86068A4
:10F0B00005F0A0FBB842F2D06068314605F07FFB56
:10F0C00018B915B163892B80EAE72468E6E70000E8
:10F0D0002DE9F041054600F0F7F9FFF731FAB8B134
:10F0E0000D4EDFF838803468D8F800000134A700EE
:10F0F000394615F096FD68B1C1193460C8F80000B2
:10F1000041F8045C002400F0E1F92046BDE8F081FC
:10F110000F24F8E70624F6E7003E0020083E002012
:10F1200000232DE9F04342F2BB7C1D461E4642F20D
:10F130001F770278B1B272B948480488214401802F
:10F140004749088803440B8046490B8803EB850533
:10F150000D80104646E0013A012A42D84268002A52
:10F160003FD0826801339BB242B1043A194652F84B
:10F17000044F0B46013189B2002CF8D1C2680AB1A4
:10F18000116811B901361030D3E7516849B3118ABB
:10F1900001F03001D1B90233D1689BB211B10C68D2
:10F1A0008E46BCB9916979B14FF0000E91F800809C
:10F1B00003EB0E04A4B2B8F1000F15D1BEF1010F9C
:10F1C000C6BF631C9BB223461C32D9E70135ADB2E2
:10F1D0000333E1E7DEF8084001339BB21031002C25
:10F1E000DDD10320BDE8F08308F1FF38B8F11B0F33
:10F1F000F7D8B1F80280A8F51C541FFA84F9B9F1C8
:10F20000C80FEED8A4F108091FFA89F9B9F1070F60
:10F21000E7D9B845E5D0363CA4B2092CE1D9A8F528
:10F220001D54A4F118091FFA89F9B9F1070FD8D9AB
:10F23000293CA4B2162CD4D9A8F51E54083C172C8E
:10F24000CFD9E045CDD00C79012C03D1CC88B4F5D1
:10F25000887FC6D80EF1010E0831A7E7F2820020A0
:10F26000F4820020F882002010B500F02DF9FFF79D
:10F2700067F940B1FBF77AFF044B00241C6000F0F3
:10F2800025F9204610BD0F24F9E700BFFC3D002002
:10F29000024B00201860024B18607047FC3D0020B4
:10F2A000F83D002037B5044600F13C05E06BA0B105
:10F2B0004268E26302B925641038019001A9204632
:10F2C00000F0ECFD0128F1D1019BE26B5A6103F1E2
:10F2D00010010AB914332364E16303B030BD0000A8
:10F2E000024B0349186806F093BF00BF403E002060
:10F2F000283E002010B584680146044806F092FEBE
:10F300002046BDE8104001F0D7B800BFD4820020ED
:10F31000FFF76ABD08B5084B1B78022B014607486A
:10F3200006D007F0BDF9BDE80840044807F04EB923
:10F33000BDE8084007F060B9F6820020DC3E0020FE
:10F3400038B5054614F088FE0446114807F0B6F9B2
:10F3500020B92846BDE83840FFF7DCBF0C4807F06D
:10F36000C1F92C44241A002CF3DB094807F0BAF940
:10F37000044614F071FE844208D8054807F0B2F93B
:10F3800014F06AFE024807F099F9E2E738BD00BFC1
:10F39000DC3E00206FF00043984201D0FFF7D0BF61
:10F3A0007047000038B50B4D01232B7001F090FC25
:10F3B000041E14BF0023022366202B70FFF7C0FF3A
:10F3C00034B901F0D9FA044B5B69044603B198479C
:10F3D000204638BDF0820020403500200E4B10B58D
:10F3E00000220E4C1A70204601F0D6FA88B90C4C57
:10F3F0002068FCF7C3FD01F01FFA0A4B1B6913B12B
:10F40000206800B1984700232360BDE81040FFF753
:10F41000C9BF06F035FAE6E7F0820020C83E0020BA
:10F42000C43E002040350020FFF7D8BF08B5134B7D
:10F430001B78BBB1022B19D1FEF7AAFAFFF7AAFF7E
:10F4400002F042F8FFF7A6FF03F0C8F9FFF7A2FFAA
:10F4500000F098FBFFF79EFFFCF7FAFABDE80840C2
:10F46000FFF798BFBDE80840FFF7B8BF044B054A57
:10F4700005484FF4E97117F04DF800BFF082002005
:10F480003E9D0400F6A3040090A3040008B515F007
:10F490003BF8012806D015F031F8034B1B681B1A06
:10F4A0005842584108BD00BFC03E002002484FF0FE
:10F4B000FF3106F08FBF00BFBC3E0020014806F0C0
:10F4C000AFBF00BFBC3E0020FFF7F0BFFFF7F6BFA5
:10F4D00010B5044C204601F05FFA00B910BD01F0F0
:10F4E00019F8F7E7C83E0020FFF7F2BF10B5FFF7A5
:10F4F000DDFF00F09DFA30B190F828305B070AD5A7
:10F50000FFF7D0FE18B900F093FA04462CB9BDE815
:10F510001040FFF7D3BF0068EDE72046FFF7C2FEBB
:10F520000028F4D12468F1E7024B1878831E584272
:10F5300058417047F68200200020FFF7EBBE000024
:10F5400010B504460B4806F046FD014660B10A4B73
:10F550001868036843B100230B60084BC1E901340C
:10F56000BDE8104006F054BE2046BDE8104005F04E
:10F5700037BF00BFD4820020403E0020F5F20200D9
:10F58000024B0349186806F043BE00BF403E00200E
:10F59000343E0020034B04491860044B186806F001
:10F5A00037BE00BFC43E0020103E0020403E002079
:10F5B00000F5C060FFF7EEBF10B5FFF777FF164B01
:10F5C0001C78012C23D0022C1DD0ACB902221A7059
:10F5D000FFF774FF14F092FF104B11491860114AA5
:10F5E00009681148234606F0D1FFFFF7D1F9044618
:10F5F00058B9FFF7D7FE08E00C4B0D4A0D4840F212
:10F60000A72116F087FFFFF759FF204610BDFFF72F
:10F6100055FF0F24F9E700BFF6820020C03E00200E
:10F62000403E00202DF40200DC3E00203E9D040000
:10F6300021A4040090A3040008B5FFF7BDFF30B17A
:10F64000034B044A044840F25B2116F063FF08BDF7
:10F65000A59D040007A4040090A3040009F0A0BA2B
:10F6600037B5404B00934048404B0C220A2106F02E
:10F670006DFC30B13E4B3F4A40F213313E4816F02C
:10F6800049FF3E4B3E4A18603E4B3F4C18703F4B83
:10F690002060C3E9012018603D4A3E4BC3E90120C8
:10F6A00018603D4B3D4AC4E901303D4B1860C3E949
:10F6B000012000F0A7FC00F09FFA20B12C4B2D4A4E
:10F6C0004FF44A71DAE701F049FD20B1284B294A8D
:10F6D00040F23231D2E7FDF77BF920B1244B254AC5
:10F6E00040F23631CAE7F9F70DFF20B1204B214A2D
:10F6F00040F23A31C2E7FBF787FD20B11C4B1D4AAF
:10F7000040F23D31BAE7FEF75FFC20B1184B194AD1
:10F710004FF45071B2E7FFF7BBFD054620B1144B23
:10F72000144A4FF45271A9E701F0F6FB1D491E4837
:10F730002A4601F029F91D4806F034FE20B10C4B91
:10F740000C4A40F2553199E705F072FF184B1860EA
:10F7500005F06EFF214606F05BFD03B0BDE83040CA
:10F7600000F068BAE3A30400D4820020443E0020E5
:10F77000A59D04002EA4040090A30400C43E002014
:10F7800011F30200F68200201C3E0020343E0020CF
:10F7900029F40200103E0020E1F2020039F60200D6
:10F7A000283E0020E9F40200C83E0020BC3E0020B4
:10F7B000403E0020002100F039BB000010B5044697
:10F7C00000F035FA054B06481968224601F0F4F8B6
:10F7D00018B1204606F054F80B2010BD403E002022
:10F7E000C83E0020FFF73CBF13B50190FFF76CFE49
:10F7F000019800F0EDF8044620B100F0DDF8204655
:10F8000000F078F8FFF762FE002C0CBF0720002004
:10F8100002B010BD13B50C460190FFF755FE0198DC
:10F8200000F0D6F848B11CB190F8283023700024BD
:10F83000FFF74CFE204602B010BD0724F8E710B5D4
:10F84000FFF742FE00F0F4F820B18488FFF73EFE97
:10F85000204610BD4FF6FF74F8E7000008B5074BCF
:10F86000D88840B1064BDB88022B05D9FFF736F963
:10F87000003818BF012008BD0020FCE758400020D8
:10F8800010830020C06A00B9704703898B4203D0FF
:10F8900001D80068F7E70020704770B5C46A0023FC
:10F8A000224622B116890D89AE420CD004D933B953
:10F8B0000C60C162002070BD13461268F1E71A683F
:10F8C0000A601960F6E70220F5E7036B0A688B42CD
:10F8D00004BF00230363C36A8B4210B404D1C26225
:10F8E0005DF8044B01F038BB1C461B688B42FBD112
:10F8F0002260F5E738B50446D0B14430FBF761FA31
:10F90000E16A49B904F13C05E06B48B92146094870
:10F91000BDE8384006F086BB2046FFF7D6FFEFE78C
:10F920004368E36303B92564103805F0A9FFEBE7EA
:10F9300038BD00BF5840002038B505461D4806F0C8
:10F940004AFB044680B30021782219F015FB0023FE
:10F95000A580E3622846F9F72BFD014620B3204637
:10F96000FFF79BFF00BB284601F088FD0146D8B198
:10F970002046FFF792FFB8B9284603F04DFC014638
:10F9800090B12046FFF789FF70B904F14C00FFF7F2
:10F99000B5F848B9234643F83C0F2364234643F89F
:10F9A0006C0F2367204638BD2046FFF7A3FF0024D5
:10F9B000F8E700BF58400020044902680B68834202
:10F9C00001D10A60704719461B68F8E774400020AF
:10F9D000044A0346106800B9704782889A42FBD0F7
:10F9E0000068F8E77440002008B501468088FFF7FA
:10F9F000EFFF024B1A680A60196008BD74400020CE
:10FA0000FFF7E6BF054B02461868002300B97047B0
:10FA10009342FCD000680133F8E700BF7440002037
:10FA200008B5FFF7D5FF003818BF012008BD00005A
:10FA3000014B1868704700BF7440002037B5054679
:10FA400080790C4600F08FFF0022207001A900F0A1
:10FA500085FE30B1274B284A284840F2B31116F0F2
:10FA600059FD019B26491A68C4F801209B88A4F817
:10FA70000530062205F10F0019F048FA04F10E03D3
:10FA800008BB2268C4F80E20A2889A80A2799A71D5
:10FA90002B4653F8072FC4F807209A88A4F80B20A8
:10FAA0009A791968627304F11502C4F815109988DF
:10FAB0009B79A4F819109371EB79022B0CD0032BCE
:10FAC00015D003B030BD2A4652F80E1FC4F80E10F0
:10FAD000918899809279DAE70023E37155F8153F10
:10FAE000C4F81530AB889380AB799371E9E70123B3
:10FAF000F3E700BFA59D0400A3A404003AA40400FA
:10FB0000B5A40400F0B5054689B018B90024204614
:10FB100009B0F0BD1A4B1C68461C002CF6D02A78A0
:10FB2000012A12D1AB7903F0C003402B0DD1637DC4
:10FB3000012B01D02468F0E70622314604F11600BB
:10FB400019F0E4F90028F5D1E1E7E779BA4207D1E5
:10FB50000622314604F1080019F0D8F90028D6D061
:10FB6000012FE7D901A92046FFF768FF9DF80B2078
:10FB70002B789A42DED10622314603A8E0E700BF87
:10FB8000744000202DE9F04114F066FA8046FFF73A
:10FB90009BFC184B1C686FF0004524B9FFF796FCDE
:10FBA0002846BDE8F08194F828309B070AD4266BDC
:10FBB0007EB1636BA3EB0803002B05DC1321204609
:10FBC000FCF7E8F82468E8E79D42CABF1F46002614
:10FBD0000126414604F14400FAF760FA031EEDDD08
:10FBE0009D4203DC002E18BF3D46EBE71F461D4635
:10FBF000E8E700BF7440002007B5084B00930848B1
:10FC0000084B7822032106F0A1F920B9064B1860B1
:10FC100003B05DF804FB0B20FAE700BF92A40400D8
:10FC200058400020F03E002074400020704770478C
:10FC3000002070477047000008B50648102105F005
:10FC4000DFFD18B102680432026008BDBDE808405B
:10FC500000F025BEAC41002030B129B1034B188023
:10FC6000034B002019807047032070477C40002020
:10FC7000FA820020054A13881844B0F5803F02DB61
:10FC80000C20FFF787BC1080704700BFFA8200206D
:10FC90002DE9F04188B00C4605464FF0FF315C4835
:10FCA00003921E469DF838805A4F06F093FB21467A
:10FCB000039A284600F0C8F9044600283AD156486D
:10FCC0004FF4006106F0ECFB38B1062814BF0B249A
:10FCD00013242046FFF75EFC2CE010220DEB0200FF
:10FCE000214619F049F93A6813780E2B03D00F2BEF
:10FCF00055D01124EDE7517803293BDC01D00C24C9
:10FD0000E7E7B2F80330002BF9D1CDE904440694BB
:10FD100016B10599002955D100230693BDF81C3072
:10FD20000596AB42EBD1002CD3D1049C14B9069BB1
:10FD30004345CED1386818B105F052FB00233B6033
:10FD4000334806F06DFB002C4BD01F2C4FF0000306
:10FD50004BDC324A52F833108C423FD102EBC303E2
:10FD60002F485B680093C5F309022346A90A16F0E1
:10FD700095F836E01079D37843EA0023ADF81C30CB
:10FD8000537943B103F5007304390493069121B10B
:10FD900006320592BCE72346F6E70591B8E75378AB
:10FDA000042BACD11379517943EA0123ADF81C300F
:10FDB0009378CDE905441BB103F500730493A7E7DD
:10FDC0002346FBE7069B4345C8BFCDF81880069A3B
:10FDD0003046C8BF0C2419F0A7F89FE701331F2B4A
:10FDE000B8D1204608B0BDE8F0810E4A52F8331071
:10FDF0008C4209D102EBC3030B485B680093C5F347
:10FE000009022346A90AB2E70133432BEED1E8E702
:10FE1000D441002078400020D8410020A8BA040036
:10FE2000BBA40400A0BB0400E7A4040038B5037819
:10FE30000E2B044606D00F2B23D02046FFF780FB65
:10FE4000002038BDB0F8033042F21F02934212D8AE
:10FE500042F21C029342F0D8B3FA83F35B09002B01
:10FE6000EBD10C4D286813F07AFE80B258B12046D1
:10FE700005F0B6FAE4E7A3F50052333A012ADCD9DB
:10FE8000EAE78388E8E7044B28461C6006F042FB5B
:10FE9000D6E700BFD8410020784000202DE9F34785
:10FEA0000B68009300230B6090F828A0344FDFF814
:10FEB000D480DFF8D49005460E46CAF3800A009C31
:10FEC000002C56D03B880BB934600AE0B8F800101B
:10FED00000234A46684605F05DFB044618B9009BBE
:10FEE000336001241CE000225146A88800F05FFB2B
:10FEF000014601A805F0F0FA218A0DF1060005F08F
:10FF0000EBFA0421204605F054FE68B9062495F862
:10FF10002830009823F0040385F8283005F0B0FC61
:10FF2000204602B0BDE8F087042105F001FF044639
:10FF30000028EBD00368019A1A600DF1060005F065
:10FF4000E6FA204600F084FC2046FFF787FB0446D3
:10FF50000028DCD195F8283043F0040385F82830D8
:10FF60002B8F01332B873B88013B3B804FF0010AED
:10FF7000A5E795F8283023F0040385F82830CFE76B
:10FF8000FA8200207C40002039FC0200C36B0BB9D0
:10FF9000FFF784BF01207047014B1860704700BF16
:10FFA0001C420020014B1870704700BF2042002007
:10FFB000014B1878704700BF2042002084B030B554
:10FFC00003AC84E80F00074A13AD234603CBAB42D2
:10FFD000106051601C4602F10802F6D1BDE83040C5
:10FFE00004B07047DC41002010B5054B024603F118
:10FFF000400153F8044B42F8044B8B42F9D110BD39
:020000023000CC
:10000000DC41002007B50021094806F02FFA094815
:1000100006F0C8F9084B01934FF496730093074A12
:1000200007490848012305F09CFA03B05DF804FB7A
:10003000D8410020D441002012A50400AC4100208A
:10004000B841002080400020F8B5124B1B78012BEE
:1000500007460E46154604D0022B06D0C3B916201B
:1000600017E0FFF713FA0028F9D005F0A1F90446CC
:100070000780857025B12A463146033018F054FFB9
:10008000204608F08BFD20B1072801D1142000E0A4
:100090001120F8BDF08200203AB10878182806D85F
:1000A000044B53F8203013B118470C207047002040
:1000B000704700BF20BE04000020704708B5084606
:1000C000D1B2FCF7D3FB002008BD08B50846D1B279
:1000D000FCF7B5FB002008BD08B50846D1B2FCF717
:1000E00096FB002008BD08B5084622B1D1B2FCF746
:1000F0005EFB002008BD0C20FCE7012A08B504D1F6
:100100000878FFF755FA002008BD0C20FCE7032A09
:1001100008B5084603D102F0E2FD002008BD0C201E
:10012000FCE7042A08B5084603D102F0D0FD002000
:1001300008BD0C20FCE7082A08B5084603D1FBF7E8
:10014000EBFB002008BD0C20FCE7062A08B508469A
:1001500003D1FBF723FC002008BD0C20FCE770B5A1
:1001600086B014460E4618220021684618F004FF97
:10017000012C35D97378B4EB031F31D100250395D9
:100180008DF80150B41C7378AB4204F1100402DC0A
:10019000002006B070BD14F8103C8DF8003014F843
:1001A0000F3C8DF802302346684653F80E2DCDF8EB
:1001B00003209B88ADF8073014F8083C8DF8103008
:1001C0002346013553F8072DCDF811209B88ADF853
:1001D000153014F8013C8DF80930FBF721FAD2E70D
:1001E0000C20D6E7F0B587B014460D461822002142
:1001F000684618F0C1FE012C44D9A21E6C78631E1B
:10020000182B05F102063BD8304600216FF0090C8F
:10021000092A37D9037A934234D80131ACEB03076A
:10022000A14203F10A033A441844F1DB52BB0492A1
:100230001446CDF81320327A3346511D0E441978F6
:100240008DF8001059788DF8021019468DF80120AC
:1002500051F8020FCDF803008988ADF8071003F1BB
:100260000901134403915B7A8DF809306846FBF766
:10027000D7F96B780134A342DDDC002007B0F0BD74
:100280000A20FBE70C20F9E70B2A08B5084603D142
:10029000FBF7A4FB002008BD0C20FCE70B2A08B5E7
:1002A000084603D1FBF722FF002008BD0C20FCE725
:1002B0000D2A08B5084603D102F017FD002008BD3D
:1002C0000C20FCE70C2A08B5084603D1FBF7FAFA24
:1002D000002008BD0C20FCE70A2A08B5084603D117
:1002E000FBF766FE002008BD0C20FCE7042A10B5D1
:1002F0000C4612D1FFF7E8F8B4F80100FFF768FBED
:1003000010B1008FFFF7B6FCFFF7E0F82046FBF7CF
:100310000FFEFFF7EBF8002010BD0C20FCE7F8B54E
:100320000C464AB30978012303EB8103934223D19E
:10033000002523789D4203DBFFF7D8F80020F8BDA5
:1003400004EB8507B7F803608EB1FFF7BDF8B7F887
:100350000100FFF73DFB40B1038F9E4209D90C20FD
:10036000FFF718F93046FFF785FCFFF7AFF80135C6
:10037000DFE79B1B0387F5E70C20E0E710B51F2A9A
:1003800088B00C4648D120220021684618F0F4FDC0
:1003900063788DF80030002B38D1E278A37843EAF7
:1003A0000223ADF8023023798DF8043063798DF89B
:1003B0000530234653F8062FCDF806209B88ADF86C
:1003C0000A30234653F80C2FCDF813209B88ADF844
:1003D0001730234653F8122FCDF819209B88627EE0
:1003E000ADF81D30237E43EA0223ADF80C30E27EE7
:1003F000A37E43EA0223ADF80E30627F237F43EAF7
:100400000223ADF81030A37F8DF81230002168462A
:10041000FBF72CF908B010BD0C20FBE710B5132A30
:1004200088B00C4637D120220021684618F0A4FD80
:1004300063788DF8003043BBE278A37843EA022367
:10044000ADF8023023798DF8043063798DF80530EA
:10045000234653F8062FCDF806209B88627BADF823
:100460000A30237B43EA0223ADF80C30E27BA37B06
:1004700043EA0223ADF80E30627C237C43EA022378
:10048000ADF81030A37C8DF8123000216846FBF7E0
:10049000EDF808B010BD0C20FBE7002070470020ED
:1004A00070470020704700207047002070470020F0
:1004B000704700207047000070B5044600780E2891
:1004C00013D1B4F80310124BC9B200221E788E4229
:1004D0001D4616D001320D2A03F10803F6D1082576
:1004E000204604F07DFF284670BD094B0022197894
:1004F00081421D4605D001320D2A03F10803F6D1D1
:10050000EDE76B686278A11C98470546E8E700BFF5
:10051000B8BD04002DE9F04186B003A9064600F0FD
:10052000A5F8054600283ED1304600F091F9BDF807
:100530000E20338A9A4238D1BDF80C80C8F30B08DC
:10054000FEF7C2FF4046FFF743FA0746A8B94FF04F
:10055000FF3305930724FEF7B9FFC4B1012C1ED069
:10056000059B5A1C05D000229BB21146404601F063
:1005700066F8304605F084F910E005AB009332468A
:1005800004AB03A900F038FD2E460446E3E7386BC0
:10059000049B9847396B384600F024FD25462846D1
:1005A00006B0BDE8F0810446E3E70A24E1E740EA4B
:1005B000823242EA013080B27047F0B5054685B01C
:1005C0000C460827002C02DC002005B0F0BD0022FC
:1005D000009702AB114642F21800FFF759FB0028C2
:1005E000F3D1082C2646A8BF08262846324602A981
:1005F00018F09AFCA41B3544E4E71FB503460068D5
:100600009B88ADF80C30002302900093062202A9CB
:1006100042F20500FFF73CFB05B05DF804FB10B5A6
:10062000A1F11B03E02B86B004461DD8A2F5A473EC
:100630009BB244F24810834216D80223ADF8121040
:10064000ADF814200093062203AB04A942F2220065
:10065000ADF81040FFF71CFB20B9BDF80C30A342E9
:1006600018BF0C2006B010BD0320FBE770B50B4689
:100670000C4604220021064605F09AF9054678B991
:100680000421304605F0BAF9204604F040FF234625
:1006900023F8020B184604F03AFF6080284670BD2C
:1006A0000C25FBE710B50446FEF70EFF044B22684D
:1006B0001A60A2889A80BDE81040FEF707BF00BF0D
:1006C0002142002038B50546084601230C4600F8B3
:1006D000013B0621FFF771FF20B9A3791DB103F09B
:1006E0003F03A37138BD63F03F03FAE7F8B5044652
:1006F000FEF7EAFE2078677918F0D6F905466078AB
:1007000018F0D2F90544A07818F0CEF90544E07845
:1007100018F0CAF90544207918F0C6F9054407F025
:100720003F0018F0C1F907F0C00628440EB1C02EF2
:1007300010D178B12E280DD02046FFF75EFF054678
:1007400020B9054B22681A60A2889A80FEF7BEFE87
:100750002846F8BD0325F9E727420020F8B50E46E4
:100760001446032819D8DFE800F0150215020E4DD3
:100770006B7913F0C00F0CBF012700270B4906222D
:10078000284618F0C3FB50B106B135604CB1276064
:100790000020F8BD064D0027F0E70320F9E71520FB
:1007A000F7E72046F5E700BF2742002084BE04009B
:1007B00021420020012807B504D9831E012B08D946
:1007C000032003E000221146FFF7C8FF03B05DF8E5
:1007D00004FB00F0C8F801AA0021FFF7BFFF0028C2
:1007E000F4D10198002818BF1520EFE730B585B087
:1007F0000C4601900092FEF767FE009A019803A94B
:10080000FFF7ACFF054628B924B1039B1A682260A4
:100810009B88A380FEF75AFE284605B030BD10B570
:100820000446FFF7C7FF30B9023C012C03D8BDE8EE
:10083000104000F015B910BD034A002313609380E7
:10084000024A136093807047214200202742002013
:1008500037B5054600242B8AA34201DC03B030BD26
:1008600021460DF107030122284605F0A1F80134C5
:10087000F1E7704710B510210446002004F0D6FFC0
:10088000034630B182681288A24204D204F0F8FF15
:100890000023184610BD006820441860F9E70520C1
:1008A000FFF7E8BF0920FFF7E5BF0D20FFF7E2BF24
:1008B00013B501900091FFF7F8FF044648B1DDE958
:1008C0000032002105F0B4F918B1204604F0D8FF39
:1008D0000024204602B010BD10B504460068038A0B
:1008E0008B4208DB89B205F023FA0028206014BF90
:1008F0000020062010BD0A20FCE708B591F8393029
:10090000DB0706D5084601F1290210F8011B00F0AB
:1009100041F9002008BD73B5164601911D46FFF749
:1009200057F8044660B10199FEF7ACFF011E0CBFF9
:100930000720002006B1346005B1296002B070BD07
:1009400001460720F6E737B515461C4601AA6B4657
:10095000FFF7E1FF28B90DB1019B2B600CB1009BA3
:10096000236003B030BD00F0FD00431E58425841E3
:100970007047FFF7F8BF000002490022022003F091
:10098000D7BD00BFFB0803000023C0E90030C0E969
:10099000031283601846704738B5054612F08CFC88
:1009A0002C681CB163682B6003B96D6012F08CFC7D
:1009B00004B1103C204638BDF8B55379072B0646E4
:1009C0000C46154613D912F077FC002773686F6147
:1009D00005F1100214351A60756012F075FC44B10F
:1009E000204606F1080105F013FC3846F8BD022048
:1009F000FCE72046FAE71FB50023ADF80C00009392
:100A0000022203A942F22E00FFF742F905B05DF879
:100A100004FB1FB500238DF80C000093012203A9ED
:100A200042F22D00FFF734F905B05DF804FB1FB565
:100A30000B68CDF8093001288B88ADF80D3088BFE0
:100A400000F0010000238DF808000093072202A99E
:100A500042F22800FFF71CF905B05DF804FB000026
:100A600010B50C4C22788AB90B4B188858B1431E2C
:100A70009BB24AF2B71293420AD8FFF7BCFF08B9FB
:100A80000123237010BD4FF49670F6E70020F9E7BC
:100A90001220F7E73D4200200C83002010B500240F
:100AA0008AB01722214604A8CDE90144039418F026
:100AB00063FA224601A92046FFF750FE019B2BB1A5
:100AC0001A68CDF809209B88ADF80D30002404A9E0
:100AD00002A88DF8084003F003FD60B91A4A0DF131
:100AE00017030DF1270153F8040B42F8040B8B4256
:100AF000F9D10AB010BD21461348102218F03CFA73
:100B000011481021FFF759FD0028F2D10E4B049037
:100B10000DF11702CDF8130003F1100153F8040B87
:100B200042F8040B8B42F9D1019B2BB11A68CDF826
:100B300011209B88ADF81530002304A88DF81030E3
:100B400003F0D3FCD5E700BFFC820020014B03601B
:100B5000002070472D4200201FB50378012B16D8C6
:100B60008DF8083050F8013FCDF809308388ADF892
:100B70000D30082200238DF80F1000930DEB0201B9
:100B800042F24E00FFF784F805B05DF804FB122036
:100B9000FAE7000070B50E468EB005461446FBF726
:100BA000A7FE012E39D82B68CDF81130AB88ADF8EF
:100BB00015301B4B8DF810600DF1270203F1100169
:100BC00053F8040B42F8040B8B42F9D122460DF185
:100BD000170304F1100152F8040B43F8040B8A4286
:100BE000F9D100230093272204A942F22700FFF73E
:100BF0004FF8044660B92B68CDF809300121AB8865
:100C00008DF8086002A8ADF80D30FFF7A5FF044687
:100C1000FBF77AFE20460EB070BD1224F8E700BF45
:100C20002D42002030B589B000283DD0034604ACE9
:100C300000F1100518685968224603C20833AB4218
:100C40001446F7D11F4A04AC08AD234603CBAB4290
:100C5000106051601C4602F10802F6D10020FFF737
:100C6000D8FE0446E8B9009003460246014642F227
:100C70002900FFF70DF8044698B90120FFF7C9FED7
:100C8000044670B9102201460290ADF80C000DEB3D
:100C9000020018F071F9214604AA02A8FFF77AFFB2
:100CA0000446204609B030BD074B04AC03F11005E3
:100CB00018685968224603C20833AB421446F7D17C
:100CC000C0E700BF2D420020FC8200200000000091
:100CD0002DE9F041AEB0002300931A46194640F6C4
:100CE0000340FEF7D5FF0446002840F0C6801EAF43
:100CF0004FF0080802460146CDF800803B4641F21D
:100D00000100FEF7C5FF0446002840F0B6809DF8BC
:100D10007800FFF747F940230093224621460EABA7
:100D200041F20200FEF7B4FF0446002840F0A5801F
:100D30000EAE0FCE3D460FC50FCE0FC50FCE0FC561
:100D400096E80F0085E80F0022AE0FCE6D460FC566
:100D50000FCE0FC596E80F0085E80F0097E80F004B
:100D6000FFF72CF9FFF724F905463846FFF73CF961
:100D700055A3D3E900230094CDE90C230CA9234605
:100D8000424640F60140FEF783FF0446002874D136
:100D9000062D5ED8FFF70CF9062872D81F22002313
:100DA000CDE91E23002300930822394642F20100B8
:100DB000FEF76EFF044600285FD10323009302462E
:100DC00001463B4642F20200FEF762FF044600285D
:100DD00053D1BDF878209DF87A10002A5CD089B2F2
:100DE0001046FEF739FF0446002846D10823009339
:100DF000024601463B4642F20300FEF749FF044625
:100E000000283AD11E98FFF7C7F806230093224620
:100E100021463B4641F20900FEF73AFF044660BB1B
:100E20003846FFF73FFC264B9D69002D44D0202219
:100E30002146384618F0A0F84FF6FF7239460220D6
:100E4000A847002838D13846FFF7ECFEFEF7F0FE41
:100E500013E09DF88E305B079CD54FF40002002311
:100E6000CDE90E230090034642460EA940F66340AA
:100E7000FEF70EFF044600288CD020462EB0BDE8B9
:100E8000F081072803D0082803D00E4A87E73F22C5
:100E900085E740F27F6282E70723009311463B46D5
:100EA00041F20500FEF7F4FE04460028E5D1BDF846
:100EB0007820BDF87B1093E7FFF7F0FD0020C3E733
:100EC000403500207FFE0F00908800020080002047
:100ED00010B50C4805F0E4FBFEF7F6FA0A48FBF7FC
:100EE0005DFD0A4A002314681360094A1370FEF777
:100EF000EDFA04B910BDD4E9003100209847A46888
:100F0000F7E700BF50420020404200204C42002042
:100F1000F6820020FFF7DCBF10B504F089FBBDE8C6
:100F200010400146024A0348002305F02FBB00BFD2
:100F3000150F03005042002038B50546054805F05E
:100F40004AF8044620B11C22002118F015F8A580AB
:100F5000204638BD1083002010B50C4641B1086909
:100F600004F08EFC21460348BDE8104005F05AB855
:100F700010BD00BF10830020807B00F0010070478F
:100F800038B513461446042204F012FD054658B93C
:100F9000204604F0BCFA234623F8020B184604F05E
:100FA000B6FA6080284638BD0425FBE737B504460D
:100FB0000D4601A8114604F08FFA29460DF10600EE
:100FC00004F08AFA0421204604F011FF10B10368EE
:100FD000019A1A6003B030BD08B1808870474FF69F
:100FE000FF70704738B50C4600250563086904F0AA
:100FF00047FC2561A58238BD2DE9F743DDF828902F
:1010000098464FF0FF33C9F800300B88C3F3013323
:10101000012B0746164656D0022B27D101AA0021E4
:101020003046FFF7ADFF0546002846D10421304683
:1010300004F0E4FCBDF806103846FEF723FC044635
:1010400048B9BDF806304FF6FF72934201D0C9F897
:101050000030052531E0C288403A92B23F2A07D8D5
:101060004389BDF8042002339A4201DD0A2524E0B9
:1010700023691BB121463846FFF7B4FF2389BDF829
:101080000450042BA5F102051BD12046F8F75BF9AB
:101090008542EBDCBDF804303C63A3822069C8B90B
:1010A00026612369A08A1D8A2D1A002D1EDD214686
:1010B0003846FFF797FF0A250026304604F0E0FB8C
:1010C00018E06089E4E7046B002CCFD02369002B83
:1010D000E4D1CBE7314604F0B9FE0028E1D10C4B56
:1010E0000C4A0D4840F2131115F014FA06D1A36909
:1010F000C8F80030284603B0BDE8F08312F0ACFF1A
:1011000000F5EA4030307863FEF716FA0125D3E7A0
:101110005EA10400F4BE04008ABE040013B5C988B1
:10112000019204461046128AFFF740FF019090B1E9
:1011300001A92046FEF72AFF58B1012809D1019ADA
:10114000216C0023536102F1100014320860226404
:10115000184602B010BD0620FBE7000007B50A4B99
:1011600000930A480A4B1C22092104F0EFFE38B90B
:1011700000F0F0F928B903B05DF804EB02F02EB8E6
:101180000B2003B05DF804FBE0BE040010830020D8
:101190006442002008207047C36813B102690089C7
:1011A000184770472DE9F041164607468846FEF776
:1011B0008BF9114B1A68002514465CB12189B9429C
:1011C00010D1A17A41450DD14EB975B912681A6096
:1011D00002B95B60FEF77AF92046BDE8F081E17A5A
:1011E000B142F2D025462468E7E72A6812682A60EF
:1011F000002AEFD15D60EDE794430020014610B175
:10120000014804F00FBF70477843002008B54A78C2
:101210000121FFF7C7FF08B1FFF7F0FF002008BD6D
:1012200070B516464A780021FFF7BCFF0546B8B1F5
:1012300002213046FFF750FB044678B933681B683B
:101240001B885BB1012B14BF0A2110212846FFF730
:10125000A3FF2846FFF7D2FF204670BD2146F5E7E1
:101260000446F9E7F0B5868885B000F11007054619
:101270000069FFF7EDFA04213846FFF72DFB04461D
:1012800028BB2B6903AAD988186800F098F9286947
:10129000042104F0B3FB2B691A8ABDF80E309A4280
:1012A0001AD19DF80C301A2B14D80C4A52F823305E
:1012B00083B13A4603A930469847044638B1002323
:1012C0009DF80D1000931A46304600F09EF9204616
:1012D00005B0F0BD1024F2E70A24F8E720BF0400AF
:1012E000F0B5054687B00F46104608211646FFF7B1
:1012F000F3FA044688BB0DF107012846FEF78AFA87
:10130000044650BB9DF80730DB0746D533681B68A1
:101310001A88ADF80C2090B25A88ADF80E2091B220
:101320009A88ADF810201FFA82FCDA88ADF81220F6
:1013300093B2821F92B240F67A46B24205940FD918
:101340000126797802AB0222132000F03FF920B188
:1013500006800299284600F015F9204607B0F0BD36
:101360008A1F92B2B242EBD88842E9D8BCF5FA7F24
:10137000E6D20A3B9BB240F676429342E0D803A9FC
:101380002846FAF7F6FA0028DAD103A92846FAF730
:1013900027FF061E18BF0126D3E71024DDE7000053
:1013A0002DE9F043074685B00E4691469846FEF774
:1013B0008BF802AB03AA05213846FFF7C4FA0546AD
:1013C00030B1FEF783F800242046FFF717FF46E010
:1013D000039B93F8285005F00105FEF777F8002DE0
:1013E00041D1234804F0F7FD044600283DD01422E3
:1013F000294617F0C1FD1F49A5720B7827810133DB
:1014000013F0FF0308BF01230B700978E172C4E9F0
:10141000039801AB0822122000F0D8F828B33388D3
:10142000038073884380B3888380F388C3800199E5
:10143000384600F0A7F805460028C5D112F00CFE8A
:1014400000F5F0406060FEF777F8FEF73DF80A4BD4
:101450001A68226002B95C601C60FEF737F8284603
:1014600005B0BDE8F0830325ADE70625ACE700BF76
:1014700078430020604300209443002008B5FFF724
:101480005BFD30B10523C38003F5C8038360014BC6
:10149000836108BD65120300F8B50A4F0E463D464C
:1014A0003C6804B9F8BDA37A1BB931462046FFF762
:1014B00073FE2B681B682B6003B96D602046FFF735
:1014C0009DFEEDE7944300202DE9F34112F0C4FDA9
:1014D000002480460094CDF804D0FDF7F5FF1C4BA6
:1014E000D3E9005022466F466FF000461C469446F2
:1014F0004DB902B15860FDF7E9FF009CDCB93046F8
:1015000002B0BDE8F081D5E900E1A1EB08010029B6
:101510000DDC1968096819600029C5F800C008BF0A
:1015200001223D6008BF20462F467546E0E78E4207
:10153000A8BF0E46F9E7A37A1BB90D212046FFF795
:101540002BFE236800932046FFF758FED5E700BF27
:101550009443002007B5074B07480022C3E9002346
:10156000064B00931422064B012104F0EFFC03B05C
:101570005DF804FB944300207843002008BF04007A
:101580006443002030B585B00D460190FDF79CFF07
:10159000019802AB03AA0521FFF7D5F9044650B91B
:1015A000DDE902102A46FFF7B9FD0446FDF78EFF7C
:1015B000204605B030BD284604F062F9F6E703780E
:1015C0001370437853704388538070472DE9F0417E
:1015D0001D4680460F461646FFF764F9044628600C
:1015E00040B1311D89B204F07DFB044628B928685A
:1015F00004F046F92046BDE8F0812B681C6884F8A9
:101600000080677066800434F4E7F7B5089F1646DB
:10161000BA1C04461D4692B201AB0120FFF7D6FF6B
:1016200058B1294620F8026B3A4617F07DFC019923
:101630002046FFF7A7FF03B0F0BD0620FBE71FB56C
:10164000ADF80C300423ADF80E200093022203AB5A
:10165000FFF7DBFF05B05DF804FB0000034B1A68E1
:10166000026002B958601860704700BF484500200A
:1016700040F20743136007231371137D43F01003F7
:1016800013757047064B5B7AC3F3400203F00C00FE
:101690001043C3F3401340EA031000F01D007047ED
:1016A00040350020037ADB0601D502F04FBA02F084
:1016B000C5B837B505460C4601AA01210B2002F03A
:1016C0008FF8014618B90623236003B030BDFFF739
:1016D000D9FF08700199688902F099F80028F4D0C0
:1016E0002060F2E72DE9F041069C1D4680460E463B
:1016F000174600215822204617F03EFC98E80300C8
:101700002B78A18003F00303090C032B2060A17147
:101710002AD16B7EA3722B89A381D5E9042304F11E
:10172000180CC4E9042305F12A0E05F11A03186800
:101730005968624603C2083373459446F7D194F85A
:101740002830003F43F0010318BF012784F82830F8
:10175000003E94F8503018BF012646EA470623F0B1
:1017600003031E4384F850602B785A0711D505F106
:101770002A0304F1290205F13A0153F8040B42F857
:10178000040B8B42F9D194F8393043F0010384F80B
:1017900039302B781B0713D505F13A0304F13A02CF
:1017A00005F14A0153F8040B42F8040B8B42F9D1BE
:1017B0006B68E36494F84A3043F0010384F84A30DC
:1017C000BDE8F08130B58BB00388ADF80C304388AC
:1017D000ADF816308368CDF80E30C368CDF81230FE
:1017E00000F1100206AD00F12003106851682C468C
:1017F00003C408329A422546F7D1002300931C22E5
:1018000003A942F21900FEF743FA0BB030BD10B540
:1018100010460C46FFF7D6FF206010BD70B588B0AB
:101820004389ADF8003000230022ADF802300023D8
:10183000CDE902230C4600F15E0204AE00F16E0316
:1018400010685168354603C508329A422E46F7D1D2
:101850006846FFF7B7FF30B108232371237D20606E
:1018600043F00203237508B070BD10B588B004467C
:10187000ADF80C000DF10E0301F1100251F8040B4C
:1018800043F8040B9142F9D102230093122202ABD8
:1018900003A942F21A00FEF7FBF920B9BDF808309F
:1018A000A34218BF0C2008B010BD38B50C46054641
:1018B00000F15E014089FFF7D8FF206010B90523D1
:1018C0006B7338BD237D43F002032375F9E71FB521
:1018D00002220446ADF80800009203AB02A942F2CE
:1018E0001B00FEF7D5F920B9BDF80C30A34218BF94
:1018F0000C2004B010BD70B504460D464089164654
:10190000BAB102F11801FFF7B0FF286060B9B37AED
:10191000E37396F85030DB0703D5237A43F00803CE
:1019200023720623637303E02B7D43F002032B75C0
:1019300070BDFFF7CCFF05232B60F9E7037ADB06C8
:1019400001D502F0D1B902F002B8037ADB0601D466
:1019500001F0B2BF02F074B9014610B1014804F0C1
:1019600061BB70472C45002010B5064804F033FBDE
:10197000044620B14FF4C872002117F0FDFA20464A
:1019800010BD00BF2C450020034B1A6812681A6076
:1019900002B95B60704700BF4845002038B5137D31
:1019A0000D4643F002031375012128461446FEF745
:1019B00093FF206038B92B681B681B780BB103F5C7
:1019C000A0602060237138BD2DE9F843077A90F8B4
:1019D0000F80064640890D4607F02009C7F34014E2
:1019E000FDF7F6FFF0B190F858303A0743F00103E5
:1019F00080F8583042BFDBB243F0020380F8583021
:101A0000B9F1000F05D090F8583043F0040380F886
:101A10005830B8F1000F05D090F8583068F3C7037C
:101A200080F85830FF2373732B7DA40044F0020428
:101A300023F0060300221C432A602C752A71BDE89E
:101A4000F88310B4847B34B9027AD20706D50A7DB4
:101A500042F001020A755DF8044B70475DF8044BD3
:101A6000FFF7B2BF2DE9F043027A077F437FD50627
:101A700044BF07F0FE0703F0FE0312F0010F08BF9A
:101A80001F460446F80793B00E4600F1C180B9071F
:101A900063D501AA1021082001F0A2FE804600288B
:101AA00000F08C8102A8FFF751F80546002840F0AD
:101AB0001381029B03F1100253F8041B48F8041B26
:101AC0009342F9D194F870300199608943F004038E
:101AD00084F8703001F09BFE0546002840F03F81FD
:101AE00001AA0721092001F07BFE0546002800F02D
:101AF00065816089FDF784FF03A9FDF79FFF2B46F1
:101B00009DF80C2003F8012BDDF80D20C5F801200D
:101B1000BDF811209A8094F8702042F0100284F8E9
:101B20007020029A04F19A0102F1100052F804CBDD
:101B300041F804CB8242F9D12A7884F888201A68C7
:101B4000C4F8BA209B8801996089A4F8BE3001F0DE
:101B50005EFE0546002840F002817A074FD501AAB3
:101B600010210A2001F03CFE0746002800F02681E3
:101B7000934B9D69002D00F00781202200210AA8C7
:101B800017F0FAF962890AA90320A847002840F053
:101B9000FB8004F1AA0C0AAB0DF1380E62461D461B
:101BA00003CD7545CCF80000CCF804102B460CF1A1
:101BB000080CF4D1134604F1BA013A4653F8040B69
:101BC00042F8040B8B42F9D194F8703043F00803CB
:101BD00084F8703000236367384604F1AA0307F1E4
:101BE000100250F8041B43F8041B9042F9D10199EC
:101BF000608901F00CFE0546002840F0B080237A91
:101C0000DB0740F1D48031462046FFF7DDFED2E00D
:101C100001AA1021062001F0E3FD8046002800F013
:101C2000CD80E37B84F88930654B9D69002D57D0CA
:101C3000202200210AA817F09FF90AA96289012031
:101C4000A847014600284BD1E07B0AABC0F1100247
:101C5000184417F091F9BDF83830A4F87830DDE970
:101C6000102304F18A0CC4E920230DF1380E0AABCD
:101C700062461D4603CD7545CCF80000CCF8041033
:101C80002B460CF1080CF4D1134604F19A0253F8D8
:101C9000041B48F8041B9342F9D14FF0010994F852
:101CA00070300199608943F0010384F8703001F0CD
:101CB000AEFD0546002852D101AA0A21072001F0F5
:101CC0008FFD8046002879D0B9F1000F4FD1022155
:101CD000FEF773FC0546F0B1019803F0D1FD3EE03C
:101CE000E17B4046FEF769FC05460028F4D1E07B25
:101CF0002946C0F11002404417F03EF904F18A036E
:101D000008F1100258F8041B43F8041B9045F9D160
:101D10004FF00009C3E7082108F10200FEF74DFC6F
:101D200005460028D8D1D8F80220D8F80630C4E9F2
:101D3000202398F8003098F8012043EA0223A4F801
:101D4000783094F870300199608943F0020384F888
:101D5000703001F05CFD054600283FF498AE082382
:101D60003371337D356043F00203337523E003465E
:101D7000B4F8782023F8022BD4F88020C0F8022091
:101D8000D4F884205A60DCE710213846FEF715FCB1
:101D900005460028A0D13B4604F1AA0207F1100134
:101DA00053F8040B42F8040B8B42F9D10CE7A37BE8
:101DB000002B3FF428AF13B0BDE8F0830625CEE733
:101DC0004035002073B5C57C2B0706D5837E1E07E2
:101DD00042BF037A43F010030372027A037F447F09
:101DE00012F010061CBF04F0FE0403F0FE0312F014
:101DF000010F14BF21461946ED0705D5857EED0775
:101E000044BF42F0200202722343334302BF037AED
:101E100023F02003037211F0010318BF032383731F
:101E20008A0748BF837B027D44BF43F00C03837362
:101E30004B0742BF837B43F010038373C37E9342FF
:101E400028BF1346C3730DF10701FFF72BFC02B047
:101E500070BD0000034B1B68002003B970471B686E
:101E60000130FAE74845002073B50E4601A9054642
:101E700002F060FC044680B9FDF726FBFFF7EAFF9D
:101E8000019B18440190FDF721FB019B022B04DD0F
:101E90003146284602F0B2FA0446204602B070BD30
:101EA00007B5014601900220FFF7DEFF30B9019926
:101EB000012003B05DF804EBFFF7D6BF03B05DF877
:101EC00004FB1021FEF779BB2DE9F04188B0804674
:101ED00040890E9D14461E460F46FDF791FD01A94F
:101EE000FDF7ACFD98F808309DF8192013F0010FAC
:101EF0009DF8123010D03B70DDF813302360BDF830
:101F00001730A380DDF81A3032702B60BDF81E3018
:101F1000AB8008B0BDE8F0813A70DDF81A2022608D
:101F2000BDF81E20A2803370DDF813302B60BDF8A1
:101F30001730EDE770B504460D480068002660B123
:101F40004589A5420ED1FF2902D0457B8D4209D19A
:101F5000B2F1FF3F057A01D13BB970BD05F0010533
:101F6000AA42F9D006460068E9E71E60F5E700BF1F
:101F700048450020F8B50D4607461021284614466E
:101F8000FEF7AAFC0646206030B108232371237DAA
:101F900043F002032375F8BD2B681D68FDF794FA22
:101FA00033464FF0FF3207213846FFF7C3FF58B9D9
:101FB0000523236008232371237D43F01003237539
:101FC000BDE8F840FDF782BA837B23F010038373EA
:101FD00000F1FA022B4605F1100153F8045B42F8B8
:101FE000045B8B42F9D190F8C03043F0080380F8CD
:101FF000C0300023C0F8C4302146FFF722FDDFE7E0
:10200000F8B50D460746072128461446FEF764FC3E
:102010000646206030B108232371237D43F002037C
:102020002375F8BD2B681D68FDF74EFA33464FF057
:10203000FF3207213846FFF77DFF58B9052323609B
:1020400008232371237D43F010032375BDE8F84076
:10205000FDF73CBA827B22F00802827390F8C02020
:1020600042F0100280F8C0202A7880F8D8202A4652
:1020700052F8011FC0F80A119288A0F80E212146DB
:10208000FFF7DFFCE2E7F8B50D46074610212846CA
:102090001446FEF721FC0646206030B10823237168
:1020A000237D43F002032375F8BD2B681D68FDF7FF
:1020B0000BFA33464FF0FF3207213846FFF73AFF5D
:1020C00058B90523236008232371237D43F01003AF
:1020D0002375BDE8F840FDF7F9B9837B23F00403CD
:1020E000837300F1EA022B4605F1100153F8045BFB
:1020F00042F8045B8B42F9D190F8C03043F00403FE
:1021000080F8C0302146FFF79CFCE2E7F8B50E46A8
:1021100007460A2130461446FEF7DEFB05462060DE
:1021200030B108232371237D43F002032375F8BDEA
:1021300033681E68FDF7C8F92B464FF0FF320721C0
:102140003846FFF7F7FE58B90523236008232371AB
:10215000237D43F010032375BDE8F840FDF7B6B9C1
:10216000827B22F00202827390F8C020717842F0E4
:10217000020280F8C020327842EA0122A0F8C8208A
:10218000D6F80210D6F80620C0E934122146FFF72F
:1021900058FCE1E7F8B50D460746102128461446DD
:1021A000FEF79AFB0646206030B108232371237D99
:1021B00043F002032375F8BD2B681D68FDF784F911
:1021C00033464FF0FF3207213846FFF7B3FE58B9C8
:1021D0000523236008232371237D43F01003237517
:1021E000BDE8F840FDF772B9837B23F001038373E8
:1021F00090F8C03043F0010380F8C03000F1DA02FB
:102200002B4605F1100153F8045B42F8045B8B4246
:10221000F9D1C37B80F8D9302146FFF712FCDFE704
:102220002DE9F0430D46A7B0804606212846144606
:10223000FEF752FB2060D0B92B68D3F80090FDF771
:1022400043F96B464FF0FF32FF214046FFF772FE25
:10225000B0B1437B082B0DD0082323714FF4816369
:102260002360237D43F010032375FDF72FF927B07A
:10227000BDE8F083009B73B9FFF786FBFFF76CFBAB
:10228000FDF724F94046FFF70BFE064658B1082338
:1022900023712060EBE71A6812681A60002AEDD1FA
:1022A000654A5360EAE7FDF70FF9FFF75DFB054666
:1022B000002800F09580A0F80A804673FFF7CEF959
:1022C00001230374D9F80030C0F81130B9F8043094
:1022D000A0F815304089FDF793FB90F8287017F0AF
:1022E000010706D00723237140F2074323603746D6
:1022F00009E099F80330062B2DD80623237140F20C
:10230000064323603E46FDF7E1F82368002BAED17B
:10231000C7F300156D0005A94046F9F76BF990B9B0
:102320008DF81300DDF81F00BDF823209DF825303F
:10233000039010A903A8ADF810208DF8123002F018
:1023400076F800284ED0052891D0237D20606FF3C9
:10235000000323758BE7102B04D90A23237140F265
:102360000A43CEE735494A7AD2061AD599F802606F
:1023700016F0080609D10323237140F203432360BA
:10238000237D43F002032375B1E7102B09D0062308
:10239000237140F206432360237D43F0020323753B
:1023A000B0E70223EB750B7A2B764B7AC3F300036D
:1023B0006B76FFF767F910230A7BEB766B7DA876C7
:1023C00013402B77CA7AAB7D13406B772846FFF713
:1023D000F9FC237D2F7AEE7B43F00103237592E70E
:1023E000064684E79DF84A309DF890208DF8063027
:1023F0009DF80730ADF8048002F0030223F00303D8
:1024000013438DF80730C7F3C003C7F340122B43C3
:1024100043EA82039DF809208DF8086022F0070244
:10242000134301A88DF80930FAF7FCF801283FF4AE
:1024300072AF022089E700BF4845002040350020E8
:102440000138C0B204289ABF014B1856FF207047CC
:102450009DBF040013B50DF107010446FFF722F9F3
:102460009DF80700FFF7ECFF637B984207D1207AC5
:1024700000F00600831F5842584102B010BD0120F1
:10248000FBE7F7B50E460746102130461446FEF727
:1024900023FA0546206038B108232371237D43F0D9
:1024A0000203237503B0F0BD33681E68FDF70CF816
:1024B0002B464FF0FF3201213846FFF73BFD054622
:1024C00030B905232360237D43F01003237528E0F2
:1024D000334600F12E0206F1100153F8040B42F8C6
:1024E000040B8B42F9D12B7ADB0705D502236B73E2
:1024F000237D43F00103E9E70DF107012846FFF7CB
:10250000D1F89DF80700FFF79BFF6B7B984202BF55
:102510002B7A43F004032B722846FFF79BFF002819
:10252000E6D1FCF7D3FFBDE7F7B50E460746062117
:1025300030461446FEF7D0F90546206028B1237DC9
:1025400043F00203237503B0F0BD33681E68FCF747
:10255000BBFF2B46294601223846FFF7EBFC054618
:10256000002848D00223C37533688361B38883830E
:10257000F378062B07D80623237140F20643236025
:10258000FCF7A4FFDFE7102B04D90A23237140F2E4
:102590000A43F4E71C4A527AD20601D5102BEAD13D
:1025A0002846FFF70FFC0DF107012846FFF77AF8E0
:1025B00048B10323237140F203432360237D43F09A
:1025C00002032375DCE72B7A9DF8072013F0100F28
:1025D00014BF0921012169731046FFF731FF8842BA
:1025E00008BF22722846FFF735FF0028C8D0237D98
:1025F00043F00103E5E7082323714FF4816323606F
:10260000237D43F01003DCE740350020037ADB072D
:102610004CBF3E304E307047F7B5067A06F00106E3
:102620000446C6F102000D4601AA0621C0B201F01F
:10263000D7F80146002848D05EB3274F0123237402
:102640003B7A63747B7AC3F30003A374FFF71AF831
:1026500010232375FB7A63753B7BA3752346E074D7
:1026600053F8112F0A609B888B800199608901F0D3
:10267000CEF858BB2046FFF7C9FFFFF722FC2860C1
:1026800028B108232B712B7D43F002032B7503B077
:10269000F0BD23460DF1030153F8182F02609B880B
:1026A0008380237A13F0100F14BF0923012363736F
:1026B0002046FEF7F7FF9DF803201046FFF7C0FE07
:1026C000637B984208BF2A72CFE706202860002E5D
:1026D000DDD108232B71DAE740350020037ADB07D0
:1026E0004CBF4E303E307047F8B50D4607461021BE
:1026F00028461446FEF7F0F80646206030B108235D
:102700002371237D43F002032375F8BD2B681D68F8
:10271000FCF7DAFE4FF0FF32334602213846FFF76E
:1027200009FC024648B905232360237D43F01003CA
:102730002375BDE8F840FCF7C9BEFFF7CFFF2B4675
:1027400005F1100153F8045B40F8045B8B42F9D1AA
:10275000137ADB062146104602D501F009FBE8E7B3
:1027600001F021F9E5E700B5A5B003A9F8F742FFAC
:1027700060BB8DF80B00DDF81700BDF81B209DF83D
:102780001D3001900EA901A8ADF808208DF80A307F
:1027900001F04DFED0B99DF88230DA0719D5219BA2
:1027A000013318D001A801F03EFE78B99DF87130D0
:1027B000DB0705D59DF838000DF13901FEF737F933
:1027C000219B0EA80133219301F036FE25B05DF860
:1027D00004FB0520FAE70620F8E700002DE9F74F93
:1027E00011F03AFC002580460095CDF804D0FCF7A6
:1027F0006BFE2949D1E900462B462246AE46AA4641
:1028000028466FF000478B469AB9BAF1000F00D006
:102810000090BEF1000F01D0CBF800400BB1CBF817
:102820000460FCF753FE009C4CBB384603B0BDE887
:10283000F08FD2E90091A1EB080CBCF1000F1ADC7B
:1028400055B924689CB14FF0010E10604FF0010A99
:10285000104615464A46D7E72968D1F800C0C5F8A2
:1028600000C0BCF1000F04BF2E460123EDE7012399
:10287000094E9E46E9E76745A8BF6746E9E700239A
:1028800060891A460D21F9F78BFE236800932046D4
:10289000FFF762F8C7E700BF4845002030B587B0B2
:1028A000182200210546684616F066FBFCF70CFE70
:1028B00000234FF0FF32FF212846FFF73BFB30B1EA
:1028C00002230093FCF702FE009807B030BDFFF72B
:1028D0004BF8044658B906230093FCF7F7FD002C8B
:1028E000F2D001226946284600F00EF8ECE70823F2
:1028F00043734581FEF7B2FE9DF8143043F00103A7
:102900008DF81430E9E700002DE9F04FA5B0074637
:1029100003920C4679B10B7DDA060CD51422002106
:10292000201D16F029FB082323714FF481632360D7
:1029300025B0BDE8F08FDFF870A2DFF870B2FCF7C9
:10294000C3FD07AB4FF0FF32FF213846FFF7F2FA25
:10295000054600285BD074B1237DDB070BD5182218
:1029600000212046266916F007FB6889FDF758F814
:1029700080B9072323606B7BFF2B04D0D4F8008041
:10298000B8F1000F16D0079B63B9FEF7FDFF4FF0BB
:10299000010816E06B7B32465BF82330214628465F
:1029A0009847E8E71A6812681A60002AEFD1CAF857
:1029B0000430ECE711F050FB00F5F0406860FCF7E4
:1029C000BBFD267966B1039B53B10EAA01210520F8
:1029D00000F006FF20B106700E99384600F017FF90
:1029E000FCF774FD002DA3D0236840F20622934229
:1029F00015D13846FCF7ECFF90F828402846FEF742
:102A0000ABFF3846E70707D500F0EFF990E70CB1C8
:102A10008046D6E7A046E3E7FFF740FF88E7227D40
:102A2000960706D5072B00F0888021793846F9F7FC
:102A30000FFE216800297DD1B8F1000F7AD02B7AE2
:102A4000980677D50491FCF73FFD6889FCF7C0FF35
:102A500095F8C03013F0100F064600F1070200F0A1
:102A60008780D5F80A0195F8D890CDF821008DF827
:102A70002090B5F80E01ADF825000898C6F80700BB
:102A800004999DF82600BDF824C09071A2F804C0F6
:102A90000DF139000E910622CDF83B1006F116011A
:102AA00016F034FA10B9FCF711FD0EE0B9F1030F7E
:102AB00005D8DFE809F0025B025B0223F371FCF743
:102AC00005FD688908A9F9F790FD2A7A0EAB02F096
:102AD0000801009302F0100205F1700308A8CDE987
:102AE0000412FEF7FFFD0EA801F099FC0EABDDE924
:102AF0000412009308A805F1C003FEF7F3FD0EA829
:102B000001F09AFC9DF820308DF82F30BDF825306B
:102B1000ADF83430737D8DF8283056F8163FDDF867
:102B200021000C90CDF829300AA8B388ADF82D30DB
:102B300001F0E8FC237D9A0708D5227D2168C2F3C5
:102B400080033846C2F3C002F9F72AFD236833B97F
:102B5000237A23B104F108013846F9F708FDB8F1EA
:102B6000000F13D02846FEF7F7FEE1E60323A5E7A2
:102B7000918893791068ADF824108DF8263008906C
:102B8000F079FDF7F6FE8DF820008CE7237DDB075A
:102B90007FF5CEAE18224146204616F0EDF9237D92
:102BA00043F001032375CAE648450020E0BF040056
:102BB0002DE9F04786B080460D4691460021182247
:102BC000684616F0D9F9FCF77FFC00234FF0FF327E
:102BD000FF214046FFF7AEF90446002873D0437B3F
:102BE000052B0BD0062B4FF0FF035ED0002743735D
:102BF00008238DF80430BA463E4613E0067A002DCD
:102C00004FD107234373F30701D5837B2BB99DF87D
:102C1000143043F001038DF81430E77BC6F3C0068F
:102C20004FF0000AFDB94046FCF7D2FED8B190F84B
:102C3000583069F3000380F8583026B1DBB243F016
:102C4000020380F85830BAF1000F05D090F85830E0
:102C500043F0040380F858302FB190F8583067F3F0
:102C6000C70380F8583014B1637BFF2B09D19DF85E
:102C7000143043F002038DF814300DB105F50075E2
:102C80000095FCF723FC9DF8143001226AF38203BF
:102C9000694640468DF81430FFF736FE06B0BDE8B1
:102CA000F087FF2343730027B8E743739DF8143080
:102CB000067A43F008038DF81430C77BC6F3C006CC
:102CC0004FF0010AAEE7074682460646AAE7C278F9
:102CD0000178B0F8010002F00102FFF769BF017846
:102CE000B0F801000122FFF763BF2DE9F043B0F80F
:102CF0000170A9B018220021054605A816F03CF97C
:102D0000BEB2FCF7E1FB00231A46FF213046FFF775
:102D100011F90446F0B9FEF727FE044670B9062300
:102D200005933046FCF76CFE0BA9FCF787FEDDE946
:102D30000D0101270190ADF808101AE00423478126
:102D40004373FEF78BFC9DF8283043F001038DF8A8
:102D50002830E6E7437B082B02D104234373F2E7D4
:102D6000032B39D19DF8283043F001038DF828302A
:102D70000027FCF7ABFB05985CB320BB1FB38DF8B5
:102D8000130012AC0198BDF808309DF83320CDF83F
:102D90000D00214603A8B5F80B70ADF81130D5F839
:102DA0000380D5F807908DF80C2001F033FBBDF8B7
:102DB0005430BB4216D1DDE91623994508BF904532
:102DC00010D178B909943046012205A9FFF79CFD7E
:102DD000002029B0BDE8F08330460027FEF777FDDC
:102DE0003C46C6E700230993EDE770B586B018228C
:102DF00000210646684616F0BFF8FCF765FB002385
:102E00004FF0FF32FF213046FFF794F80446FCF7FD
:102E10005DFB3CBB3046FFF743F8054630B9FEF793
:102E2000A3FD044628B906230093009D284606B05A
:102E300070BD037A468143F0010303724573FCF7CA
:102E400043FB2046FEF70AFCFCF740FB9DF81430DC
:102E5000012243F00103694630468DF81430FFF734
:102E600053FDE2E70225E1E7F0B589B00546FEF73C
:102E7000B3F84FF6FF73984204462AD028690DF143
:102E800007030122002102F093FD064618BB2869C2
:102E9000012102F0B3FD9DF807300E2B1DD8104A1A
:102EA00052F82370CFB11822314602A816F064F808
:102EB00002AA05F110012046B8479DF80720053AFF
:102EC000204618BF012202A9FFF71EFD029809B093
:102ED000F0BD0720FBE70A20F9E70820F7E700BF6D
:102EE000A4BF04002DE9F0418EB006468846144682
:102EF0000021182268461F46169D16F03DF8FCF783
:102F0000E3FA00234FF0FF32FF213046FFF712F8BB
:102F100060B102230093FCF7D9FA304601226946DA
:102F2000FFF7F2FC00980EB0BDE8F081FEF71CFD43
:102F300006230028EED0027A468180F80F80437382
:102F40000DBB42F001020272FEF788FBDDE914239B
:102F5000CDE908232246ADF81860ADF81A700AAC26
:102F600002F1100510685168234603C30832AA42D3
:102F70001C46F7D19DF8143043F001038DF814304E
:102F800006AB0493C7E742F00902DCE7F0B50F4651
:102F9000A5B00546012138461446FDF79DFC0646BE
:102FA000206068BB3B681F68FCF78EFA2846FCF778
:102FB00027FD90F82830DB0724D440F20743236034
:102FC00007232371FCF782FA2368CBB93B78D90732
:102FD00029D50EA905A801F02AFA206030B3FCF724
:102FE00073FA00234FF0FF32FF212846FEF7A2FFBD
:102FF0000646FCF76BFA16B3237D43F010032375E6
:1030000025B0F0BD07A9FCF719FDDDF82300BDF8D8
:1030100027209DF829308DF81B600590ADF8182009
:103020008DF81A30CEE705232360D8E73B785A079E
:10303000D5D59DF88830DB07D1D41023F4E7236879
:1030400093B99DF888309DF8421003F00103029374
:10305000DDE912232846CDE90023BDF8443014AA47
:10306000FFF740FF2060CBE72846FFF7BEFEF9E7F9
:10307000F0B589B0182206460D4602A8002115F0C9
:103080007BFFFCF721FA00234FF0FF32FF2130468F
:10309000FEF750FF044620B9FCF718FA052009B0E6
:1030A000F0BD037A9B077ED40DF10701FEF7FAFA13
:1030B0002A7818B99DF807309A4230D11046FFF7A8
:1030C000BFF9637B98422AD1013A042A27D8DFE866
:1030D00002F0032222404D00227A42F002032372C2
:1030E0002B1D1E34143553F8041B44F8041BAB424B
:1030F000F9D112F0050F1EBF9DF81C3043F00103FB
:103100008DF81C30FCF7E2F93046012202A9FFF7E6
:10311000FBFB0298C3E76A68254B9A4203D9FCF788
:10312000D5F90320BBE7277A47F002032372102268
:10313000002104F11E0015F01FFF6B68AA88E283CE
:103140001A0C1B0E84F8202084F8213017F0050F8C
:10315000D1E72B791BB90C238DF80C30D2E7237AF9
:1031600043F00202227213F0050FC4E7D5E9011201
:10317000003A18BF0122003918BF0121204601F092
:10318000BEF808B90223E7E7237A43F0020323726B
:103190006B68C4F88431AB68C4F8883102A9204652
:1031A00000F01EFDAEE7FCF791F9022077E700BFC3
:1031B0003F420F0010B586B004461422002101A83A
:1031C00015F0DAFE07230093012202236946204608
:1031D0008DF81430FFF798FB06B010BD13B50A4BFD
:1031E0000A480022C3E90023094B00934FF4C87238
:1031F000084B012102F0AAFE044608B901F090F83C
:10320000204602B010BD00BF484500202C450020DC
:103210008CBF04009C43002008B5FDF78DFE30B143
:103220000623C38003F582038360014B836108BDDD
:10323000692E030008B5FDF7C0F9B0FA80F0400927
:1032400008BD30B5B1B00D4614460146102268469F
:1032500002F07CF9694604A804F018F810B91120AE
:1032600031B030BD10222946684602F06FF904AA39
:103270006946204604F05CF80028F0D02046102172
:1032800002F053F90020EBE72DE9F0411C461368EA
:103290002360536863600B68A3604B68E3600E466D
:1032A0001546214622468046FFF7CBFF074678B9F0
:1032B00010214046FDF7DDFA10213046FDF7D9FA1E
:1032C00010212846FDF7D5FA10212046FDF7D1FA46
:1032D0003846BDE8F0812DE9F04788B0DDE9129A63
:1032E0000D46102117461E46149C8046FDF7C1FA74
:1032F00028461021FDF7BDFA06214846FDF7B9FA28
:1033000006215046FDF7B5FA07213846FDF7B1FA18
:1033100030460721FDF7ADFA9DF840308DF80030BA
:103320009DF844308DF801303B68CDF80230BB8801
:10333000ADF80630BB798DF808303368CDF8093028
:10334000B388ADF80D306846B3798DF80F30102191
:10335000661EFDF78EFA6A1E6B460F35304612F870
:10336000017F13F8011BAA4281EA070100F8011F3F
:10337000F5D1224621464046FFF763FF034620B1C0
:103380001125284608B0BDE8F087BAF80420DAF81D
:103390000000ADF814201021D9F800200490CDF8D9
:1033A00016200DEB0100B9F804200793ADF81A20A0
:1033B000FDF75FFA04AB04F10F0116F8010F13F8E3
:1033C000012B8E4282EA00023270F6D1224621465B
:1033D0004046FFF736FF05460028D1D11021204690
:1033E000FDF747FACDE770B5C2B00D461646014667
:1033F00016AA68461C4604F038F850B132462946F1
:10340000684604F05DF820B16946204604F0C4F82F
:1034100010B9112042B070BD0020FBE72DE9F0414A
:1034200096B00D4620211F46144680461C9EFDF78F
:1034300020FA20212846FDF71CFA20461021FDF72E
:1034400018FA2022414605A802F080F820222946D9
:103450000DA802F07BF82146102201A88DF85470C7
:1034600002F074F83346412205A901A8FFF7BBFF1B
:10347000044658B91021304602F057F81021304662
:10348000FDF7F7F9204616B0BDE8F0811124F9E701
:103490002DE9F04F9BB03D4CDDE927989A460CABE7
:1034A00007460E46154604F1300C9B4620686168BD
:1034B0001A4603C2083464451346F7D120681060E9
:1034C00022791A7120213846FDF7D3F910213046B0
:1034D000FDF7CFF910212846FDF7CBF92022394618
:1034E00004A802F033F82A486B46202204A9FFF70B
:1034F0007AFF20B1112420461BB0BDE8F08F1021C7
:103500006846FDF7B6F9102231460DF1350002F09C
:103510001DF8102229460DF1450002F017F82499F4
:103520008DF855A006220DF1560002F00FF89DF817
:10353000943026998DF85C3006220DF15D0002F082
:1035400005F84B46352259466846FFF74CFF0028E0
:10355000D0D110214846FDF78CF91021484601F0E2
:10356000E4FF01238DF83030352243465946684642
:10357000FFF739FF04460028BCD140461021FDF773
:1035800078F91021404601F0D0FFB4E70CC00400E8
:1035900061C004002DE9F04F97B0884610211E4607
:1035A0001746DDE92449229DDDF880B08246FDF70B
:1035B00060F910214046FDF75CF910213846FDF70F
:1035C00058F910213046FDF754F903215846FDF70C
:1035D00050F9012121A8FDF74CF906212846FDF7F5
:1035E00048F9012123A8FDF744F920460621FDF7FB
:1035F00040F91022414605A801F0A8FF10223946E3
:1036000009A801F0A3FF102231460DA801F09EFF8A
:103610000322594611A801F099FF9DF884302868CB
:103620008DF847301290AB88ADF84C300622294611
:1036300012A801F08BFF9DF88C308DF84E30236876
:10364000CDF84F302146A388ADF8533006220DF156
:103650004F0001F07BFF1022514601A801F076FFD8
:103660004B46412205A901A8FFF7BDFE044658B903
:1036700010214846FDF7FDF81021484601F055FF9E
:10368000204617B0BDE8F08F1124F9E7F0B50E46DB
:1036900099B020211D4614460746FDF7EAF820217F
:1036A0003046FDF7E6F820461021FDF7E2F810213C
:1036B0002846FDF7DEF82022394604A801F046FF2F
:1036C000202231460CA801F041FF1022294614A8FF
:1036D00001F03CFF21461022684601F037FF6B469F
:1036E000502204A96846FFF77EFE044680B91021E7
:1036F0006846FDF7BEF803A801F014FF054BB0FBC8
:10370000F3F202FB13031E9A1360204619B0F0BDBA
:103710001124FAE740420F0070B5A0B00E461546DE
:103720000146202210A81C4601F010FF202231463D
:1037300018A801F00BFF202229460DEB020001F032
:1037400005FF04F049FC014610A804F064FE0028BF
:1037500002DA112020B070BD04F03EFC6A46034638
:1037600008A910A804F0C2FE0028F2D020462022AA
:10377000694601F0EBFE0020ECE7000070B5144E46
:1037800090B005460C4604F027FC214602466846E8
:1037900004F064FE012818D120223146204615F09D
:1037A000B5FB0028EFD020226946284601F0CEFE66
:1037B00020220DEB0201A81801F0C8FE20462021AE
:1037C00001F0B3FE002010B070BD1120FBE700BF78
:1037D00041C00400014803F0CBBF00BF35320300F5
:1037E000F8B5164607460D46FDF75CF8044630600E
:1037F00040B1691C89B202F075FA044620B93068FC
:1038000002F03EF82046F8BD04F8017BFAE737B530
:103810000D466B4601AA0621FDF795F8044640B90E
:10382000DDE900102A46FDF779FC0446204603B086
:1038300030BD284602F024F8F8E7000010B5837C7C
:10384000012B0AD1437E012B07D10B700223037396
:10385000037A43F00803037209E0C37C5A0708D4D3
:10386000837E5B0705D400230B70002303730020C5
:1038700010BD447C042CF6D8027E042AF3D8037AC7
:1038800013F0010F4FEA8203134414BF084A094A98
:1038900013441B5D0B700B78032B06D8012B02D849
:1038A000002BD3D1E1E70123D1E70320E0E700BFFC
:1038B00071C004008AC004002DE9F0418CB00446B8
:1038C0000E4607AA10210320FFF78AFF054688B39A
:1038D0000DF120080AAF0DF11B0342460DF11A014C
:1038E00020460097FEF7F0FA2046FEF78FFE9DF87F
:1038F0001B3001939DF81A300093CDE90375014602
:10390000CDF8088004F1170304F1100204F11E0041
:10391000FFF7E1FC054670B907996089FFF777FF6B
:10392000054640B9237ADB0701D4022363730CB048
:10393000BDE8F0810625079808B101F0A1FF337DAD
:10394000356043F00203337508233371EFE773B535
:1039500006460C4601AA10210420FFF741FF054648
:1039600048B906232360237D43F00203237508230F
:10397000237102B070BD3046FEF748FE00F110031F
:1039800050F8042B45F8042B9842F9D1019970891D
:10399000FFF73DFF08B12060E5E7337ADB075CBF46
:1039A00003237373E5E72DE9F04395B00DF120098A
:1039B0000AAF05460DF11F034A460C4600970DF16C
:1039C0001E01FEF781FA2846FEF788FE9DF81F309B
:1039D000019305F11E069DF81E3000930DF130088D
:1039E0000146CDE90378CDF8089005F1170305F1FC
:1039F00010023046FFF76FFC10B1206008230AE088
:103A00001022414605F12E0015F080FA58B140F21F
:103A10000443236004232371237D43F002032375B1
:103A200015B0BDE8F083304610AB05F13E0205F15C
:103A30004E01FFF729FC0646A0B9EF7B05F15E03B6
:103A400018463A4610A915F06FFAC7F11002314630
:103A5000384415F091FA2B7ADB0705D4237D43F027
:103A60000103DCE72060C9E705236B73F6E700007C
:103A700013B502460C46137A00F58970DB0704F192
:103A80000C0348BF014600934CBF0848074902F1A8
:103A90004E033E32FFF7FAFD206028B10823237160
:103AA000237D43F00203237502B010BD7145002051
:103AB00008B5027B012A03460AD190F81011132998
:103AC00006D84273FEF7A2FDBDE80840FEF7F9B93B
:103AD0000A225A73002008BD30B589B014460D463D
:103AE000FBF78EFF01A9FBF7A9FFDDF81200BDF877
:103AF00016209DF818302860AA80AB71DDF81900F7
:103B0000BDF81D209DF81F302060A280A37109B070
:103B100030BD000010B50A4C237833B909490A4872
:103B2000FFF72CFE50B90123237007484021FCF712
:103B3000A0FE04482021FCF79CFE002010BD00BF21
:103B400050450020514500207145002010B5837C70
:103B5000012B02D0437E012B08D105230B700223D9
:103B60000373037A43F00803037209E0C37C5A0726
:103B700008D4837E5B0705D400230B7000230373F6
:103B8000002010BD447C042CF6D8027E042AF3D811
:103B9000037A13F0010F4FEA8203134414BF0E4A55
:103BA0000E4A13441B5D0B700B78052B12D801A233
:103BB00052F823F07D3B0300D53B0300CD3B0300CF
:103BC000CD3B0300D13B03005F3B03000123C7E76C
:103BD0000323C5E70320D4E7A3C00400BCC004004E
:103BE00070B5D0F8882186B005460C4602B300F5C2
:103BF000897102AE009600230846FFF70FFC50B112
:103C0000082323714FF481632360237D43F0020373
:103C1000237506B070BDD5F88811102211443046C6
:103C200015F074F920B10423237140F20443EBE74B
:103C30002B7A13F0050FECD0237D43F00103E7E767
:103C40007FB5037B012B05460C4619D00CD9023BEE
:103C5000012B09D911232360237D43F0020323752F
:103C60000823237104B070BD002385F8113103AA25
:103C700010210320FFF7B4FD064690B90623EAE7BA
:103C800090F8102100EBD20302F007019B7F0B415B
:103C900003F001038033013280F8113180F81021E4
:103CA000E5E72846FEF7B2FC0096024695F811318A
:103CB0000C4805F58971FFF7B1FB064620B1039862
:103CC00001F0DEFD2660C7E703996889FFF79FFDD5
:103CD00008B12060C0E72B7ADB075CBF02236B735F
:103CE000C0E700BF7145002073B505460C4601AA28
:103CF00010210420FFF774FD064638B9237D43F0F8
:103D0000020323750823237102B070BD2846FEF715
:103D10007DFC00F1100350F8042B46F8042B984268
:103D2000F9D101996889FFF772FD08B12060E5E7D4
:103D30002B7ADA07E8D42846FFF7BAFE0028F5D137
:103D40000DF103012846FFF701FF9DF80300FEF780
:103D500077FB6B7B9842D7D12B7A9B07D4D49DF805
:103D60000330237221462846FFF782FECCE700008D
:103D70002DE9F041037B022B90B004460D462ED076
:103D8000027AD60702D453B3032B28D0102104F1B2
:103D90001E00FCF76EFD2046FEF7A0FC0CAE0246AE
:103DA00094F811315449009604F58970FFF736FBF9
:103DB00010B1286008230AE01022314604F12E00D9
:103DC00015F0A4F858B140F204432B6004232B7182
:103DD0002B7D43F002032B7510B0BDE8F0810DF18F
:103DE00020080AAF0DF11F0342460DF11E012046C7
:103DF0000097FEF769F804F5A973CDE902739DF801
:103E00001F3004F15E06CDE9008304F13E019DF808
:103E10001E30049604F14E0204F5B170FFF738FB32
:103E2000014608B12860C5E7E07BC0F110023044CC
:103E300015F0A2F8334604F18A0204F16E0153F83A
:103E4000040B42F8040B8B42F9D100230022A4F8A2
:103E500078300023C4E9202394F87030E27B84F8A2
:103E6000892023F0030343F0030384F8703006F144
:103E7000100104F1DA0356F8040B43F8040B8E42E8
:103E8000F9D10023A4F8C83094F8C03084F8D920C0
:103E900023F0030343F0030384F8C030237A0020A7
:103EA0000021C4E93401D8071DD52046FFF700FEE4
:103EB0000DF11D012046FFF749FE9DF81D00FEF79C
:103EC000BFFA637B98420AD1237A990707D49DF8F9
:103ED0001D302B7229462046FFF7CAFD7CE72B7D5B
:103EE00043F0010377E7227B022AF8D19A07F6D440
:103EF00043F0040323726FE77145002073B50C464D
:103F00000546FFF707FE206038B1237D43F002032A
:103F100023750823237102B070BD01AA40210C2033
:103F2000FFF75EFC10B906232360EEE71F4B024645
:103F300003F1200153F8046B42F8046B8B42F9D172
:103F40001B4B203003F1200253F8041B40F8041BE4
:103F50009342F9D101996889FFF759FC2060002844
:103F6000D3D12B7ADB07D6D42B7B022B18BF0123AE
:103F70006B730DF103012846FFF7E8FD9DF8030080
:103F8000FEF75EFA6B7B984204BF9DF80330237204
:103F90002846FEF75FFA0028BDD02B7B0BB1032B20
:103FA000B9D1237D43F001032375B4E771450020A7
:103FB00091450020F7B50E4607464021304614468D
:103FC000FCF78AFC206028B1237D43F002032375AF
:103FD00003B0F0BDFFF79EFD0546206030B1237DA4
:103FE00043F00203237508232371F1E73368334953
:103FF0001E682022304614F089FF28B9237D43F043
:10400000020323750323EFE7FBF75EFA2B464FF01D
:10401000FF3209213846FDF78DFF054650B90523CB
:10402000236008232371237D43F010032375FBF7DE
:104030004DFACDE700F589703346024606F140019E
:1040400053F8046B42F8046B8B42F9D11C4A05F516
:10405000B17305F59971FFF75FFB40B140F20B4377
:1040600023600B232371237D43F00203DEE72B7AC9
:1040700013F001021DD02B7B022B18BF13466B736C
:104080000DF107012846FFF761FD9DF80700FEF7D7
:10409000D7F96B7B984204BF9DF8073023722846FE
:1040A000FEF7D8F90028C2D02B7B002BBFD0032B02
:1040B000BDD0237D43F00103B8E700BF7145002068
:1040C00051450020F0B5037ADA07037B4CBF00F1BD
:1040D000110700F11807022B8FB004460E460DD1D0
:1040E000D0F888111E3000293FD00B4601F1100294
:1040F00053F8041B40F8041B9342F9D160890CAAC1
:104100000AA9FFF7E9FC09AA10210D20FFF768FBB7
:10411000054600283BD02046FEF778FA0790204657
:10412000FEF7DCFA0DF1310304939DF83030039370
:104130000DF1290302939DF828300595CDE9007310
:104140000246079904F11E0304F5A970FFF722FA4D
:10415000054670B1099801F093FB337D356043F05B
:1041600002033375082333710FE0102214F004FFAB
:10417000C4E709996089FFF74AFB05460028ECD19E
:10418000237ADB0701D4032363730FB0F0BD062548
:10419000E3E72DE9F0430E4693B080461021304608
:1041A0001546FCF799FB0446286040B12B7D43F08F
:1041B00002032B7508232B7113B0BDE8F08333681D
:1041C0001F68FBF781F923464FF0FF320A21404672
:1041D000FDF7B0FE044640B905232B602B7D43F06C
:1041E00010032B75FBF772F9E6E7027A037BD2071F
:1041F00000F11E0641D5022B00F118090DD1417EB8
:1042000000294CD0D0F88431324603F1100153F824
:10421000040B42F8040B8B42F9D10CAA60890AA95D
:10422000FFF75AFC10213046FCF723FB2046FEF72F
:1042300055FA07902046FEF7E9F90DF1290304939A
:104240009DF8283003930DF1310302939DF830302F
:1042500007990DF13808CDE900930246CDF8148096
:10426000334604F5A970FFF795F92860E0B10823FB
:104270002B712B7D43F00203B3E7022B00F11109F0
:10428000CBD1817C59B1D0F88431324603F1100191
:1042900053F8040B42F8040B8B42F9D1BDE710220E
:1042A000304614F069FEB8E710224146384614F053
:1042B0002DFE28B10B232B7140F20B432B60D8E766
:1042C0000DF127012046FFF741FC9DF82700FEF77E
:1042D000B7F8637B984202BF237A43F0040323724A
:1042E0002046FEF7B7F800283FF47CAF237ADB07BF
:1042F00044BF052363732B7D43F0010371E7817C89
:10430000437E007A10F0010F07D0012914BF00206E
:104310000120831A584258417047012BF6E70000EC
:1043200008B5FFF757FA024B00221A7008BD00BF0C
:1043300050450020034A936A0BB1D16A1847082000
:10434000704700BF403500201FB5CDE90210019233
:10435000FBF7BAF8074BDB694BB1DDE901210398A4
:1043600098470446FBF7B2F8204604B010BD082475
:10437000F8E700BF4035002013B5CDE90010FBF78A
:10438000A3F8074B5B6A43B1DDE900109847044688
:10439000FBF79CF8204602B010BD0824F8E700BFE8
:1043A000403500201FB50123CDE9013001A803915C
:1043B000FFF7C0FF05B05DF804FB0000F8B50E4F35
:1043C0003A6A05460E46A2B1FBF77EF83B6A3146D3
:1043D000284698470446FBF779F844B11B2C06D1D0
:1043E00031462846FFF7DEFF04460028ECD0204681
:1043F000F8BD0824FBE700BF403500201FB50223AD
:10440000CDE9013001A8ADF80C10FFF793FF05B01E
:104410005DF804FB0A4601460120FFF795BF0146FF
:104420000120FFF7CBBF01460220FFF7A5BF0A46D8
:1044300001460220FFF788BF73B5014605460220FA
:10444000FFF7BCFF0446C0B92E780090CDF80300FA
:1044500036B906220DF10101681C14F057FD60B158
:1044600095F83930DB0708D505F129023146681C7B
:10447000FCF790FB002818BF0446204602B070BD30
:104480000A4601460320FFF75FBF01460320FFF7FE
:1044900095BF01460320FFF76FBF0A46014608207B
:1044A000FFF752BF01460820FFF788BF01460820EA
:1044B000FFF762BF03468A790868186088889A7196
:1044C0000A891A81002298809A72704703468A7975
:1044D0000868186088889A7100229880DA7170479D
:1044E0000A4601460720FFF72FBF01460720FFF7C6
:1044F00065BF0B6803608B8883808B798371002391
:10450000C371704701460620FFF758BF0B68036070
:104510008B8883808B7983710023C37170470B680C
:1045200003608B8883808B7983710023C37170470C
:104530002DE9F04300239BB09046421ECDE90233A3
:1045400006460F46072A1FD8DFE802F01818041E97
:104550001E18181801930DF10E05CDF807304FF015
:10456000000904AA01A9304685F80090FFF7ECFE87
:10457000044670B1052808BF002406E001930DF140
:104580000B05CDF80730EAE7032420461BB0BDE851
:10459000F0832FB1424604A93046B8470028F4D131
:1045A00009F10109DDE7000070B50E4B86B000246B
:1045B000CDE9034418689B880190ADF80830059454
:1045C00001AD15F8016B03A93046FFF7D5FE0028B1
:1045D000F9D0052803D10134062CF2D1002006B011
:1045E00070BD00BFD5C00400136801331360002004
:1045F00070472DE9F04155680E461446002701F139
:104600000108BD4207DCA3689D4215DB0623E36079
:104610000120BDE8F081C7EBC7032268D018D25C47
:1046200033789A4206D106224146013014F06EFCDE
:104630000028EED00137E4E721683068C5EBC502F9
:104640008B1888500135B188B2799A719980002011
:104650006560DEE71FB50023CDE901320C4600900E
:10466000054903936A460120FFF762FF08B9019BE1
:10467000236004B010BD00BFF345030038B5044605
:104680000D4629462046FFF777FE0028F9D0052879
:1046900008BF002038BD1FB5044600230068A2886B
:1046A000CDF80B308DF80F300190A379ADF80820CC
:1046B00001A901208DF80A30FFF7E0FF002836D16C
:1046C00001A90220FFF7DAFF88BBCDF80B008DF8B7
:1046D0000F002068A288A379019001A90320ADF8FA
:1046E00008208DF80A30FFF7C9FF00BBCDF80B009A
:1046F0008DF80F002068A288A379019001A90620F7
:10470000ADF808208DF80A30FFF7B8FF78B9CDF87A
:104710000B008DF80F002068A288A379019001A9F1
:104720000820ADF808208DF80A30FFF7A7FF04B085
:1047300010BD000000230A460B600149FFF7F8BED8
:10474000E94503000368012B04D0022B14BF11209C
:10475000002070474368013B072B0AD8DFE803F0CD
:104760000404060909040906F7F7B4BE8068F7F7E0
:10477000C8BE11207047042A10B5044608460AD066
:10478000102A0ED0022A18D11023237000F0BFFE89
:104790006080002010BD2023237000F0BDFE60600B
:1047A000F7E7802304F8013B01F1100350F8042BD4
:1047B00044F8042B9842F9D1EBE70320EAE70378A9
:1047C0000A78934201D0981A7047202B07D0802B8B
:1047D00008D0102B0BD140884B88C01A7047406816
:1047E0004B68FAE710220131013014F08FBB4FF013
:1047F000FF3070470378102B0CBF408800207047B3
:10480000022A10B5044607D110230370084600F0B1
:104810007EFE6080002010BD102A0BD1802304F89A
:10482000013B01F1100351F8042B44F8042B994289
:10483000F9D1EFE70320EEE710B586B0044608464D
:1048400011461A4602AB019201F0B2F820B9019A62
:1048500002A92046FFF7D4FF06B010BD38B50346C5
:1048600008461A78202A08D0802A14D0102A1BD192
:10487000598800F031FE002038BD0C4A02F11004C6
:1048800052F8045B41F8045BA242F9D159680C303C
:1048900000F026FEEFE75A1C113352F8041B40F8D3
:1048A000041B9A42F9D1E6E70320E5E770350020C2
:1048B0000078C008704700890B89C01A704790F8CB
:1048C0002830D90710B5044603D510211830FBF75E
:1048D000D0FF94F83930DA0704D5102104F129000B
:1048E000FBF7C7FF94F84A30DB0706D504F13A001E
:1048F0001021BDE81040FBF7BCBF10BD10B51C680F
:10490000013C94421C6007DD01FB0200A21AD2B2F6
:104910004A43014414F016FB002010BD10B40446B5
:1049200003780878181A06D1601C06225DF8044B3B
:10493000013114F0EBBA5DF8044B70472DE9F341F7
:1049400000230F466946064600931546CDF803300E
:10495000FFF7E4FFF47938B9AC4201DB4FF0FF34E4
:10496000204602B0BDE8F081002CF7D14FF0580886
:1049700007E0314608FB0470FFF7D0FF0028EFD0B6
:104980000134AC42F5DBE9E770B5144612680D4618
:10499000FFF7D4FF431C024606D023462846582181
:1049A000BDE87040FFF7AABF052070BD08B5054AF5
:1049B0000549FFF7E9FF18B9BDE8084000F0BEBBA4
:1049C00008BD00BFB48400203083002008B5054A2C
:1049D0000549FFF7D9FF18B9BDE8084000F0A2BBB0
:1049E00008BD00BFE8840020F88400202DE9F743CB
:1049F0000024154EDFF8549005462746A046D9F806
:104A00000030A34205DC4FF0FF34204603B0BDE880
:104A1000F08369462846CDF80080CDF80380FFF783
:104A20007DFF20B129463046FFF778FF40B92B893A
:104A300013B132899A4203D1AB7ABB42E5DD01372B
:104A400001341036DBE700BFB8840020F08400207A
:104A5000104B2DE9F0410024D3F800800E4E05469E
:104A60002746A04504DC4FF0FF342046BDE8F08126
:104A700029463046FFF752FF20B12946F01DFFF7C7
:104A80004DFF18B9EB79BB42EFDD013701340E362B
:104A9000E7E700BF3C840020408400202DE9F34775
:104AA0000024DFF84C80DFF84CA005462646274658
:104AB0004FF01709D8F80030A34205DC4FF0FF345F
:104AC000204602B0BDE8F087694628460097CDF839
:104AD0000370FFF723FF28B1294609FB04A0FFF765
:104AE0001DFF18B9EB79B342EADD01360134E1E785
:104AF000F48400206C84002013B5002369460093E1
:104B00000446CDF80330FFF709FF30B10621601CE1
:104B100002B0BDE81040FBF7ACBE02B010BD000013
:104B2000F7B500230D46694606460093CDF80330DD
:104B3000FFF7F4FEF47930B9AC4201DB4FF0FF34FB
:104B4000204603B0F0BD002CF8D1064F07E03146F7
:104B500007EBC400FFF7E2FE0028F1D00134A542C4
:104B6000F5DCEBE7008600200346013B10B5084664
:104B7000072B4BD8DFE803F008040C4A4A2C3B1BF8
:104B8000BDE81040FFF712BFBDE81040FFF71EBFA1
:104B9000FFF72CFF441C02463AD01E4B1E48102142
:104BA000FFF7ACFE98BBBDE8104000F0D3BA1B4C39
:104BB0002168FFF7B5FF0246501C29D0184823464C
:104BC0000821FFF79BFE10BBBDE8104000F0DEBAE5
:104BD000FFF73EFF411C02461AD0124B12480E212D
:104BE000FFF78CFE98B9BDE8104000F0EBBAFFF774
:104BF00055FF431C02460BD00C4B0D481721FFF705
:104C00007DFE20B9BDE8104000F0F8BA082010BDC4
:104C10000520FCE7F0840020B884002038840020C0
:104C2000008600203C84002040840020F484002082
:104C30006C8400200346013B37B508461446072B19
:104C400064D8DFE803F013042163633B4E2C019129
:104C50002F4DFFF751FF2F4B1A6801982946FFF798
:104C60006DFE431C08D1052003B030BD01912A4DD3
:104C7000FFF742FF294BEFE7582202FB0051204685
:104C800014F052F90020EFE7FFF7B0FE451CEAD020
:104C9000234B03EB00100FC884E80F00F2E7214B11
:104CA0001968FFF73DFF411CDDD01F4B03EBC0022D
:104CB00053F83030236053686360E3E7FFF7C8FEC2
:104CC000421CD0D0194B0E2202FB003000F10C0325
:104CD00050F8042B44F8042B9842F9D10388238020
:104CE000D0E7FFF7DBFE431CBDD0114B172202FBC0
:104CF000003000F1140350F8042B44F8042B9842C0
:104D0000F9D1038823808378A370BBE70820ABE741
:104D100030830020B4840020F8840020E884002040
:104D2000B8840020388400200086002040840020C1
:104D30006C84002070B51D4B1D4900241C801D4B48
:104D40001E685825D8B005FB06F20DEB050014F0DF
:104D5000EBF8194B2A4631460DEB050014F04DF9DE
:104D6000A64206DC00245825A6420FDC002058B0DD
:104D700070BD16AB684605FB0431FFF7A7FB68461C
:104D8000FFF724FE0028F2D10134E9E758220DEBA9
:104D9000020305FB0431684614F0C6F8684600F0CB
:104DA0000DF80028E3D10134DEE700BF6A8400205B
:104DB000F8840020E8840020B748030073B5044657
:104DC000174EFFF77CFD21466846FFF77FFB3568ED
:104DD00014492A466846FFF7B1FD431C04D1022D51
:104DE0001CDC6B1C336028460E4B582202FB003340
:104DF00021460D4C184614F097F82288013292B2E1
:104E00000281228000F08EF930B922884FF6FA73C1
:104E10009A4201D9FFF78EFF02B070BD1B20FBE75D
:104E2000E8840020F88400206A84002070B51D4BBF
:104E30001D4900241C801D4B1E685825D8B005FB59
:104E400006F20DEB050014F06FF8194B2A463146B7
:104E50000DEB050014F0D1F8A64206DC002458251D
:104E6000A6420FDC002058B070BD16AB684605FBAB
:104E70000431FFF72BFB6846FFF798FD0028F2D1BD
:104E80000134E9E758220DEB020305FB04316846C3
:104E900014F04AF8684600F00DF80028E3D1013418
:104EA000DEE700BFEC84002030830020B4840020C3
:104EB000B748030073B50446174EFFF700FD2146BF
:104EC0006846FFF703FB356814492A466846FFF732
:104ED00035FD431C04D1022D1CDC6B1C33602846BD
:104EE0000E4B582202FB003321460D4C184614F09D
:104EF0001BF82288013292B20281228000F01EF952
:104F000030B922884FF6FA739A4201D9FFF78EFF23
:104F100002B070BD1B20FBE7B4840020308300206A
:104F2000EC8400207FB501380C46072800F284800D
:104F3000DFE800F009040D8282405F250846FFF794
:104F4000B9FF04B070BD0846FFF738FFF9E701A8C4
:104F5000FFF7B0FA01A8FFF749FD451C05D1374B13
:104F60001868022866DC421C1A60354D05EB0015F6
:104F700094E80F0085E80F0000F0ECF8E1E7314E0F
:104F800001A8FFF7CCFA356801A82946FFF7C8FD4C
:104F9000411C04D1022D4DDC6B1C336028462A4A8B
:104FA000236842F8303002EBC00163684B6000F0C8
:104FB000EDF8C6E701A8FFF7A9FA01A8FFF748FD39
:104FC000421C05D1214B1868022833DC421C1A60B0
:104FD0001F4B0E2202FB003004F10C0354F8042B8B
:104FE00040F8042B9C42F9D12388038000F0EAF8B2
:104FF000A7E701A8FFF77DFA01A8FFF74FFD431CC3
:1050000005D1144B1868002814DC421C1A60124B9E
:10501000172202FB003004F1140354F8042B40F86B
:10502000042B9C42F9D123880380A378837000F07D
:10503000E5F886E71B2084E7082082E7F08400205B
:10504000B884002038840020008600203C840020A2
:1050500040840020F48400206C8400200A4B0B4A1A
:10506000DA610B4A1A620B4A5A620B4A0023136038
:105070000A4A13600A4A13600A4A13600A4A136014
:105080000A4A136000F0D6B840350020354C0300C2
:10509000254F0300694B0300E8840020B4840020FE
:1050A000F0840020388400203C840020F484002018
:1050B00038B515461C460EF087F80028B1BF02200F
:1050C00090FBF5F02060002038BD000010B51446BC
:1050D0001A46029B6143994205DD054B054A064885
:1050E000592111F017FABDE8104001230DF08ABFD5
:1050F000DCC004005EC10400EFC0040010B5DEB0E7
:1051000040F2691304460093084603AB5821FFF7A9
:10511000DDFF03A920460BF009FD002818BF1C2065
:105120005EB010BD024B03491A680348FFF7E6BFA3
:10513000E8840020F88400206F736563024B034904
:105140001A680348FFF7DABFB484002030830020D8
:105150007073656300B597B04923094A00931268DC
:10516000084803AB1021FFF7B1FF03A906480BF075
:10517000DDFC002818BF1C2017B05DF804FB00BF41
:10518000F0840020B88400206363636400B58DB0B0
:105190002523094A00931268084802AB0821FFF74B
:1051A00095FF02A906480BF0C1FC002818BF1C207F
:1051B0000DB05DF804FB00BF38840020008600209D
:1051C0006373666300B593B03D23094A0093126888
:1051D000084802AB0E21FFF779FF02A906480BF041
:1051E000A5FC002818BF1C2013B05DF804FB00BF0D
:1051F0003C840020408400207270617200B59DB034
:105200006123094A00931268084803AB1721FFF78E
:105210005DFF03A906480BF089FC002818BF1C207D
:105220001DB05DF804FB00BFF48400206C840020F6
:105230006F69726B07B500232A48019301A90BF02F
:1052400099FC00282DD1284B284901985822FFF7B6
:105250002FFF40BB264801A90BF08CFC08BB254B57
:10526000254901985822FFF723FFE0B9234801A9F7
:105270000BF080FCD0B1224801A90BF07BFCF0B10F
:10528000204801A90BF076FC10B31F4801A90BF0D0
:1052900071FC40B91D4B1E4901981722FFF708FF0A
:1052A00001E0FFF781F903B05DF804FB194B1A49DF
:1052B00001981022FFF7FCFE0028DCD0F3E7174B23
:1052C000174901980822FFF7F3FE0028D8D0EAE733
:1052D000144B154901980E22FFF7EAFE0028D4D09E
:1052E000E1E700BF6F736563E8840020F884002065
:1052F00070736563B484002030830020636363644B
:1053000063736663727061726F69726BF4840020FC
:105310006C840020F0840020B884002038840020B1
:10532000008600203C840020408400207FB50022BD
:1053300011460120FBF75AFAF0B106230022009330
:10534000114602AB4FF60140FAF7A2FC70B90123F7
:1053500002988DF81030BDF80C30CDF81100ADF882
:1053600015300DF11100FBF7C1F905E004A900208B
:10537000FBF7A8F90028F4D007B05DF804FB08B5E6
:10538000024650B1FFF7D2FF15280FD10022BDE829
:10539000084011461046FBF729BA0146FBF726FAEA
:1053A000152803D1BDE80840FFF7C0BF08BD0000C5
:1053B000014800F010BE00BFB445002008B520B180
:1053C000BDE80840044800F006BE044800F003FEB3
:1053D0000028F5D008BD00BF80470020D44600203B
:1053E00007B501460190114800F0DCFD019928B194
:1053F0000E4803B05DF804EB00F014BE0C480191B8
:1054000000F0D0FD019908B10948F2E7094801917F
:1054100000F0C8FD10B101990648EAE7064B074ABB
:1054200007484FF4917111F075F800BFB4450020A2
:10543000D4460020804700203E9D040014C2040092
:105440007DC1040007B5184B00931848184B4FF462
:105450008172012100F07AFD30B1164B164A4FF4EB
:10546000E471164811F056F8154B00931548164B89
:105470004622022100F06AFD20B10E4B0E4A4FF485
:10548000E671EEE7114B00931148124B46220821BA
:1054900000F05CFD20B1074B074A4FF4E871E0E7EC
:1054A00003B05DF804FB00BFD8C10400B445002080
:1054B000D0450020A59D040027C204007DC1040042
:1054C000EBC10400D4460020F0460020FEC10400D9
:1054D000804700209C4700200170090A41707047F6
:1054E0000B0A017043700B0C090E8370C17070477A
:1054F000110A02704170110C120EC2701A0A037167
:1055000042711A0C1B0E81708271C3717047427810
:10551000007840EA02207047006870470346006840
:1055200059687047006800BA704730B5421E0023C2
:1055300008440139CC1AA34200DB30BD12F8014FF8
:1055400010F8015D157001330470F3E710B51044D5
:105550000023934200DB10BDCC5C00F8014D013309
:10556000F7E7F7B5089F0C469DB2099B00931646D6
:1055700003463A462946204600F0E8FC40B92B464F
:10558000BAB22146304603B0BDE8F04000F0FEB8A4
:1055900003B0F0BD70B504680E461946238AB342C5
:1055A000054603D800230360204670BD304690476F
:1055B000044670B129683346002200F0D2F940B9A0
:1055C0002868314600F01AFA286800F01BFC2860B1
:1055D000EAE7204600F054F90024E5E7042108B585
:1055E000002208460EF01AF80A4B186000F034FD4D
:1055F00000F03AFDFFF726FFFAF7F4F80021052046
:105600000AF094FF4FF4004000F018F8BDE808409D
:1056100003F0C8BADC49002010B5044C4FF0FF314C
:10562000204600F0BBFD43689847F7E7DC490020BF
:1056300000487047DC49002003F058B901460520B6
:105640000AF0A0BF10B5134628B9094B094A5321E7
:10565000094810F05FFF19B9084B064A5421F7E7D3
:105660000A46BDE81040014605200BF02BB800BFEC
:105670003AC20400ADC2040048C20400A2C2040041
:105680000BF032B80BF069B805200AF0F9BF000042
:10569000024BA0FB03010846704700BFD07B6308A4
:1056A00043F60953C0F30802400A5A43584300EB3B
:1056B000522070474379072B00F1100298BF002356
:1056C00000681344C01A80B270478268128800F1E3
:1056D00010031344C28800681044181A80B270473F
:1056E000074B10B519680246084618B909B1586841
:1056F000083810BD04889442FBD28068F5E700BFEB
:105700008035002038B5C38804460D4633B10A4BB6
:105710000A4A0B4840F2811110F0FCFE00F1100320
:105720004A791846103113F0FFFB6A79627103461B
:105730001344236038BD00BFC3C204002FC304005C
:10574000D8C2040030B50C4B1A682AB982605A6876
:105750001060083058600CE0058814889168A542F4
:1057600001D80A46F1E7816011B900F108015960DA
:105770009060002030BD00BF80350020024B002229
:10578000C3E90023704700BF80350020103A028033
:1057900041600020704738B503888B4204460D46AF
:1057A0000CD3406800F017FC38B100F11001002361
:1057B0000D44C36043600560846038BD0020FCE791
:1057C00007B50191FFF78CFF019980B90B490B7860
:1057D0000133DBB26420B3FBF0F200FB123212F0B3
:1057E000FF0209D00B70002003B05DF804FB03B08A
:1057F0005DF804EBFFF7CFBF0A70F4E7E049002043
:1058000038B5038801F10805AB420DD3FF2D0BD845
:105810000021FFF7C0FF30B1016845710023C0E9E6
:1058200004332944016038BD0020FCE708300844F7
:1058300010B580B20C46FFF753FF70B90A490B78D8
:105840000133DBB26420B3FBF0F200FB123212F042
:10585000FF0207D00B70002010BDE1B2BDE8104080
:10586000FFF7CEBF0A70F6E7E049002008B583686D
:1058700001461BB1586800F0D5FB08BD1846FCE78F
:1058800010B500B910BDC468FFF7F0FF0028F9D1CA
:105890002046F6E7002308B918467047C288C0685A
:1058A00013449BB2F7E72DE9F0470F46154606462D
:1058B000002846D0D0F8088003469946DB68002BC4
:1058C000FBD148462C46FFF700FF98B1A842A8BF7D
:1058D00028460446D9F80030B9F806002246394671
:1058E000184413F021FBB9F8063023442744A9F8E3
:1058F00006302C1B002C05DD00214046FFF74BFF36
:10590000824638B97379072B16D8201E18BF01209C
:10591000BDE8F087B8F80020A242A8BF2246C280A6
:105920003946006813F000FBBAF80630C9F80CA03D
:105930001F44E41AD146DDE7328A15442D1B358217
:10594000E3E70220E4E710B520B1C488C3688C42C5
:1059500001DD118010BD01D1002BFAD0091B1846C2
:10596000F2E7F7B50546084611460DF106021F4657
:10597000FFF7E9FF064617B9384603B0F0BDAEB1F0
:10598000BDF80630F2883168D21ABA42A8BF3A464A
:1059900094B2224619442846FFF785FF0028ECD12F
:1059A0003B1BF668ADF806009FB2E4E70220E4E78F
:1059B00070B50446154652B9002070BD14B94FF0B9
:1059C000FF30FAE7E2888A4203DCE468891A00299A
:1059D000F4DC002DF0DD002CF1D0E6882068761A8A
:1059E000AE42A8BF2E4601443246184613F09CFA38
:1059F0000346E468AD1B33440021EAE770B5002894
:105A000030D000291ADA4B4204460025E2882646A7
:105A1000E4681544002CF9D19A42447923DB9BB207
:105A2000D21A072CF2801DD9028AD31A19E0E41A7F
:105A3000D48014682344136000230CE002460B4614
:105A40000025002B07DDD4889C42F0DCD580D2688D
:105A50001B1B002AF5D14279072A03D9028A511A61
:105A60000B44038270BD294421EAE171072C88BFF1
:105A70000182C3888B420446C06807DBE1800028AE
:105A8000F0D0FFF7FDFE0023E360EBE7C91A002822
:105A9000EFD1E7E72DE9F7431E1E904627DD0DF114
:105AA0000602FFF750FF00250446A94624B96FF00F
:105AB000004003B0BDE8F083BDF80600E288731B28
:105AC000121A9A42A8BF1A4697B247B123683A46BB
:105AD00008EB0501184413F019FA0028E9D13D44F8
:105AE000ADB2B54203D0E468ADF80690DEE7002021
:105AF000DFE72DE9F74314461E4601AA0023ADF85F
:105B00000430ADF80630BDF82880FFF71CFF0DF11A
:105B10000602054631462046FFF715FF0746B8F155
:105B2000000F44D0BDF80430002295B90AB1ADF899
:105B30000430BDF80660002337B1FA88B2420FD9AD
:105B40000BB1ADF806607DB96FF0004003B0BDE861
:105B5000F083E9889942E9D8ED6801220023E4E75F
:105B6000FF6801230026E7E7BDF80490EC88396858
:105B70002868A4EB0904A4B24445A2EB060228BF9E
:105B8000444692B2944228BF1446224631444844C7
:105B900013F0BCF90028D9D1A1442644A8EB04088D
:105BA000ADF80490ADF806601FFA88F8B7E74046F4
:105BB000CCE7F8B50E46044600272046FFF77AFDED
:105BC000E28861792368B042A8BF304612FA80F2B9
:105BD0000729A3EB0003E28088BF228A236083B2F7
:105BE00084BF9B182382361A0CD00729A0680BD9D2
:105BF0000839C9B2FFF704FE054648B92046FFF749
:105C00003FFE2C462046F8BD0021FFF7C4FDF3E718
:105C10006379072B03D92146FFF774FD6771284686
:105C2000FFF753FD2B68EC60184428602C46C4E74E
:105C30002DE9F34791460DF10602074688461C46BA
:105C4000FFF781FE054670B34FF0000ABDF806006D
:105C5000EE88361AA642A8BF2646002E07DD2B681E
:105C600049463246184413F05FF9B144A41B1CB9ED
:105C7000002002B0BDE8F087EB681BB1ADF806A0CC
:105C80001D46E3E7A2B249462846FFF70CFE00286E
:105C9000EFD17B79072BEBD9398A44448C42B8BFCA
:105CA0000C463C82E5E74FF0FF30E2E710B50346D3
:105CB0001A46DB68002BFBD1D1604379072B06D94C
:105CC0004A79038A072A05D90A8A134403820023E2
:105CD0004B7110BD0A46D488D26823449BB2002A77
:105CE000F9D1F3E7F8B587683B888B4205460C4647
:105CF00001D20020F8BD01460E46C9680029FBD13B
:105D00003046FFF7E2FCA04206D23846FFF743FDDB
:105D10000028EED0F0600646F3883068184423442B
:105D2000F3806B79072B82BF298A64182C82E1E704
:105D30002DE9F8430D46C188A942044632D2FFF747
:105D4000C4FC0844A84230DBE36873B36D1A2646EE
:105D5000ADB21C463046FFF7B8FC8046A146E78846
:105D60003368F088216845452A46A8BF42469742D5
:105D7000A8BF17463A46184413F0D6F8F388BAB2CB
:105D80001344F380E3889B1AAD1A9BB2ADB2E38053
:105D9000A8EB0708DBB122683A442260002DDED16F
:105DA000F46034462046BDE8F883A0686279038831
:105DB0009B1A9D4216DC0021FFF7EDFC064688B1D8
:105DC0006379072BC6D92146FFF79CFCC2E74846FA
:105DD000E468FFF74BFD002DE2D0002CBED1304629
:105DE000FFF744FD2046FFF74BFD0024DAE710B52E
:105DF0000C46FFF7DEFE20B12146BDE81040FFF75C
:105E000097BF10BDC38870B5054613B12C46204618
:105E100070BDC468002CF9D0E38883B12046FFF739
:105E200049FC6A799042F1D3627105F1100104F1E5
:105E3000100013F079F82846FFF718FDE7E7E66849
:105E4000EE602046FFF712FD3446E3E72DE9F84304
:105E50008046F0B109B1FFF729FF44462046FFF71D
:105E600029FC58B16279216804F11003072A88BF20
:105E70009B181846E28813F065F820602368B4F890
:105E80000690E56820469944FFF71FFC07462FB3AC
:105E900015B94046BDE8F883EE882968BE4228BFA0
:105EA0003E46B6B23246484613F03EF8E3883344E5
:105EB000E380EA882B68BF1B3344921BB144BFB216
:105EC0002B60EA80EB88002BE1D1EB68E360284689
:105ED000FFF7CCFCE568002DF4D1D8E7002DD8D031
:105EE0002C46BBE770B510B10AB113B919B1032044
:105EF00022E09D0726D19DF814408472049C026024
:105F0000C0E90534C18001818180C36061B194071B
:105F10001CBF22F0030204321D4601248C420CDB1C
:105F200001394A4300219950074A5168002303610F
:105F3000086010305060184670BDAE182E600134F5
:105F40003546EBE70420F7E78835002013B5002439
:105F50000194049C0094FFF7C5FF02B010BD30B55A
:105F6000F0B103688188C468C1809A0718BF23F024
:105F700003030181446118BF04330A462046012A05
:105F800008D84A1E002992B208BF002253430020BD
:105F9000E05030BDC518013A056092B22846EEE7E0
:105FA0000320F6E703689A07C26880881CBF23F0C5
:105FB000030304338A420CD803FB0020814208D239
:105FC000891AB1FBF3F003FB1010B0FA80F040091E
:105FD00070470020704738B5044680B10DF06CF969
:105FE000E38873B165692A686261013B22899BB2CB
:105FF0009A42E38000D923810DF066F92C462046B1
:1060000038BD1D46F8E738B504460D460DF054F985
:1060100063692B60E38865610133E3800DF054F917
:10602000002038BD10B40A46034680B179B1847AA5
:10603000E40706D5C46924B12346026A5DF8044B1F
:1060400018475DF8044B11461846FFF7DCBF0320E4
:106050005DF8044B70470000024B0022C3E90023A7
:10606000704700BF8835002007B5FFF787FB0E4B50
:1060700001934FF4927300930C4A0D490D480C2381
:10608000FFF76FFA28B10C4B0C4A92210C4810F024
:1060900041FA0648FFF756FB18B1074B074A95210E
:1060A000F4E703B05DF804FB43C3040094570020F9
:1060B000A0570020E4490020A59D0400A6C30400C9
:1060C0004AC304001FB5104B0293104B01930423E5
:1060D000044600930E490F48002364220DF0D0FEC1
:1060E0000D4B0E4918600E4B02930E4B0193032388
:1060F00000934FF40072002320460DF0C1FE0A4BBE
:10610000186004B010BD00BF986100200860002036
:10611000B8C3040039560300E0610020BBC304008B
:10612000C05F0020C0570020BC570020024B1868F9
:1061300008B10DF0EDBE7047BC570020034B586806
:10614000C0F30800003818BF0120704700ED00E0E0
:10615000014B1B68184700BFE4610020014B1B681E
:10616000184700BFE8610020014B1B68184700BFBB
:10617000EC6100200B2808D00D2804D0012801D1A3
:10618000034B19607047034BFBE7034BF9E700BF74
:10619000E4610020E8610020EC61002013B50023D9
:1061A00004460A460093FFF7C9FFE0B129B1134B3B
:1061B000134A6921134810F0ADF9206801AA694615
:1061C0000DF09CFC019B43B10F4B4FF080525A6085
:1061D00040BFBFF34F8FBFF36F8F012808D90B4B20
:1061E000074A7521E6E7206869460DF05FFBF4E792
:1061F000009808B10023037002B010BDC0C30400B2
:106200008AC40400C9C3040000ED00E02EC40400E9
:106210001FB50A78019104462ABB01230B70FFF7D2
:106220008DFF0346C0B11346206803AA01A90DF0F3
:10623000DBFA039B43B10D4B4FF080525A6040BFD5
:10624000BFF34F8FBFF36F8F01280CD0084B094A63
:106250000948972110F05EF920684FF0FF3201A93C
:106260000DF000FAF0E704B010BD00BF00ED00E053
:1062700055C40400A2C40400C9C3040010B50EF044
:10628000C1FC034630B90A4B0A4A0B484FF4D2719D
:1062900010F040F9406803F1080118B1BDE8104062
:1062A000FFF7B6BFBDE81040DB680846184700BFDF
:1062B00063C4040065C50400C9C304000B782DE95C
:1062C000F34105460E46C3B1FFF738FF04460028E8
:1062D00039D028680DF04EFC00240746A046B8458A
:1062E0000EDB44B12B4B4FF080525A6040BFBFF3DE
:1062F0004F8FBFF36F8F0023337002B0BDE8F08182
:10630000286801AA69460DF0F9FB012805D0224B47
:10631000224AB521224810F0FDF8019B1C43009B46
:10632000B3420DD02868002301AA69460DF05CFA3B
:10633000012803D0184B194ABD21EBE7019B1C43F0
:1063400008F10108CBE70CF0B7FF28680DF007FC57
:106350000746BC4202DB0CF0B7FFCCE728680022FE
:1063600069460DF0A3FA012803D00B4B0B4AD2214A
:10637000D0E7009BB3420BD0002328681A46694639
:106380000DF070F9012803D0034B044AD921C1E76D
:106390000134DEE700ED00E055C40400BAC4040097
:1063A000C9C3040010B5044650B104200DF00AFA28
:1063B000206038B9044B054A0548ED2110F0AAF8D1
:1063C000032010BD0020FCE766C40400D5C404000F
:1063D000C9C3040008B50246C0B1036833B90C4B09
:1063E0000C4A40F209110C4810F094F8FFF7A6FE91
:1063F00020B10A4B074A40F20D11F4E710680DF086
:1064000065FB01280CBF0020062008BD0320FCE727
:1064100066C40400EDC40400C9C304003E9D04002A
:1064200008B50246C0B1036833B90C4B0C4A4FF4AF
:106430008E710C4810F06EF8FFF780FE20B10A4B09
:10644000074A40F21F11F4E710680DF0A7F9012880
:106450000CBF0020052008BD0320FCE766C4040033
:1064600005C50400C9C304003E9D040010B50446E0
:1064700058B180200DF0ECF8206040B9054B064A79
:10648000064840F2311110F045F8032010BD0020FD
:10649000FCE700BF71C4040020C50400C9C30400A8
:1064A00013B5044650B3036833B9154B154A4FF47E
:1064B000A771154810F02EF8FFF740FED0B121B1BA
:1064C000124B104A40F25111F3E7206801AA0DF077
:1064D00015FB019B43B10E4B4FF080525A6040BFF9
:1064E000BFF34F8FBFF36F8F01280CBF0020062032
:1064F00002B010BD20680DF053FAF5E70320F7E76E
:1065000071C4040036C50400C9C304007DC404007E
:1065100000ED00E013B5044640B3036833B9164BF1
:10652000164A40F26B1116480FF0F4FFFFF706FE13
:106530000346A8B1206801A90DF08DF9019B43B174
:10654000104B4FF080525A6040BFBFF34F8FBFF3E4
:106550006F8F01280DD00C4B084A4FF4BD71E2E754
:106560000246014620680DF07DF8F2E7032002B0F4
:1065700010BD0020FBE700BF71C404004CC504003F
:10658000C9C3040000ED00E055C40400F7B5164689
:10659000026804460D461F4632B1C4E90367002075
:1065A0006560A06003B0F0BD064B00930121034677
:1065B00005480EF0C1F920600028EED14FF0FF3001
:1065C000F0E700BF7D62030063C4040013B5044616
:1065D000006878B14FF0FF33009300231A4605217D
:1065E0000EF0CEF914220021204602B0BDE8104082
:1065F00012F0C2BC02B010BD70B5012938BF012134
:1066000088B004460D46FFF799FD034650B30026B7
:106610000096206805AB324608210EF0B1F90096CD
:1066200006AB2A46092120680EF0AAF924680DF06D
:1066300013FD07AB02460096072120460EF0A0F995
:10664000DDE905321343079A134308D0134B4FF08B
:1066500080525A6040BFBFF34F8FBFF36F8F00204F
:1066600008B070BD4FF0FF3600960246039003213C
:1066700020680EF085F90096039B20682A460421C5
:106680000EF07EF924680DF0E1FC039B00960246B3
:10669000022120460EF074F9E1E700BF00ED00E0B2
:1066A00007B5006838B14FF0FF33009300231A4656
:1066B00003210EF065F903B05DF804FB10B5044644
:1066C00000680EF091FA01280AD120680EF08AFACB
:1066D00004460DF0C1FC844294BF0020012010BD8F
:1066E0000020FCE700680EF07DBAF8B5870D860241
:1066F0000D464FF47A7200233046394612F0BCF949
:10670000B7F57A7F08BF002E4FF0000436BF28602F
:1067100002202046F8BD13B56C4684E806000160EF
:10672000A279A1888180827102B010BD704708B53E
:106730000B4601781A78914208D1411C0622581C58
:1067400012F0E4FBB0FA80F0400908BD0020FCE73D
:1067500003681944016070479A422DE9F3470546E2
:106760000E461746984620D0A3EB0209D0E9014314
:106770001B1B4B4535D3A4EB010AD14518D2A4EB22
:10678000090A224621465046F0F74EFB6B68BAEBE9
:1067900006024B446B6003D03146A01A12F0D2FBC4
:1067A000324641463846F0F73FFB02B0BDE8F0877D
:1067B000514601A80192FFF7CBFF6A680198414654
:1067C000F0F732FB6A68A9EB0A094A446A6021467D
:1067D0003046F0F729FB6B68019953446B603246F1
:1067E000E0E70368E41A6FF000431A1B914502D9F1
:1067F0001A4811F0AAFBA14538BFA14614EB0904C1
:1068000027D2002C25DB26D020460FF0D7FB81466F
:106810002968B6EB010A03D05246484612F092FBB3
:1068200009EB0A0241463846F0F7FEFA6A68B2EB15
:106830000608074603D04246314612F083FB28681B
:10684000474408B10FF0BEFB4C44C5E90097AC606B
:10685000ABE71C46D8E7A146DAE700BF79C50400DC
:1068600008B10FF0AFBB704710B5D0E9002400208D
:10687000A41AA04207D213185B788B4205D0135C90
:1068800001331844F5E74FF0FF3010BD091A08B581
:10689000531A29B10A460146184612F053FB034623
:1068A000184608BD10B504461046D4E900236FF021
:1068B00000449B1AE21A8A4201D211F046FB994227
:1068C00038BF1946C91805D20029ACBF08466FF079
:1068D000004010BD2046FCE710B50C1A134605D049
:1068E00001462246184612F02DFB0346181910BD2A
:1068F00070B5D1E90035ED1A00239D42C0E900339F
:1069000004460E46836011D001DA11F018FB2846C8
:106910000FF054FB02461544C4E90022D6E90001F9
:10692000A560F0F781FA6060204670BD2A46F2E764
:1069300010B50446FFF7DCFF204610BD37B5D0E99F
:1069400000452C1B14441F2C0BD84FF000038DF86E
:1069500000308B180A462946FFF7FEFE012003B0DF
:1069600030BD0020FBE72DE9F04706468AB0084617
:106970008A46F1F7FCFCC0F3C704042C38D0102C75
:1069800038D0022C4CD10327FFB239463046FFF7EE
:106990006BFF421C08BF04F102083146054602A8FD
:1069A0000CBF5FFA88F8A046FFF7A2FFDDE90203FB
:1069B0001B1A03EB0809FFF753FFB9F11F0F2FD87C
:1069C0005046F1F7D6FC6B1C014615D1631C2246DC
:1069D0000DF10A008DF808308DF8097012F0A4FA54
:1069E000424602A93046FFF7A9FF0AB0BDE8F0878A
:1069F0000527C9E70727C7E73368585D5F190130E6
:106A00004FF000038DF800300A460B193918304654
:106A1000FFF7A2FE3368585D04445C550120E4E7AB
:106A20000020E2E793422DE9F84F04460D46174651
:106A300099461ED09E1AD0E90183A3EB0803B34206
:106A40002FD3A8EB010A564515D2A8EB060A4246F9
:106A500041465046F0F7E8F962681644514642460E
:106A600066602846FFF712FF2A4649463846F0F787
:106A7000DBF9BDE8F88F02EB0A0B4946424658465F
:106A8000F0F7D2F96268A6EB0A063244626041462A
:106A90002846F0F7C9F96368534463602A465946AB
:106AA000E4E7134A3146FFF7FDFEB0F100081DD0C0
:106AB00001DA11F044FA0FF081FA0646324629460F
:106AC0002068FFF709FF494602463846F0F7ACF95F
:106AD000616802462846FFF7FFFE05462068FFF77B
:106AE000BFFEC4E900654644A660C2E74646E5E746
:106AF00079C5040070B588B00446FFF7B5FE431CA5
:106B000005464FF0000338D0266807939842CDE938
:106B1000053306EB000102DA194811F016FA2AD003
:106B200003910FF04BFA0399024653193046059230
:106B30000793F0F779F922680690535D1D440135FB
:106B40004FF0000301462A448DF8003005A8636821
:106B5000FFF768FFDDE905126568079B2068069569
:106B6000C4E90012A568A36005900795FFF778FEB9
:106B7000012008B070BD0246D7E71846F9E700BF0C
:106B800091C5040037B50C4601210546FFF76CFEA0
:106B9000431C0DD03CB12B68184444F004048470AD
:106BA000012003B030BD01212846FFF7A3FFF8E71D
:106BB0004FF4817344F00404032201A92846ADF880
:106BC00004308DF80640FFF7B9FEEAE770479A8C6B
:106BD000824202D10A8802B19A6000207047704751
:106BE0007047012070477047704710B504460FF09A
:106BF000E9F9204610BD000008460149F0F78CBCB9
:106C000040E2010008460121F0F79CBCF8B5D0E94C
:106C100005670446B7420AD056F8045B002DF9D048
:106C2000284600F06AFA28460FF0CCF9F2E76069CE
:106C30000023C4E90533E36118B1BDE8F8400FF063
:106C4000C1B9F8BD10B50446FFF7E0FF94F828304D
:106C5000DB0704D5206A10B103685B689847606958
:106C600008B10FF0AFF9204610BD2DE9F04186B014
:106C70000023054601930C4631B3808C01A9F0F73F
:106C80003FFC68BB019BAB6085F8270006B0BDE800
:106C9000F0810127A88C0021F0F732FC20B14FF0E1
:106CA000FF313046F1F7EDFB039B434501D1012F46
:106CB000EFD100222A612BB1AB603046F1F7E0FB47
:106CC0002046E3E70124F8E702AE0B46072201461F
:106CD0003046F1F7CBFB02272E6140F20628D9E7B8
:106CE00095F82730013385F82730CFE710B50446F3
:106CF000808CF5F76DF830F0020304D0072802D03D
:106D0000A060002010BD0120FCE710B50446F5F797
:106D1000D1F930F0020316BFA0600120002010BDA1
:106D2000034608688A791860888898809A7118469E
:106D30007047000010B5024604460549808CF6F7FE
:106D40007DFE10B1A060002010BD0120FCE700BF57
:106D5000CF6B03002DE9F04103780F6990B0044632
:106D60000D46122B3CD8DFE813F0700013003B00F7
:106D70003B00F700F700A7003B003B003B0015017C
:106D80007701BC003B003B00690144013B0053011B
:106D900090F8262090F82530D0F8211043EA0223FD
:106DA00090F8272005A843EA0242FFF7B4FC05A8A3
:106DB000F0F780FB0546A8B9227EE37DD4F81310D6
:106DC00043EA0223627E43EA024300F07F421A4311
:106DD00005A8FFF7A0FC05A8F0F76CFB054608B96D
:106DE000002625E16668162E07D89A4A0123B3408B
:106DF000134202D03046F0F785FA0023EB84286A6C
:106E000040F23E239E4203681DD195F828201107C9
:106E100019D5DB683246294698474FF6FF73AB8495
:106E200095F828309A0732D5002F41D040F23E2203
:106E300096423DD143F0040385F828303146384668
:106E4000F1F744FBCCE71B69E4E78A8C4FF6FF734C
:106E50009A4241D191F8283013F0080301D1002F54
:106E60003AD066681A2E15D12289AA8423B1286ADD
:106E7000036829469B68984795F8286016F0100625
:106E800005D02846FFF756FF0028A9D1AE68002F8D
:106E9000D4D1A5E7002EE7D0002BF8D0286A0368EC
:106EA0003246DB682946984795F828305B07EED5CF
:106EB0002846F0F7C7FAEAE78A8C03899A428FD10D
:106EC00091F826300133DBB2022B81F8263003D94A
:106ED0000C20F8F75FFB83E720891321F4F778FF94
:106EE0007EE78A8C43899A427FF47AAFD1E90556CE
:106EF000B5423FF475AF55F8043B2289198D914294
:106F0000F6D3D3E90637BB429846F1D053F8040BC9
:106F1000818C9142F7D163681F8A19683A46043020
:106F2000F0F7D3F8D8F80000836B002BE0D063684B
:106F30001A68237B0597DB4303F001038DF80B30C0
:106F40000DF10B030093CDE90302C76B05AB04AA57
:106F500003A93030B847CBE78A8C83899A427FF403
:106F60003FAF086A626803685B699847002800F0D1
:106F700094802378042B7FF433AFA368EA8D1A80C2
:106F8000A3682A8E5A80A3686A8E9A80A368AA8E04
:106F9000DA8025E78A8C03899A427FF421AF43681F
:106FA0001BB140F20622934219D105A8F0F79AFBD3
:106FB000208905A9F4F71EFB08B1002667E762687F
:106FC00040F206239A420CD10DF11F00FDF763FB3E
:106FD00095F82710012902D12846FFF746FE66687A
:106FE00055E785F82700286A036805A9DB699847F3
:106FF000F5E705A8F0F776FBA08805A9F4F7FAFAFB
:107000000028DAD1286A036805A95B6A9847D4E7A3
:1070100005A8F0F767FB208905A9F4F7EBFA064607
:1070200050B9286AA27A03682946DF6AE37AB8472A
:10703000304610B0BDE8F0810126F9E78A8C8388DC
:107040009A427FF4CDAE086A228903689B6A98470A
:10705000B3E700BF001848008A8C83899A427FF406
:10706000BFAE05A8F0F73EFBA08905A9F4F7C2FA68
:107070000028A2D12379042B06D1286AA2680368CC
:1070800005A91B6A9847ABE6022B7FF4A9AE286AD4
:10709000036805A99B699847A2E63B26C8E700BF9D
:1070A000808C4FF6FF73C01A18BF01207047000094
:1070B000024A0349034810F03DBF00BF00340020DE
:1070C000CD6B03009035002070B5D0E9065604461C
:1070D000AE4207D055F8040B0028F9D003689B682E
:1070E0009847F5E7A0690023C4E90633236218B185
:1070F000BDE870400EF066BF70BD10B50446FFF7E6
:10710000E3FFA06908B10EF05DFF204610BDCB780B
:107110000278534003704B884278534043700A68AA
:10712000837883EA122383700A68C3785340C3705C
:10713000CB79027953400371CB8842795340437134
:107140004A68837983EA122383714A68C37953407A
:10715000C371CB7A027A53400372427A4B8953400F
:1071600043728A68837A83EA122383728A68C37AB5
:107170005340C372CB7B027B53400373CB89427B6A
:1071800053404373CA68837B83EA12238373CA68BC
:10719000C37B5340C37370471FB502788DF800203E
:1071A00042798DF80120827A8DF80220C27B8DF819
:1071B000032002798DF80420427A8DF80520827B25
:1071C0008DF80620C2788DF80720027A8DF8082005
:1071D000427B8DF8092082788DF80A20C2798DF8DB
:1071E0000B20027B8DF80C204278C37A8DF80D209D
:1071F00082798DF80E208DF80F3010236A461946DB
:1072000001F0CFF905B05DF804FBF8B50646087843
:107210000C4601F0D5F90546607801F0D1F9A27865
:1072200063785340E27853405D4068403070607846
:10723000277801F0C5F90546A07801F0C1F9A378D7
:107240005F40E3785F407D4068407070A07865786B
:10725000277801F0B5F96F400546E07801F0B0F904
:10726000E3785F407D406840B070207801F0A8F975
:10727000637825785D40A3785D404540E07801F073
:107280009FF9EDB24540F570F8BD0000F0B5264E0F
:1072900007460C460FCE8DB001AD0FC50FCE0FC502
:1072A00096E8070085E807003846002F38D0002C04
:1072B00038D0381F2146024610344B780D781B0415
:1072C00043EA0563CD782B438D78043143EA0523E7
:1072D0008C4242F8043FF0D1144C04218A07036920
:1072E00016D1C3F30742A55C1A0EA25C42EA0562FE
:1072F000C3F30725DBB2655DE35C42EA054242EA7F
:1073000003220CAD21F003032B4453F82C3C5340D3
:1073100050F8042F013153402C290361DED10120A4
:107320000DB0F0BD2046FBE7FCC5040028C60400F4
:107330002DE9F043154689B00646002858D00029AB
:1073400059D0002A59D010230A466846194601F040
:1073500028F9294668462A4CFFF7D9FE05F110079F
:10736000A146A035E8466A4610231178013B615CCE
:1073700002F8011BF9D16846FFF70EFF694604A821
:10738000FFF743FF01A905A8FFF73FFF02A906A8E1
:10739000FFF73BFF03A907A8FFF737FF10231946A4
:1073A0000DEB0302684601F0FCF8394668461037D9
:1073B000FFF7ADFEAF42D5D1102498F80030013C64
:1073C00019F8033008F8013BF7D16846FFF7E4FEEF
:1073D00029466846FFF79BFE102319466A46304649
:1073E00001F0DFF868461022214601F0E7F801209D
:1073F00009B0BDE8F0830846FAE71046F8E700BF99
:1074000028C6040010B50A460F3012F9103B002BB5
:10741000B4BF8723002312F8014D83EA440391424D
:1074200000F8013902D01378DB09F4E710BD08B584
:1074300020B15822002101F0C1F8012008BD10B58B
:10744000044688B11022002101F0B8F8102204F19E
:107450003000002101F0B2F80023636400224FF4F1
:107460008033C4E91423012010BD70B50D461646C3
:10747000044610B311B35822002101F09FF82946A9
:10748000A6643046FFF702FF10220021204601F0DB
:1074900095F804F11005A26C21462046FFF748FF3D
:1074A00021462846FFF7AEFF294604F12000FFF7EA
:1074B000A9FF2046FFF7C3FF012070BD0846FCE787
:1074C0002DE9F0410D4616460446002862D012B957
:1074D0000120BDE8F08100295CD0D0E9140150EA18
:1074E000010357D010F1FF32D4F8448041F1FF334B
:1074F000C4E91423B8F1000F2AD0C8F1100708F12D
:107500003000BE42204408D22A463346314601F0BC
:1075100048F8626C32446264DAE73B462A463946F0
:1075200001F03FF8103E0023636446443D44631E6F
:1075300004F10F0113F8012F93F830008B4282EA17
:1075400000021A70F6D1A26C21462046FFF7F0FE29
:1075500004F10F07102E0AD8002EB9D033462A4660
:10756000314604F1300001F01CF86664B0E7631E98
:10757000691E13F8012F11F8010FBB4282EA0002C5
:107580001A70F6D1A26C21462046FFF7D1FE1035C5
:10759000103EDFE700209CE770B50C460546E8B1D9
:1075A00069B34A6C102A1AD11031631E013904F1F3
:1075B0000F0013F8012F93F83060724011F8016F3B
:1075C000984282EA06021A70F3D1A26C214628463C
:1075D000FFF7AEFE2046FFF72AFF012070BD02F143
:1075E00030000021C2F11002204400F0E7FF636C7C
:1075F0002344802283F8302004F12001D5E7084697
:10760000ECE7F0B500240646204665B2AB4200DC4C
:10761000F0BD51F8247052F824503D440544AF4267
:107620008CBF0127002746F8245018BF3846013484
:10763000EBE700EB81010023884200D3704751F84B
:10764000042D43EA52030B60D307F5E7036870B5D6
:1076500013F001060546144605D013460A460146B6
:10766000FFF7CFFF064621462846FFF7E2FF46B167
:1076700004F18042013A55F8223043F0004345F8C6
:10768000223070BD2DE9F04F002587B0CDE9001202
:107690002C462A464FFA85F8434513DC4FF0FF3558
:1076A00005EB430502954FF0010C1D466FF0030BEF
:1076B000029EB5422DDB00EBC30040F8042C07B05E
:1076C000BDE8F08F019E4FF0000C06EB8509E64601
:1076D000CDE90224009959F8047951F82C60DDE9CC
:1076E0000212A7FB06AB1AEB01060CF1010C5BEBD7
:1076F00002074FFA8CFA2CBF01220022C2459644A1
:107700003C463246E4DD40F825603A460135744691
:10771000C0E7019E21464FFA8CFE06EB850A002445
:107720004FFA8EF6B34209DC40F825200CF1010C2B
:1077300001356DB25FFA8CFC0A46B9E70BFB0EF619
:10774000CDE904215AF80670009EDDE9041256F8CE
:107750002E60A7FB066716EB010857EB02092CBF4A
:10776000012200221444494642460EF1010ED7E799
:10777000014B1860704700BFF0610020014B186892
:10778000704700BFF0610020002310B51C465AB2BC
:10779000914200DC10BD40F823400133F7E710B5FB
:1077A00000231A465CB2A14203DCB2FA82F040091F
:1077B00010BD50F8234001332243F3E74A1101235F
:1077C00050F8220001F01F0103FA01F10840704750
:1077D000013910B549B2041D0A06CBB204D40139EF
:1077E00054F82120002AF7D001335BB273B103F1C2
:1077F0008042013A50F82220002022B9013B00EBE0
:10780000431318B210BD52080130F6E71846F9E7E5
:1078100010B500235CB2A24200DC10BD51F8234039
:1078200040F823400133F5E710B5013A52B2130690
:1078300001D5002010BD50F8224051F822309C4262
:1078400005D802F1FF32F2D24FF0FF30F2E701200B
:10785000F0E730B5013A52B20023140603D5181EE2
:1078600018BF012030BD50F8224051F822506C4022
:107870002343013AF1E7F0B5002406469C46204632
:1078800065B2AC4500DCF0BD51F8247052F82430EC
:107890003D1AED1AAF4234BF0127002746F82450A5
:1078A00018BF38460134EBE72DE9F042082288B0D2
:1078B0000C468146FFF7ACFFCB6A03930B6B049336
:1078C0004B6B05938B6B0693CB6B079300270823B9
:1078D0006A4669466846CDE901770097FFF791FE51
:1078E000082305466A4649464846FFF78AFE236B49
:1078F0000393636B0493A36B0593E36B0544CDE99A
:1079000006376A46082369466846FFF77AFE494605
:10791000054408236A464846FFF773FE236A00932E
:10792000636A0193A36A0293A36B0693E36B0793C5
:10793000054408236A464846CDE904770397FFF7D4
:1079400060FE636A0093A36AA26B0193E36A0293E9
:107950000492636BE26B0393CDE90523236A0793DB
:107960002E1808236A464846FFF74BFEE36A009349
:10797000236B0193636B0293236A0693A36A0793B5
:10798000351808236A464846CDE904770397FFF780
:1079900072FF236B0093636B0193A36B0293E36B02
:1079A0000393636A0693E36A07932E1A08236A46D1
:1079B0004846CDE90477FFF75EFF636B0093A36B46
:1079C0000193E36B0293236A0393636A0493A36AAC
:1079D000CDE90537236B0793361A08236A464846D4
:1079E000FFF749FFA36B0093E36BCDE90137636AAF
:1079F0000393A36A0493E36ACDE90537636B0793A6
:107A0000361A08236A464846FFF735FF361A10D45F
:107A10000D4C36B9082249462046FFF705FF0128DC
:107A20000FD00823224649464846FFF724FF361A5E
:107A3000EFE7054A082349464846FFF7E2FD3618B6
:107A4000F8D408B0BDE8F0822CC7040037B51D4655
:107A50009DF9183001930446FFF7D3FD019B38B917
:107A60001A4621462846FFF7DFFE0128019B07D072
:107A70002A462146204603B0BDE83040FFF7FBBE52
:107A800003B030BD37B51D469DF91830019304464B
:107A9000FFF7F1FE019B38B12A462146204603B08C
:107AA000BDE83040FFF7ADBD03B030BD2DE9F04F6C
:107AB000A5B01D4614ABCDE90231804629461046DB
:107AC0001646FFF785FEC0EB851004B2002C214658
:107AD000B8BF04F11F01634241F3471103F01F03D4
:107AE00004A804F01F0758BF5F42FFF74DFE002FA8
:107AF00008B22BDD04AB002203EB8001C7F1200E9E
:107B000013469D4217D86B00019304AB03EB850924
:107B10006F1E24AB012603EB8707002C54DA24AB3D
:107B200003EB86062A4656F8881C4046FFF770FE8F
:107B300025B0BDE8F08F56F823C00CFA07F00243D9
:107B400041F8042B01332CFA0EF2DAE704AB2A4693
:107B5000314603EB8000FFF75BFED4E70FFA82FEAD
:107B60005AF8883C53F82EB024AB03EB8202013064
:107B700052F8803C0B44BBEB030334BF01220022CC
:107B80009B4518BF11465CF8882C42F82E30019BAB
:107B900042B29A42E2DB731A5E42294604A85E4171
:107BA000FFF747FD24AB03EB8503294653F8802CF0
:107BB00057F8803C484643EAC273013C47F8803C92
:107BC00024B2FFF736FDA8E724AB0020C6F1010C74
:107BD000014603EB860A03EB8C0CD8E730B51C4654
:107BE00091B0054693F900306846FFF74BFDD4F895
:107BF000AC3069462846984711B030BD13460A4656
:107C0000FFF7ECBF2DE9F04793F9006092B004460E
:107C100089461046314615461F46FFF7C0FD00282D
:107C200040F091803A46494602A8FFF7E7FF3B46FD
:107C300002AA21460AA8FFF7D1FF02A908463A4640
:107C4000FFF7DCFF3B462A4649464846FFF7C6FF9A
:107C500007F104083A4629462846FFF7CFFF434676
:107C60002A46214620460096FFF7F0FE43462A4664
:107C7000294628460096FFF7E9FE43462A46214654
:107C800028460096FFF7FEFE3B462A462146204640
:107C9000FFF7A4FF43462246214628460096FFF7F9
:107CA000D5FE434600962A4621462046FFF7CEFEE3
:107CB0002368DB074AD53346424621462046FFF774
:107CC000A0FC314682462046FFF7B3FC06F1804314
:107CD000013B54F8232042EACA7244F823203A4672
:107CE00021462846FFF78AFF43460AAA2946284626
:107CF0000096FFF7C7FE43460AAA29462846009683
:107D0000FFF7C0FE0AA9084643462A460096FFF739
:107D1000B9FE3B460AAA21462046FFF75FFF02AAAA
:107D20004346104621460096FFF7ACFE32462946F0
:107D30002046FFF76DFD49462846FFF769FD02A979
:107D40004846FFF765FD12B0BDE8F0873146204692
:107D5000FFF76FFCC3E72DE9F04115468AB00446F2
:107D60000E461C22002103A811F006F92F1D95F9DB
:107D7000008003232A46314620460293FFF73EFF48
:107D80003B4602AA21462046CDF80080FFF77AFE46
:107D90002B46324621462046FFF720FFCDF80080D3
:107DA0003B4605F1840221462046FFF74FFE0AB00C
:107DB000BDE8F0812DE9F0479AB01646DDF88880DD
:107DC0004446994614F9045B009507468A462346C3
:107DD0000246314602A8FFF755FE02A94246084670
:107DE000FFF70CFF434602AA39463846FFF7F6FE76
:107DF000434602AA31463046FFF7F0FE234652467C
:107E0000494602A80095FFF721FE234652464946FF
:107E100048460095FFF736FE23463A4631460AA803
:107E20000095FFF72FFE43460AAA51465046FFF73A
:107E3000D5FE2346324639460AA80095FFF706FECE
:107E4000424649463046FFF7D9FE23460AAA314644
:107E500030460095FFF716FE23463246394612A8F3
:107E60000095FFF70FFE434612AA49464846FFF722
:107E7000B5FE23465246494648460095FFF702FEA6
:107E8000424602A912A8FFF7B9FE12A923460AAA80
:107E900008460095FFF7F6FD23463A4612A90AA8C0
:107EA0000095FFF7EFFD0AA9434602AA0846FFF72F
:107EB00095FE234652460AA950460095FFF7E2FD7B
:107EC0002A4612A93846FFF7A3FC1AB0BDE8F0878E
:107ED000F0B50F46A1B006461946384615461C4671
:107EE000FFF75DFC20B13046FFF74EFC21B0F0BD3E
:107EF000224639466846FFF78BFC294608A8FFF75B
:107F000087FC10A82146FFF73FFC012318A8109317
:107F1000FFF73AFC224608A96846FFF785FC28B916
:107F2000224610A93046FFF773FCDFE7009BDA0713
:107F300009D421466846FFF77CFB2246294610A853
:107F4000FFF784FBE6E7089BDB0707D4214608A878
:107F5000FFF76FFB2246294618A8F1E700282346C1
:107F60001CDD08AA69466846FFF785FC214668467D
:107F7000FFF75FFB224618A910A8FFF755FC002861
:107F800005DA10A923462A460846FFF73AFB10A94E
:107F9000234618AA0846FFF76EFCCEE708A96A46F2
:107FA0000846FFF768FC214608A8FFF742FB224677
:107FB00010A918A8FFF738FC002805DA18A92346ED
:107FC0002A460846FFF71DFB18A9234610AA0846B3
:107FD000FFF751FCBEE700000048704728C70400C7
:107FE0000978490049B2FFF7DABB70B514468AB088
:107FF00006460D461A46214602A80193FFF7FEFDEC
:10800000019B02AA31463046FFF7E8FD02A9019B19
:1080100022460846FFF7E2FD019B02AA29462846B0
:10802000FFF7DCFD0AB070BD2DE9F0478AB01446B9
:10803000DDF848A055461F4615F9046B00968046AA
:1080400089462B460246214602A8FFF71BFD02A9DE
:1080500052460846FFF7D2FD534602AA4146404623
:10806000FFF7BCFD534602AA21462046FFF7B6FDA6
:108070002B464A46394638460096FFF703FD5246DE
:10808000394602A8FFF7BAFD02A92B464246084628
:108090000096FFF7F7FC02A92B46224608460096F9
:1080A000FFF7F0FC2B464246214620460096FFF79C
:1080B000E9FC5346224649464846FFF78FFD2B46CA
:1080C00002AA414620460096FFF7DCFC53462246B2
:1080D00039463846FFF782FD2B464A463946384630
:1080E0000096FFF7CFFC324602A92046FFF790FB2F
:1080F0000AB0BDE8F0872DE9F04FB1B0CDE902013B
:108100003B9C049294F9007018A83A461D46FFF76C
:108110007FFBBB000593039B03EB870A514628A80E
:10812000FFF776FB94F90020002D00F08A802946A5
:1081300008A80692FFF76CFB0DF14008069A06921C
:1081400018A940460DF18009FFF762FB069A28A99D
:108150004846FFF75DFB234608AA28A918A8FFF7A1
:1081600044FFD4F8A450234608AA28A918A8A84771
:10817000234608AA49464046FFF737FFBDF9E850B5
:10818000023D2DB2002D64DC049B1D68009405F0B7
:10819000010610AB03EB4618ED4320AB03EB46168C
:1081A00005F0010510AB03EB451920AB03EB4515BA
:1081B00004F1040B2B464A4631464046FFF7FAFDD0
:1081C0005B4610AA18A908A80097FFF75BFC08A94E
:1081D000234632460846FFF701FD08A9039A2346C5
:1081E0000846FFF7FBFC08A93B465A460846FFF73E
:1081F0006FFE08A9234652460846FFF7EFFC08A980
:10820000234642460846FFF7E9FC009433464246BF
:1082100029464846FFF708FF234608AA20A910A8C8
:10822000FFF7E3FE02983A4610A9FFF7F1FA029B26
:10823000059C234420A91846FFF7EAFA31B0BDE8AF
:10824000F08F114608A80692FFF79EFA01230893C3
:1082500072E729460498FFF7B1FAB0FA80F676097A
:10826000C6F1010108EB461B09EB461608EB41106D
:10827000334609EB41115A460094CDE90601FFF758
:1082800099FD0799069800940B46024631465846D8
:10829000FFF7CAFE013D74E7F7B5B3F902701C465B
:1082A00017F11F030D4648BF07F13E0343F3471381
:1082B00001461646284604F12402CDE90023FFF7C3
:1082C000A0F9DDE9002390B9B7EB431F11DA394675
:1082D0002846FFF773FADDE90023041E18BF0124C6
:1082E00029463046FFF78DF9204603B0F0BD012442
:1082F000F6E70446F4E730B5144695B005460CAAF7
:108300002346084604A902910392FFF7C5FFB0FA7D
:1083100080F35B0914AA02EB8302638801940133A2
:108320001BB2009352F8482C002304F14401284664
:10833000FFF7E1FE21462846FFF752FEB0FA80F033
:10834000400915B030BDF0B500254F1E6CB28C420F
:1083500005F1010500DBF0BD3B1B23F0030603F034
:1083600003039659DB0026FA03F30355EEE7F8B54D
:108370000E46D11C48BF911D41F387011446FFF7FB
:1083800003FA0025671E6AB2A24205F1010500DB6F
:10839000F8BDBB1A23F00301B25C03F00303DB005A
:1083A00002FA03F342581A434250ECE7F0B591B099
:1083B00091F9006005460C46FFF712FE28BB271D09
:1083C000324629463846FFF72FFA012820D105EB1F
:1083D000860132463846FFF727FA012818D122468F
:1083E0006846FFF70BFCD4F8A8302246294608A8B7
:1083F0009847324608A96846FFF72BFA00280CBFB9
:1084000000206FF0020011B0F0BD4FF0FF30FAE72E
:108410006FF00100F7E770B50C4690B0264691F971
:108420000120054601466846FFF7A1FF94F90120A7
:1084300016F9440BA9180DEB8000FFF798FF1022E6
:1084400031466846FFF7F0F928B121466846FFF744
:10845000ADFF10B070BD6FF00300FAE72DE9F041F9
:108460000546A8B00F461446402602F12408FFF73F
:1084700085F90346C0B3402108A89847A0B3B4F9D2
:10848000022012F11F0348BF02F13E0308A9424631
:10849000684643F34713FFF709FB2246694618A8CD
:1084A000FFF729FFF0B1B4F90230D91D48BF03F13D
:1084B0000E016A46C9103846FFF745FF94F90110CE
:1084C00018AA2846FFF73FFF94F9011094F90020FD
:1084D00018AB681803EB8202FFF735FF012028B0C4
:1084E000BDE8F081013EC2D10020F8E72DE9F04758
:1084F0001C4693F9017093F900A0B3F90230A4B0BF
:108500009046DA1D48BF03F10E0204AD81460CAE61
:108510002846D21002950396FFF729FF3A464946AE
:1085200014A8FFF724FF14AB09EB070103EB8A0043
:108530003A46FFF71CFF2346324629462846FFF7F6
:10854000ABFEB0FA80F0019424AB400903EB80004D
:10855000638801331BB2009314A9002350F8882CC0
:108560000846FFF7C8FD14AA39464046FFF7EBFE60
:10857000214614A8FFF734FD0024CDE90244074644
:1085800002AB20222146304610F0F6FC2022214684
:10859000284610F0F1FCB7FA87F0400924B0BDE896
:1085A000F08738B50D46AB4211461C4604D81A4632
:1085B00010F0BAFC204638BD0024FBE710F0DCBC0C
:1085C000C3095A00134403EBC30383EA4000C0B25B
:1085D000704710B50446236803B910BDA3F110001D
:1085E0005B68236003B96460FDF74AF9F3E7002094
:1085F00003F0AEB805F060BA2DE9F843194D05F166
:108600003809AC6B0CB9BDE8F8830AF055FEAB6BCA
:108610005B68AB63A4F110070BB9C5F83C900AF096
:1086200053FE54F8100CFCF772FF064654F8100C79
:108630000230FCF76CFF042180463846FDF7DEF976
:108640002288424505D106F44053B3F5805F00D837
:108650001AB93846FDF714F9D3E73146384602F027
:10866000EDFDCEE728860020F8B5184D05F124076A
:108670006C6A04B9F8BD0AF01FFE6B6A5B686B6236
:10868000A4F1100603B9AF620AF01EFE54F8101CE4
:10869000237A087803F00703022B04F1080200F0A4
:1086A0000F000ED0042B07D0012B01D101F0D4F81C
:1086B0003046FDF7E5F8DBE71146304602F060FB97
:1086C000D6E7314606F008FDF2E700BF2886002015
:1086D00008B5012005F0DAF928B1BDE808400248E4
:1086E0003321FDF789BF08BD808600202DE9F041C8
:1086F00010210546FDF79AF80446C8B18368058243
:108700001E880368043326F0030603604079B6B27E
:10871000301A04382D1AA046002D09DD0021A8B218
:10872000FDF74EF8074630B92046FDF7A9F83C465C
:108730002046BDE8F081C8F80C00AD1B8046EBE791
:1087400039B1407900F0C000A0F1400358425841CF
:1087500070470846704731B14079800905D0431E03
:108760005842584170470846704702207047000041
:10877000032814D8DFE800F0020B020B0A4A00239A
:1087800012F8010B68B90133062BF9D170474B1E63
:10879000053113F8010F20B98B42FAD17047002040
:1087A00070470120704700BF21860020052970B561
:1087B0000546164616D90C4B1B6813B10C242046EF
:1087C00070BD06F0F7FE04460028F7D12EB1074B26
:1087D0002A681A60AA889A80F1E701F03FF9002818
:1087E000F5D0EBE71224EAE7388700201B8600204B
:1087F00038B50D46064C014606480622002D18BF26
:10880000204610F083FBB0FA80F0400938BD00BF6D
:108810001B86002021860020034A044B00280CBF41
:1088200010461846704700BF218600201B86002096
:1088300038B5F0F7D3FB0C4B05461C7AF0F7D4FBA8
:108840008DB9022C0BD0042C05D0012C0BD1BDE826
:10885000384001F0E5B8BDE8384001F01FBFBDE881
:10886000384006F02BBC38BD2886002010B5104BD0
:1088700000781B7A022B144600F00F000FD0042B57
:1088800005D0012B10D1BDE8104001F06BB8F0F716
:108890009FFB01462046BDE8104002F045BABDE806
:1088A0001040114606F0C4B94FF0FF3010BD00BFB4
:1088B0002886002038B5034615460C4631B9084BCA
:1088C000084A094840F214510DF024FE8A8B498B66
:1088D0002046FDF76DF8637E2B70207F38BD00BF0A
:1088E000D8C7040046C80400DEC7040010B5EFF77F
:1088F000ABFF0020F0F780F80B4B0C4C18700C4BC2
:108900007F221A7004F0BAFB4FF0FF312046FDF7CA
:1089100045FC30B9074B084A084840F263510DF056
:10892000F9FD43689847EFE7188600203C86002051
:10893000F46100202BCD04005BC80400DEC70400F6
:10894000014B1872704700BF28860020014B187A2F
:10895000704700BF2886002001460148FDF758BC3B
:108960003C86002000234361054B9A6A00F1100108
:1089700014301160986203F11800FFF7EDBF00BFDB
:1089800028860020F8B50B880778427803F0800429
:10899000C3F3C01603F00703042B054607F00F07C7
:1089A00003D1BDE8F84002F081BAA4B1082F08D87D
:1089B000DFE807F00E050E050E230E1111000C2A3C
:1089C00009D0012B30D0022B30D04FF0FF3529E0F9
:1089D000911F1F29F5D8012B11D0022BF5D1901C26
:1089E000FFF784FE044618B101462846EFF79EFEC5
:1089F0003146204606F01EFA0FE0222AE0E7901CDE
:108A0000FFF774FE044618B101462846EFF78EFEC4
:108A100032462146384600F083FE054614B1204612
:108A2000FFF7A0FF2846F8BD0024F1E70024DFE7A8
:108A300038B50446094D0AF03FFC00236361EB6B37
:108A400004F110021A601434EC630AF03DFC05F1E5
:108A50002C00BDE83840FFF77FBF00BF288600200C
:108A600001460148FDF72ABC3C8600206FF4400017
:108A700040F2FF3170470000014BD3E9000170471D
:108A80002886002038B50AF017FCEFF7EBFF07F057
:108A9000E5F806F0ABFD05F09DFD0AF015FC00F0D1
:108AA000CBFF1B4B1B4C00251D701B4B28461D701C
:108AB000EFF7A2FF194B1870194B7F2220461A704E
:108AC000FFF787FDA4F11400FFF783FD40F20113C7
:108AD00024F8263C252304F82A3C4FF0FF3344F8C1
:108AE0002F3C1F2304F82B3C02F0B4FC04F094FE4E
:108AF00007F0BAF80B4B04F8305C1D609D8007F05E
:108B000023FA05F0A3FCBDE83840EFF79DBE00BF97
:108B10001A86002060860020198600201886002012
:108B2000F46100201B860020032938B504460D4659
:108B300006DD164B164A40F2A76116480DF0EAFC16
:108B4000C9B2002005F0D8F8A0421CD8012DA4EB32
:108B5000000005D1C0F3CF001B2838BF1B2038BD53
:108B6000022D02D1C0F38F00F6E7032D02D1C0F32E
:108B70008F10F1E715B9C0F30F10EDE7064B044A6B
:108B800040F2CA61D9E71B20E9E700BF37C80400FB
:108B900067C80400DEC704003E9D040004F028BE40
:108BA00004F034BE13B5334C002306226946204638
:108BB0000093CDF8033010F0A9F9A0B9009020601F
:108BC000A080CDF8030006226946204610F09EF9E9
:108BD00048B9684607F046FA28B9DDF80130236045
:108BE000BDF80530A380244C05F0DCFC04210A23E9
:108BF000E3730022FF23084623820AF00FFD22467A
:108C0000002342F8383FE263224604F1140142F89F
:108C1000243FA262194AA361C4E90723184AE36208
:108C2000C4E90C23174A2364C4E91123164AE364F8
:108C3000C4E914236061154A04F15800FDF7A6FC4D
:108C400004F0EAFD07F010F800F010FF06F0F2FC67
:108C500002F056FC05F0E0FB44F2EF020023C4E909
:108C6000002305F0E3F805F0D5F805F033F802B07D
:108C700010BD00BF218600202886002069860300E1
:108C8000F9850300F5850300EF850300D186030015
:108C9000EFF7B2BE044A92F90010814202D0107080
:108CA000EFF79CBE704700BFF461002010B504468A
:108CB00000F0D4FE08B1012010BD06F07BFC0028B6
:108CC000F9D1094B1B68002BF5D1E307F4D4074B0E
:108CD0001B6823B90228CCBF00200120ECE7D3F8A1
:108CE000B4300130F5E700BF38870020308700201E
:108CF00047F611239842024603D803485043800D9B
:108D00007047FCF7C5BC00BFDF18020038B5074B41
:108D10001B785C1883891B07C0E90544054604D508
:108D20000348FCF7B5FC0444EC6138BD048D002019
:108D30000088130038B50121104B83660446406655
:108D400080F85810C07904F0D7FFA3895A070FD5CF
:108D500000F5FB700A4BA5691B78EB1AE36500234D
:108D600084F85A301E30FFF7C3FF2844206638BD10
:108D7000DB0748BF00F55570ECE700BF358F0300F7
:108D8000048D002070B50C461146A26B02B1127C16
:108D9000A3895E0728D5638913F0020F0CBF212336
:108DA000A1230C250022AE1CE6716689F60748BF98
:108DB00043F040030B70234653F8201F01609B884B
:108DC0008380A189490700F1060306D5214651F8A1
:108DD000326FC0F80660898899801AB1A06B0021B3
:108DE000FCF7E6FD284670BDDD0709D413F0020F3D
:108DF00014BF062302231F2A04D8951DEDB2D2E723
:108E00002023F8E7034B044A044840F2F7110DF021
:108E100081FB00BF84C8040080C9040099C8040015
:108E200038B513460A6C0D464AB1127C1F2A06D982
:108E30000E4B0F4A0F4840F29A310DF06BFB6989D7
:108E400011F0010F0CBF0421442119702B46941D11
:108E500053F8201F01609B888380E4B222B1831DF8
:108E60000021286CFCF7A4FD204638BDF6C804009C
:108E70009BC9040099C80400F8B5064600680F466F
:108E8000154608B1FCF7FCFC00212846FCF7CEFC97
:108E9000044630B1038A2B441F2B04DDFCF7F0FCA1
:108EA00000243460F8BD2A463946FCF7FCFC002853
:108EB000F7D02046F2E7000008B504F0C7F8074AEB
:108EC00048B1538913F0800004D05378002B0CBFB5
:108ED0001046002008BD1046FCE700BF9C8600201D
:108EE00008B5074B78220021184610F045F80722F4
:108EF0008270044AC0E914201222828108BD00BF9A
:108F00009C8600203193030010B504464C30FFF7D7
:108F100023FD0020FFF714FD0AF0CEF9638923F04A
:108F2000300363810AF0D0F9014B00221A6010BDB2
:108F30009886002038B5C468324B05461C600AF09C
:108F4000BBF9638913F0300F06D02F4B2F4A4FF433
:108F500090712F480DF0DEFA23F0300343F0100338
:108F600063810AF0B1F9638903F4C063002B44D133
:108F7000284A2949A079EFF745FD20B1274B284A17
:108F800040F26641E5E794F90900FFF783FE254BBF
:108F9000A97818786B681844EFF72CFF68BBEFF7D7
:108FA000FDFCFF23237205F031FAD0B1F0F726F86B
:108FB000A389DA0618D59B0716D000210846EFF7DB
:108FC00007FD022218482146EFF786FF0546A0B9A3
:108FD000E3787BB107F026F80120FFF7B1FC2846C3
:108FE00038BDF0F71BF8E3E710482146EFF7F0FC37
:108FF0000022E7E707F018F8EEE72046FFF784FFC6
:109000000125ECE7988600200BC904005EC9040026
:1090100099C8040055555500D6BE898EA59D0400FB
:10902000BFC90400048D0020858D0300098F030053
:1090300010B50446583006F0D1FDA3785A070BD47A
:1090400013F0020F14BF26232523A37104F14C0053
:10905000BDE81040FFF780BC2723F6E738B5438909
:1090600013F4C06F044623D013F4007512D0C36B01
:1090700033B1806BFCF704FCE36BA3630023E36371
:109080000AF01AF9638923F400736381BDE838405C
:109090000AF01AB95B050BD5006CFCF7F1FB636CA9
:1090A000C4E910350AF008F9638923F48063ECE71A
:1090B00038BD000010B50378044683B305F0CCFA40
:1090C00004F1580006F08AFD0AF0F6F8FFF73EFCBE
:1090D000012809D1EFF7C6FC0020FFF731FC104B47
:1090E00000221A6005F0AEFF0AF0EEF804F14C0021
:1090F000FFF7B6FCA06C18B1FCF772F90023A3646B
:109100000AF0DAF8638923F0300363810AF0DCF8AF
:10911000002323702046BDE81040FFF79FBF10BD1D
:109120009886002038B500F12C054179044600F1FD
:1091300020020123284605F021F9E0B10AF0BCF82D
:10914000638943F0010363810AF0BEF8A3895A07DB
:1091500023D56179002304F13202284605F00EF987
:1091600090B10AF0A9F8638943F002036381BDE876
:1091700038400AF0A9B82379D907DFD40AF09CF85F
:10918000638923F00103DEE76379DB07E9D40AF0A2
:1091900093F8638923F00203E8E738BD0379012BD4
:1091A00010B504460ED94389DB050BD5FFF7BAFF8E
:1091B0000AF082F8638923F480736381BDE810406C
:1091C0000AF082B810BD00002DE9F047037804468C
:1091D00033B9524B524A41F2D32152480DF09AF919
:1091E00005F03AFA04F158062046FFF737FF04F17C
:1091F0004C08304606F0F2FC4046FFF731FCA07800
:1092000041072DD410F0020F14BF26222522A37986
:10921000454F934228D105F015FFA378DA0721D4F2
:1092200013F0020F14BF26232723A3712069FFF731
:109230005FFD656997F800A00544C4E905558146BE
:10924000FCF722FA2D1AB5EB0A0507D56269134619
:109250004B44991AE942FBD4C4E90533002515E0D3
:109260002722D4E72523E0E75A1CD2B2A2F1250534
:109270000121A940084206BF0233A371A271FCF785
:1092800003FA3B7801331844A0610125A3891B0729
:1092900011D5D4E906329B1A002B0CDB2346A26CB5
:1092A00000203C2102F080F90023A3642046BDE8A1
:1092B000F047FFF7FFBE2046FFF770FF2046FFF79D
:1092C00039FD05BB237823B9144B184A41F2A1217B
:1092D00083E794F85930A3B9A38913F0080F40F23B
:1092E0004711304618BF002106F02CFC20B1204663
:1092F000BDE8F047FFF79CBE3B78E26D1344C4E93C
:109300000533BDE8F087304606F04AFC0028F8D067
:109310004046BDE8F047FFF71FBB00BF28C9040067
:10932000F2C9040099C80400048D0020D6C90400C5
:109330008068FFF749BF000010B5084C237863B17F
:109340002379012B09D909F0B7FF638943F48073AE
:109350006381BDE8104009F0B7BF10BD9C860020B6
:10936000FFF766BE38B50A4C206880B14C30FFF775
:10937000F3FA0020FFF7E4FA256809F09DFF6B89F6
:1093800023F030036B8109F09FFF0023236038BD79
:10939000988600200F292DE9F843044601D01220B9
:1093A00052E03A4D2B78002B6DD102790388B0F84A
:1093B0000280877B042AF2D8DFE802F060485E036F
:1093C0005400102616F008090CD14345E7D8203B7D
:1093D0009BB243F6E0729342E1D8A8F120039BB21E
:1093E0009342DCD86379032BD9D8A379012BD6D843
:1093F000274B93F90000274B93F90030C01AFFF771
:1094000047FC68726379012B06D9234653F8070F8E
:10941000E8629A88204B9A80627B12F0F80FBED1E6
:10942000002ABCD0032FBAD8B9F1000F28D140F2DE
:10943000712303FB08F361792971A1796971EF70D8
:10944000AA702B61AE810020BDE8F8830346002797
:1094500053F8070FE8629A880F4B1D269A80B8468A
:109460003B46AFE70246002752F8070FE8629188B3
:10947000094A15269180A5E71226A3E71326A1E73E
:1094800040F6A663D7E70C20DEE700BF9C860020ED
:10949000188600201A860020C8860020034B93F906
:1094A0000030037001230B700020704718860020E5
:1094B0000129F8B501D01220F8BD0578FFF7FCFCB2
:1094C0000446002800F08780012D7ED10378002B10
:1094D0006BD109F0F1FE638923F00B03638109F07E
:1094E000F3FE3E492079FFF743F90028E3D0A38932
:1094F000DE075CD42279D50763D5638943F0010385
:109500006381364B196821629B88A384A38958071D
:109510000DD5234653F82C1FC4F832109B88E386E0
:109520006379D90742BF638943F002036381012A4B
:1095300002D92046FFF7F6FD012323700023A4F88B
:10954000763006F06FFCA37880EA1040DA07A4F8C2
:10955000740038D413F0020F14BF26232723A371FD
:1095600005F08EF8054604F02BFC0746FCF78CF856
:1095700042F210730646B7FBF3F003FB1070FFF7DF
:10958000B7FB3044A0612046FFF7D4FBE26D531BCC
:10959000002B04DA236EE5659A1A2A4422661049E4
:1095A000002204F1580006F0A5FA002084E7A06C20
:1095B00000289FD1FBF702FFA06400289AD1072062
:1095C0007AE7084B9EE72523C9E7002D7FF473AFA8
:1095D000FFF770FDE9E742206EE700BF1B86002021
:1095E0000D8D030021860020202937B502D01220DE
:1095F00003B030BD05781F2DF9D8411C0091FFF74D
:109600005BFC0446002833D0838903F01203002B4F
:10961000EDD0AAB2057800991DB3436C7BB10192DD
:1096200009F04AFE638923F48063638109F04CFEEC
:10963000606CFCF725F9DDE900120023636404F196
:109640004400FFF719FC636C0BB90720D0E709F061
:1096500033FE638943F48063638109F035FE0020A3
:10966000C6E74030FFF708FC236C002BF7D1ECE78E
:109670004220BDE7202973B502D0122002B070BD90
:1096800005781F2DF9D8461CFFF716FC0446002864
:1096900043D08389D90619D55A0712D409F00CFE94
:1096A000638923F04003638109F00EFEAAB2257896
:1096B0007DB9314604F13800FFF7DEFBA36B53BBE5
:1096C0001FE003F0C3FC0028E8D0D6E79B07E5D5F0
:1096D000D3E7E36B73B1019209F0EEFD638923F4E4
:1096E0000073638109F0F0FDE06BFCF7C9F800231B
:1096F000019AE363314604F13C00FFF7BDFBE36BE5
:109700000BB90720BAE709F0D7FD638943F400736A
:10971000638109F0D9FD0020B0E74220AEE70000E8
:109720002DE9F84FDFF82C9107460D4649B9D9F8D5
:109730000000FFF7E9FB4FF0FF340020FFF700F9CE
:109740006BE01AB90023C9F80030F4E7032801D010
:109750000528F7D1D9F800A02C68062204F10801E9
:109760000AF120000FF0D2FB834628B14FF0FF34FE
:109770000023C9F80030E0E79AF8038014F8026B80
:10978000032F0CBF08F0010808F00208C6F380168A
:1097900004F03CFE48B9B8F1000F28D05A463146D3
:1097A000204606F0EBFB10BBE0E731462046FEF713
:1097B000C7FF002834D006F0CDFD40B200288AF85B
:1097C000080011DB2B8B43F480632B83B8F1000F6F
:1097D0000DD0362324241C4A13FB00445843144460
:1097E000165C4FF0010BD9E7B8F1000FBED12B8BFF
:1097F000032F43F040032B831FD114485146EFF74A
:10980000E7F8134800225146EFF766FB04460028AC
:10981000AED12B8B43F010032B832046BDE8F88F8D
:109820003146204604F0D2FB0028B4D04378002B08
:10983000B1D1C378002BAED098E7052F96D1314631
:10984000204600F0C1FC91E7C08B0020098F030087
:10985000218E0300988600202DE9F8433D4C2378A3
:1098600088469146002B72D013881D060CD409F04F
:1098700023FD638923F03003638109F025FDBDE8F2
:10988000F8433448FFF7A0BC05285CD1A189628960
:1098900001F0100002F008020243E8D05806E6D5B5
:1098A0004746490717F8025B03F48066C5F3801545
:1098B00014D5002E45D094F90800274A36232421D8
:1098C00013FB001143431144D55C6379AB42CED105
:1098D000224806220FF01AFB0028C8D1EEB13B68DF
:1098E000C4F826301E4BBA889A8094F9080039468D
:1098F00004F02EFD94F908203623242113FB0212D4
:10990000154950188A58C8F802208288BA8094F9FC
:1099100008205343CD5C0235EDB2A38983F01003D8
:10992000C3F300134A462946404601F0B3FC002821
:109930009DD063891A070AD4BDE8F8430548FFF7AC
:10994000B9BB3946C1E7032891D1DB068FD5BDE805
:10995000F88300BF9C860020C08B0020C8860020B2
:10996000C286002008B50C4B03281A6808D19389D9
:1099700098070FD41046FFF7C7FA4FF0FF3008E002
:109980000528F7D19389D907F4D583F01000C0F3E7
:10999000001008BD0120FCE798860020044B1A78CF
:1099A00022B1D878B0FA80F04009704701207047A2
:1099B0009C86002038B50B4DAA6C044632B90A4B80
:1099C0000A4A0B4841F20E410CF0A4FD2B4600213F
:1099D00001F0EAFD0023AB642046BDE8384004F006
:1099E0007EB800BF9C8600203BC9040002CA040068
:1099F00099C8040010B50379012B02D80024204631
:109A000010BD4389DB07F9D500F120040121204670
:109A1000FEF796FE0028F2D1F0E7263070470000EE
:109A200008B5EFF71FF8034B1868BDE80840FFF7CB
:109A30006BBA00BF9886002010B5074C2046FFF790
:109A400039FBA06BFBF71CFF206CFBF719FFBDE88F
:109A50001040FFF745BA00BF9C860020024B1878E3
:109A6000003818BF012070479C860020FFF738BAE5
:109A700047F611239842024603D803485043800D0D
:109A80007047FBF705BE00BFDF180200F8B50546BA
:109A900010460E461446FFF7EBFF0746FBF700FEA5
:109AA000231ADBB228681F2B08BF0137384428600F
:109AB000307808BF00230344DBB21E2B83BF1F3B5B
:109AC00033702B68337084BF01332B60F8BD000006
:109AD00008B5EEF7C7FF0020FEF732FF014B00226A
:109AE0001A6008BD2887002010B50446FFF7F0FF74
:109AF0002CB104F19C00BDE81040FEF72DBF10BD55
:109B000002786FF386120270FFF7EEBF027842F020
:109B100040020270FFF7E8BFFFF7E6BF037843F0AB
:109B2000400310B50446037000F59470EEF70AFF89
:109B300004F58070EEF720FFE279D4F8F000013AE6
:109B4000BDE8104018BF01220021EEF71FBFC27907
:109B5000D0F8F000013A18BF01220021EEF716BF3D
:109B600003786FF386130370EEF718BFF8B5044659
:109B70000D46174605F036FD0346064653F8012FFD
:109B800022609B88A380034604F10C0053F8072F42
:109B9000C4F806209B886381696DFBF7A1FCAB6D5F
:109BA0002374AB6D1B0A6374B5F85A30A37495F82F
:109BB0003830E374B5F8701004F11400FBF78CFC36
:109BC000B5F8681004F11600FBF786FCB5F89010A4
:109BD00004F11800FBF780FC04F11A00B5F86A10D4
:109BE000FBF77AFC2B46222053F81E2FE2611B79EB
:109BF00084F8203095F8372095F82C3043EA42134A
:109C000084F8213033783B70F8BD000008B5034A72
:109C1000034B044873210CF07DFC00BFAACB040069
:109C20001FCA04004BCA040090F90030002B10B585
:109C300004460BDA03F0BDFE20B1062203212046C4
:109C400003F0EEF823786FF3C7132370A378DA06D6
:109C50000FD5B4F84610CB070CD50021204602F0F2
:109C60008FFD0021204603F04AFEA3786FF3041312
:109C7000A37010BD11F04001F4D00621204602F07F
:109C80007FFD94F83510EDE713B5144A436FC46FA8
:109C900090F8791012781C441E29A4EB020490F865
:109CA000782001D9FFF7B2FF0A44D2B21E2AC26E51
:109CB00088BF01342AB113441A1B34EA220428BF96
:109CC0001C4601A805F0B8FF28B1019B1A1B34EA15
:109CD000220428BF1C46204602B010BD048D00207F
:109CE0002DE9F04F90F90130002B8DB0044609DAD0
:109CF0002378002543F0040323702E464FF001081B
:109D000000272BE0D0E92A6B002E40F0DD80077899
:109D100017F0040702D1BBF1000FE9D094F8E83046
:109D2000002F40F02A81DBF804200192022BABF1D6
:109D3000100640F28180E179012903D0032B7BD00A
:109D4000022979D1584602F03FFB002870D12378D0
:109D500043F00403237005464FF0010823785B07A6
:109D60000AD50CAB029300238DF82030ADF82230D9
:109D7000ADF8243008AD02AE94F830300BB148F0A5
:109D800008080FB148F0100894F831300BB148F0D2
:109D9000040894F9013085F80180002B80F20381DA
:109DA000DFF8F4824FF000096B7803F00303032B14
:109DB00040F0498133681B78062B40F00C812378F2
:109DC00043F040032370012384F8E93004F59470D4
:109DD000EEF7B8FD04F58070EEF7CEFDE279012ACA
:109DE00014BF00220122D4F8EC000021EEF7CEFDD2
:109DF000B8F1000F01D1DFF8A48221464046EEF70A
:109E0000E7FD9D484A463146EFF766F868B9237882
:109E100067F3410323705B0707D594F90130002BEA
:109E200003DAA37843F00103A3700DB0BDE8F08F0F
:109E3000019B3BBB00230193D4F8AC305B68C4F8B2
:109E4000AC301BB904F1AC03C4F8B0309BF8093056
:109E50005D4603F00303032B35F808AB20D13146F0
:109E600020465FFA8AF902F0FEFF9BF80980ABF802
:109E70000C90DDF804B0C4F8A8600027BBF1000F17
:109E800043D186E0019802F09FFA0028D4D1E3790B
:109E9000012BCFD0304602F0AAFA0028CAD0CBE777
:109EA000208B0121FEF740FE237894F80D905A068E
:109EB00044BF043880B2D14528BFD146484528BFA9
:109EC00048465FFA80F9D0E7778BB6F810A096F88D
:109ED0001C9006F11805002F4CD196F8198008F057
:109EE000030894F8E830022BC8D9BBF1000F50D01A
:109EF000584602F069FA40B9E379012B49D0D4F809
:109F0000A80002F074FA002843D02046FFF7BCFEF8
:109F100007EB09035345B8BFAAEB07038346607BF1
:109F2000A78BBABFA3EB09031FFA83FA1FFA80FAC3
:109F3000504528BF50460121C0B203F0DDFE01218B
:109F40008246484603F0D8FE07F5E17303EB0A07A3
:109F5000E379012B08BFA38B384404BF9633C018A4
:109F6000FFF786FD0746FBF78FFB0744A7EB0B07C0
:109F7000FF0FF3E64FF00108B3E70025022BAA46D6
:109F80002F46A9464FF001087FF678AFBBF1000FCE
:109F900005D107EB09035345BFF6B2AEB5E7584606
:109FA00002F012FAAFE7E379022B0FD177B994F8F8
:109FB00032305BB994F83430D80607D43368404661
:109FC000197802F028FB00283FF4EAAE4FF00008B1
:109FD0004FF00209E8E6052B3FD123786FF3861393
:109FE00023700823A4F8E830EEF7D8FC234A244B6A
:109FF000B8F1000F0CBF90469846FEE623786FF349
:10A00000861323700623A4F8E830EEF7C7FCF4E6C5
:10A01000237843F040032370012384F8E93004F5EA
:10A020009470EEF78FFC04F58070EEF7A5FCE279F2
:10A03000D4F8EC00511E4A424A410021EEF7A6FC3A
:10A04000104A114BD4E723785A067FF5D6AEE27951
:10A05000012384F8E9309A42C2E60B2BF3D1E3796D
:10A06000012BCBD0022BD3D0084B094A094840F230
:10A070008F510CF04FFA00BFB58803001D9B030001
:10A080000D9B0300619B0300019B03003E9D0400A8
:10A09000D8CB0400B7CA0400199B03004F9B0300F0
:10A0A000F8B5C468414B05461C6034B9404B414A81
:10A0B00040F2DA5140480CF02DFAA3792BB9204632
:10A0C000FFF712FD01252846F8BD05F0ADFF04207D
:10A0D000FEF736FCD4E9151294F82D00374FEEF751
:10A0E00091FCEEF79BFF364B93F90000FEF7D2FD93
:10A0F000E679012E06D0022E2AD0324B2D4A40F2AC
:10A100005561D7E76B683878A9781844EEF772FE86
:10A110000546A8B923785A0617D504F59470EEF7CA
:10A1200011FC04F58070EEF727FCD4F8EC00324601
:10A130002946EEF72BFC2046FFF7D2FD054668B313
:10A140002046FFF7D1FC012528E0EEF727FCF2E7D7
:10A1500023785B0626D504F59470EEF7F3FB04F53F
:10A160008070EEF709FCD4F8F00001220021EEF730
:10A170000DFC6B683878A9781844EEF773FE054635
:10A180000028DDD1237843F010032370D4E9213275
:10A190003D3303EB42020146EEF71CFBFBF774FA7A
:10A1A000606690E7EEF7FAFBE3E700BF2887002040
:10A1B00015CB0400EBCB0400B7CA0400048D0020CB
:10A1C000188600203E9D04000B4B70B51C680546A8
:10A1D0000E460CB9204670BD0622294604F19500B2
:10A1E0000EF094FE20B994F894307340DB07F1D55B
:10A1F000D4F8B440EDE700BF908B0020F8B540F2F2
:10A20000E24303FB00F4204616460F46FFF730FCFE
:10A210000546FBF745FA241AE4B21F2C05BF0023BC
:10A220000135347033703D60F8BD406E4B6EC01A1E
:10A23000C00F7047034B1B680BB1D86D7047FBF71D
:10A2400023BA00BF28870020013883B2022B09D827
:10A25000054B4FF4B87202FB00308379002B08BF26
:10A26000002070470020704740870020044B18688A
:10A2700020B1D0F8B4201A6002B95B60704700BF0B
:10A280003087002003789B062DE9F04104460D46F7
:10A290000AD590F82F20418D00F11E03BDE8F04152
:10A2A000B0F8480005F0FEBD90F82D00012604F13D
:10A2B0001E070DB9BDE8F08194F82E3094F82C00FB
:10A2C0000344D8B2252884BFA0F12503D8B2C0F337
:10A2D000C702224484F82E00927F00F0070306FA9A
:10A2E00003F3134209D194F82F30B0FBF3F103FBD1
:10A2F0001101C9B2384605F09FFD013DADB2D8E766
:10A3000070B50446FFF790FC94F83A3063B1637877
:10A310009E0606D5E379022B09D10023A4F89030DC
:10A3200005E0204602F082F963789D06F2D42168A8
:10A330007F4AB4F848500A40092A05F1010308BFD2
:10A34000B4F890209BB204BF9B189BB25D1BADB2CA
:10A3500035B9784B784A794840F6B6110CF0DAF8FE
:10A36000012DA4F8483040F0B180626FE36F1A44C9
:10A3700094F8793062671E2B01D9FFF747FC94F8F7
:10A3800078100B44DBB21E2B85BF1F3B013284F8D3
:10A39000783084F8783088BF6267A378980763D5EF
:10A3A000B4F84820B4F850319A425DD1E379B4F85A
:10A3B0004A01012B15D0022B03D1B4F846305906BF
:10A3C0000FD4B4F8683083420BD1B4F89020B4F8BD
:10A3D0004C319A4205D1B4F86A20B4F84E319A4211
:10A3E00003D0A37843F01003A370B4F84E3194F86F
:10A3F0004621A4F86A30B4F84C31A4F8903040F209
:10A40000E2435343C4F88430B4F8483184F8382028
:10A41000A4F87030A4F8680004F1790204F17C011A
:10A42000FFF7ECFEB4F838315BB1B4F8443140F2D8
:10A43000712058431E30FFF71BFB0023E066A4F891
:10A440003831B4F8483143B140F2E2425A4304F1A2
:10A45000780104F17400FFF719FB636FC4F88C30C6
:10A46000A3786FF34103A370A3789A061DD5238DBB
:10A47000B4F848209B1A1BB2002B16DC04F123060B
:10A48000304605F001FDD4F82330C4F81E3094F8AE
:10A49000273084F82230A37884F82F006FF3451317
:10A4A000A3700121204602F06BF929462046FFF7F0
:10A4B000E9FE637884F82D009B0614D5236E626F45
:10A4C0009B1A002B0FDC4FF0FF3070BDB4F86830E2
:10A4D00040F2E2425A436A4304F1780104F1740005
:10A4E000FFF7D4FA59E7E379022B1FD194F837200C
:10A4F000D4F88010606F05F0E7FCB4F8682040F2F3
:10A5000071235343963B9842DDD2D4F88430103007
:10A51000C4F888001844FFF7ABFAA330084B1A7848
:10A52000636F9B1A0344E3650020CEE7A320F5E7A1
:10A53000090062001CCB040006CC0400B7CA04006A
:10A54000048D0020012370B58371037804466FF3F6
:10A55000000303700E46FBF797F8E3796066022B61
:10A56000C4F88C0009D0E579012D56D0022D6DD0AC
:10A57000394B3A4A40F6513146E0B4F87020F5685C
:10A58000B368C4F8803040F2E24000FB0255B17974
:10A59000222003F0B1FBB378242B05EB000239D85D
:10A5A00096F90530022B29DC002B29DD02F6C412B6
:10A5B000B36863672146002301F8783F04F1740013
:10A5C000FFF764FA94F83830656F40F2E240584380
:10A5D000C4F8840000F59C500830FFF749FA0135B3
:10A5E0000544E565204605F051FA0028BBD0204619
:10A5F000FFF786FE0028F5D0002026E0032B06D0CA
:10A60000154B164A40F6033115480BF083FF02F64E
:10A61000A662CDE702F2E242CAE7124B1A6822B9FB
:10A62000114B124A4FF41A71EEE7002631461E60B4
:10A630002046334600F0B8FF204603F050FA324679
:10A640000321204602F026F8012070BD3146204645
:10A65000FFF7B0F9F8E700BF3E9D04001DCC0400F1
:10A66000B7CA04002C87002030CB0400BBCB040009
:10A6700010B5044669B1037843F020030370436DBD
:10A6800083EA134343850021FFF7FCFD84F82D0086
:10A6900010BD80F82E100121F6E70000014B18686C
:10A6A000FFF722BA28870020012370B5C371022367
:10A6B00080F838300023A0F8703080F83730044636
:10A6C00015460E4603F07CFB0C23B0FBF3F202FBB5
:10A6D0001303053384F82C301D4B9A7B84F82F200C
:10A6E00053F8092FC4F81E201B7984F8223005F096
:10A6F00099FB606503F064FB164BC4F8DC3020F076
:10A700007F40A065737884F89330334640F271201F
:10A7100053F8032FC4F895209B88A4F89930B37898
:10A7200084F894302B68A4F868306B68E3672B7A60
:10A7300084F879306B89A4F89030AB89A4F86A303A
:10A740002B8A58431E30FFF793F9E06670BD00BFB7
:10A7500028860020A1A0030038B5058ABDF8104066
:10A760009542457A16BF0282002201228D421CBF0B
:10A770004172012244B1418AA14205D044824BB9C1
:10A78000002101F0B3FF09E033B1817A994203D08F
:10A790008372F5E70122F8E7002AF1D1002038BDE5
:10A7A0007F2310B50372FF2380F839304FF408532C
:10A7B0008387224BC0E92830034600210160817164
:10A7C000C0F83E1080F83510C0F8411080F89210A3
:10A7D0004187A0F83811C0F89C1043F8AC1FC0F8AE
:10A7E000B0304FF080730363154BC0F8A8109A780F
:10A7F00042725A788272DA88DB894382114B028274
:10A80000C0E905334FF4A473C0E91211A0F8461053
:10A8100041F61B3283831B230446C37282818373F8
:10A820005022E8300EF0A8FB012384F8E830064BF4
:10A830001A68C4F8B4201C6010BD00BFBDA9030095
:10A840001887002048014801908B002038B5828A83
:10A85000438AC17A934228BF1346428B9A4218BF5B
:10A860004383C28A038A14BF01250025934228BF6F
:10A870001346028B9A42827A16BF03832B4601232A
:10A880008A4228BF0A46817B914218BF8273017BAE
:10A89000427A1CBF01231D468A4228BF0A46417BDB
:10A8A0009142044606D0427335B92046BDE838408F
:10A8B00002F0DCBF5DB11D46A07B012103F01CFA54
:10A8C000638B80B2834228BF0346A3832B46002BB1
:10A8D000EBD138BDF8B50446CC300D4605F07EF915
:10A8E00008F0EAFC324B1B68A34201D1FFF7F0F8F5
:10A8F00008F0EAFC04F1B800FBF7D2FE2D4A136819
:10A90000A3421AD1D4F8B4301360D4F8A80020B10F
:10A91000FAF7B6FF0023C4F8A83004F1AC07D4F866
:10A92000AC60A6B17368C4F8AC300BB9C4F8B070B1
:10A93000A6F11000FAF7A4FFF1E71A46D3F8B430F5
:10A94000A342FAD1D4F8B430C2F8B430DDE704F150
:10A950009C00FEF785F86378A67103F01803182BA6
:10A9600007D13146204603F04AF8637866F30413B2
:10A9700063706378DB0607D52946204603F03FF86D
:10A9800063786FF3041363704DB1022D03D194F912
:10A990000130002B03DA2946204600F04DFF00234A
:10A9A000C4F8B430044B5A681460B4345C60F8BD29
:10A9B00028870020908B00203087002038B504467F
:10A9C00003F04AFEA46834B9364B374A374840F69C
:10A9D0006C310BF09FFD04F035FB637813F04005FC
:10A9E0001CD1236803F4C033B3F5C03F09D194F8F8
:10A9F0003B10002908BF13212046BDE83840FFF76F
:10AA000069BF04F19C00FEF72BF82378DB0748BFF1
:10AA1000C4F884502046FFF773FC08B11621EBE719
:10AA2000237884F8320060F300032370204601F09D
:10AA300075FE1F4BC4F8DC30204604F05BFFC8B93C
:10AA4000A379012B0BBFB4F86830B4F86A3041F633
:10AA50004C5042F210700BBF584358433E25082516
:10AA6000FFF706F8636FD4F88C209B1A834207D354
:10AA70002946C1E72046FFF743FC0028DCD0CDE79C
:10AA8000204600F065FE637803F01803182B07D109
:10AA90000021204602F0B3FF63786FF30413637064
:10AAA00038BD00BF15CB040031CC0400B7CA040088
:10AAB000A1A00300F8B50D46117B242B536894BF69
:10AAC00005242524CF07164648BF44F080046A1C9D
:10AAD000002B39D0C9062CD590F89330012B14D90E
:10AAE00096F90D30002B06DA2A4B2B4A2B4840F6FC
:10AAF0000E410BF00FFD2A48362744F04004012197
:10AB000003FB070003F0E8FB06E073B9254B196867
:10AB1000C5F801109B88938033681A68C5F8072030
:10AB20009B88A5F80B302C70F8BD1F4B44F04004F7
:10AB3000EDE71968C5F801109B889380337B9A076D
:10AB4000EAD544F04004E7E790F89310CB074ABFFA
:10AB5000154B144B44F04004012911D996F90D709E
:10AB6000002F0DDBDFF838C04FF0360E0EFB07C1AB
:10AB7000897829B144F04004012107FB0EC0C1E7E8
:10AB80001968C5F801109B889380012380F89230E2
:10AB9000C2E700BF45CB040047CC0400B7CA04009D
:10ABA000C08B0020218600201B86002010B5084C99
:10ABB0000020FDF7C5FE206840B103786FF3000365
:10ABC00000F89C3BFDF7C8FE0023236010BD00BFCA
:10ABD00028870020024B1868CC3004F0FFBF00BF6C
:10ABE00038870020144B2DE9F0411F68064688463F
:10ABF000144600F118010022384604F0DDFE054637
:10AC0000B0B904F0EFFC42460146B37E3846FFF788
:10AC100051FF29462846EDF7DBFE002C0CBF2246EB
:10AC2000022206483946EEF757F918B1FFF7D2FF6E
:10AC30004FF0FF30BDE8F081388700206D9B0300A6
:10AC4000F8B503681E78264B174600221D681A6067
:10AC50000B7BC3F3800385F894308B681A68C5F8C2
:10AC600095209B88A5F899300B7B13F008030C46C0
:10AC700006F020061FD091F90D00002806DA194BC6
:10AC8000194A40F6CD4119480BF044FC012385F8E0
:10AC90009B30096803F05CFB206804F099FC237B7F
:10ACA000DB0611D594F90D30002B07DA0D4B0E4A57
:10ACB00040F6D641E7E785F89B30F0E727B90C4B23
:10ACC000094A40F6D741DEE7311E284618BF012168
:10ACD000FFF7CEFC28460021BDE8F840FFF732BC64
:10ACE0003887002045CB040067CC0400B7CA0400B5
:10ACF0005BCB040038B504460D4608F0DDFA094B7D
:10AD00001B68A34207D008F0DFFA29462046BDE8B9
:10AD10003840FFF7DFBDFEF7DBFE08F0D5FA04F0A0
:10AD200091F9F2E72887002038B5144D2C680CB94A
:10AD300001200DE0636D8B420BD00020FDF700FE7B
:10AD400004F19C00FDF708FE00232B604FF0FF305C
:10AD500038BDA388C3702378022243F00103A27197
:10AD6000DA062370E4D56FF3041323708368C4F804
:10AD700080306367C36884F87830D9E7288700207B
:10AD80000B882DE9F0470E461906054606D4424BBE
:10AD9000424A4FF4576142480BF0BCFBF078FFF792
:10ADA00053FA044688B1FEF73FFF2B68328893F8C8
:10ADB0000080920608F0080A0CD594F83330534509
:10ADC00003D03D212046FFF795FF2846BDE8F04718
:10ADD000FAF756BD18F00307F7D093F80190B9F1D0
:10ADE000000F01D1012FF0D194F8E820E379052A72
:10ADF00006D9012B06D1284601F0D5FA20B9E0E7A3
:10AE0000022A01D9022BF6D0264A337912789B1AEE
:10AE10002372E379022B06D118F0040F1EBF2378AA
:10AE200043F00803237094F833305345CDD0012FFD
:10AE300084F833A013D1B9F1000FC6D06B79072B7A
:10AE400098BF002305F110021A442B689B1A9BB28D
:10AE5000012B0CD8144B114A40F6E9519BE7032F04
:10AE6000ECD129462046BDE8F04701F0A3BC022101
:10AE70002846FAF79EFE2E68A188304641EA07313F
:10AE8000FAF72AFBB01C4946FAF726FB2846BDE82C
:10AE9000F047F4F793BC00BF63CB040081CC0400FF
:10AEA000B7CA04001986002088CB04002DE9F04FB2
:10AEB0000C88AE4B0678D3F800A090F8019014F0FF
:10AEC000800485B005460F4600F0488109F1020074
:10AED000FDF70CFC0446BAF1000F00F03C81BB68A2
:10AEE000D7F80C8002930121484602F005FF3A880A
:10AEF0001706804430D49AF832200132D2B2012AA7
:10AF00008AF8322000F227819AF80720012A08D017
:10AF1000022A0DD0964B974A40F6996196480BF05D
:10AF2000F9FA9AF80020C2F34002002A00F01381D7
:10AF30009AF80760012E00F0E2805046FEF7D0FE3E
:10AF40000746002C40F0918017B15046FEF7CCFD2B
:10AF5000384605B0BDE8F08F00278AF832704046C9
:10AF6000FEF786FD029B8AF83460184406F0030B56
:10AF7000BBF1030FCAF88C0008BFAB789AF8002029
:10AF80000CBF0193019724B130079AF8311019D5FD
:10AF9000D1B912F004029AF8301006F0040302D17D
:10AFA000DAF8A80030B31BB321BB81F001018AF8A5
:10AFB0003010002A3BD09AF800206FF382028AF802
:10AFC000002017E00029E4D181F001018AF8311056
:10AFD0005106DED5297801F00301012902D16978F3
:10AFE0000029D6D0DAF8F0100131CAF8F010D0E715
:10AFF0000029DAD1BBF1030F0ED1019B022B0BD13B
:10B00000B9F1020F08D19AF8012042F080028AF8C3
:10B010000120EA788AF83B209AF80720012A62D0BA
:10B02000022A85D0524B534A40F6267176E7DAF869
:10B03000A870002FDED09AF8E91021B1DAF8EC10F0
:10B040000131CAF8EC10797E01F00301032914D113
:10B050000021CAF8A8103846514601F0A5FF07465E
:10B060000028C7D0002C3FF470AF28462146EDF7EA
:10B070005DFB2046FDF776FC66E7798BB88BB7F869
:10B0800010C0014489B26145798312D350B1BAF836
:10B090004A10013189B20229AAF84A1002D9374868
:10B0A000FDF75AFC3846FAF7EBFB0022CAF8A82055
:10B0B000A0E7ACEB01018BB2BAF8180003930121B1
:10B0C000FDF732FD9AF800104B069AF80D10039B1D
:10B0D00044BF043880B2994228BF1946884228BF2D
:10B0E0000846B88386E79AF8002006F0100602F0BA
:10B0F000020252EA060314BF0122002215E750465D
:10B10000FEF7C2FDDAF8A820074682B9DAF8AC00EB
:10B1100080B1A0F11002528B0088801A9AF80D209D
:10B1200080B2904228BF10460121C0B203E002F174
:10B130001000F0E7314602F0DFFD0646BAF81C00C9
:10B14000029B00F596708044F81AFAF7A9FA464473
:10B15000B0423FF6F2AE4FF0FF3783E7BAF1000F8F
:10B160007FF4BDAE4FF0FF37EFE600BF2887002029
:10B170003E9D040099CC0400B7CA040074860020E8
:10B18000032A70B504BFCB800B8200230B764B8360
:10B190004A760C4690F8E8100229054604F110069C
:10B1A0000DD808F089F8002344F8143FD5F8B030E2
:10B1B0001E60C5F8B040BDE8704008F085B802F0E8
:10B1C0000302032AEDD123681B78023B0F2BE8D83A
:10B1D00001A252F823F000BF1FB2030037B20300F0
:10B1E00037B203001FB203001FB20300A3B1030074
:10B1F000A3B10300A3B10300A3B1030019B203007C
:10B20000A3B103001FB20300A3B10300A3B1030065
:10B21000A3B103001FB20300C379012BC1D108F011
:10B220004BF8D5F8AC30636113B91434C5F8B040AD
:10B23000C5F8AC60BFE70629F0E700BF13B50446C8
:10B24000C1F30B000192FEF7FFFF58B111F4405F0C
:10B25000019B0CBF02220122214602B0BDE8104032
:10B26000FFF78EBF204602B0BDE81040FAF708BBDA
:10B27000074B10B51C6804B910BDE179012903D151
:10B280000022204601F006FAD4F8B440F3E700BFEC
:10B29000908B00202DE9F84F6B4F3C6805468A469D
:10B2A0009046994600F1020B002C40F0A880FEF772
:10B2B000DDFF0446002800F0B18005F10E00FAF72A
:10B2C0002BF96065B5F81320AB7C43EA0223A36534
:10B2D0006B7D84F8383005F11600FAF718F9A4F8F8
:10B2E000700005F11800FAF712F9A4F8680005F1EA
:10B2F0001A00FAF70CF9A4F8900005F11C00FAF70F
:10B3000006F92B46A4F86A0053F81E2FC4F81E2035
:10B31000844604F11E001B79037195F82330B4F8BC
:10B32000686003F01F0384F82C3095F8232052093D
:10B3300084F83720B4F87020B24200F28180B21F46
:10B3400092B240F67A418A427AD894F83820002A9C
:10B3500076D0B4F89010B1F5FA7F71D2053B0B2B83
:10B360006ED842F2107303FB0CFC01FB066340F63F
:10B37000C4114B439C4563D9013E082E28BF0826C3
:10B3800096425DD3DBF80030C4F89530BBF804304A
:10B39000A4F8993084F894A004F076FD012884F88C
:10B3A0002F004DD9B4F8680004F1790204F17C0152
:10B3B000FEF724FF0223E3712046FFF7F1F9B9F10C
:10B3C000000F33D12978C1F340112046FFF750F91F
:10B3D0001E4BC4F8DC3041462046FFF7B3F8F0B905
:10B3E0003B68D4F8B420A34222D13A600023C4F8C9
:10B3F000B430174B5A681460B4345C600FE0062216
:10B40000594604F195000DF081FD60B92A7894F851
:10B410009430520603F0010303D523B10020BDE8A8
:10B42000F88F002BFAD0D4F8B4403DE70121CCE7E7
:10B430001946D3F8B430A342FAD1C1F8B420D5E705
:10B440000020C4F8B400D4E7908B0020A1A0030032
:10B4500030870020F8B5254B186818B10021196015
:10B46000FFF738FA224C206818B1F9F7B9FF00232A
:10B470002360204B204C00221A60206818B1002164
:10B48000FFF728FAF9E7EDF7B7FDFB28064628BFD6
:10B49000FB26F6B2371D194DFFB20446012138468E
:10B4A0006E7002F029FC0121E88138462E7002F00E
:10B4B00023FC1B2C28BF1B24E4B2AC700434E4B280
:10B4C000A8810121204602F017FC0121E8802046D6
:10B4D00002F012FC03212881204602F00DFC1B2300
:10B4E000EB704FF4A4736881AB80F8BD288700200F
:10B4F0002C87002038870020908B002018870020A0
:10B500002DE9F041134E144B144D0024C6E90046BA
:10B510001C60A04603274FF4B872002128460DF0A6
:10B520002BFD01347368C5F8B480A4B2AC80284602
:10B530001D6005F1B40385F8CC70C5F8D850736070
:10B5400001F07AFD032C05F5B875E4D1BDE8F041B2
:10B55000FFF780BF30870020908B002040870020BD
:10B56000002102F0CCB9884210B51BD8052819D9A2
:10B57000B1F5486F16D8B2F5FA7F13D2A3F10A00DD
:10B5800080B240F67644A0420CD842F2107402FB1E
:10B59000011240F6C41063435043834294BF12200B
:10B5A000002010BD1220FCE72DE9F04105460E46B3
:10B5B000984614462AB9544B544A922154480AF0EA
:10B5C000A9FF0A2002F0A6F80746002867D03E230C
:10B5D0001F22237062700021A01C0DF0CDFC0A23F5
:10B5E000A370E670002D51D0AB88A380EB79013BAE
:10B5F000A37195F89430E3712B4653F8952FA26010
:10B600009B88A381EB79012B05D0022B24D0414BE1
:10B610003E4ABD21D2E795F892305BB995F8933058
:10B62000012B07D903F0D0FF20B10368C4F80E3016
:10B630008388638295F89B3013B1E3790233E37119
:10B64000E379012B12D9EB79012B09D0022B22D0FF
:10B65000304B2E4AD921B1E74046FEF7CBF9E3E75C
:10B6600003F0AEFF0368636183882383B5F8683015
:10B670006383B5F89030A383B5F86A30E383EB7940
:10B68000022B04BF95F8373084F820302046BDE8FF
:10B69000F04101F0DDBC4046FEF7BFF9E2E70120D2
:10B6A00002F038F850B33E231322237062703946FB
:10B6B000A01C0DF061FC0123A370E670002DE5D005
:10B6C000AB88A380EB79013BA37195F89430E371CB
:10B6D0002B4653F8952FA2609B88A381B5F868305C
:10B6E000E381B5F890302382B5F86A306382EB7954
:10B6F000022BCBD195F837302375C7E72046BDE83C
:10B70000F041F9F76DBE00BFB0CC040089CD040054
:10B71000B6CC04003E9D040010B5094C226832B935
:10B72000084B094A094840F2E5410AF0F3FE0023BC
:10B7300018460221FFF738FF0023236010BD00BF29
:10B740002C87002018CD0400DCCD0400B6CC04000A
:10B750002DE9F843044620B308F07EFC344B1B6807
:10B76000C01AB0F5006F1CD2B4F84A30002B5CD080
:10B770000020F9F723FE002857D01322027001227F
:10B780008270A288A0F80320B4F84A20A0F805200F
:10B79000052242700023A4F84A30BDE8F84301F0C6
:10B7A00057BC244B4FF000081C684046C146454634
:10B7B000012613273CB9A8B301F04AFC08F04CFC61
:10B7C0001B4B186031E0A3794BB3B4F84A3013B97E
:10B7D000D4F8AC301BB338B9F9F7F0FD10B30770EB
:10B7E000467000F10209857099F80030A18809EBD4
:10B7F00083020133A2F80110B4F84A10A2F8031032
:10B800004278DBB20432112B427089F80030A4F880
:10B810004A5004D101F01CFC4FF001080020D4F87C
:10B82000B440C7E7B8F1000FC8D1BDE8F88300BF46
:10B83000F8610020908B002038B5054605200C46A5
:10B8400001F090FF88B10020F9F7B8FD68B105223A
:10B8500002700422427000228270AA884471BDE8FE
:10B860003840A0F8032001F0F3BB38BD0378012B6A
:10B8700009D813B98378032B05D84378032B8CBFE1
:10B8800012200020704712207047000070B5182960
:10B890008AB0044602D812200AB070BD524B1B6811
:10B8A0000BB10C20F8E703F085FE0028F9D1A51DA7
:10B8B00061792846FEF788FC002840F08E80237BC3
:10B8C0008DF8013023798DF80030002B76D1637923
:10B8D0008DF80230D4F80630CDF803306389ADF826
:10B8E00007306278237843EA0223ADF80A30A37860
:10B8F000E278684643EA0223ADF80C30FFF7B6FF62
:10B900000028C9D1B4F80F50B4F80D30AB42C2D8FA
:10B910000595B4F81120ADF81E20B4F81330ADF839
:10B920002030B4F81510ADF822108EB2B4F817100C
:10B93000ADF824108CB29BB292B229462846FFF78C
:10B9400012FE0028A7D1A642A5D86B00B6EB450F82
:10B9500088BFADF82230A342244C38BFADF8243064
:10B96000284607AA06A9FEF749FC206818B9F9F786
:10B9700025FDA0B32060FEF779FC044688B305AA34
:10B980006946FEF791FE2046FEF70AFF6A4600214F
:10B99000204603F0E3FD00283FF47EAF1449D4F8BD
:10B9A000B4200B68A34210D10A600023C4F8B4305D
:10B9B000104B5A681460B4345C606DE78DF8020077
:10B9C000CDF80300ADF807008BE71946D3F8B43083
:10B9D000A342FAD1C1F8B420E7E70B205CE70720C7
:10B9E0005AE7092058E700BF388700202C8700203D
:10B9F000908B002030870020022938B50C4626D1D4
:10BA00000088FEF721FC054618B34378DA0601D515
:10BA10000C2038BD1B070CD4B0F8463013F00804D6
:10BA200007D1C379022B0AD000220321284600F057
:10BA300031FE6B7843F010036B700020E9E7FDF7EF
:10BA40001BF8234600F008021343EDD1E0E7122073
:10BA5000DFE72046DDE70000F8B507880546B8B205
:10BA6000FEF7F2FB0446002800F08980B0F8683049
:10BA70006A889A4228D8AA889A4225D3B0F890209A
:10BA8000EB889A4220D1B0F86A202B899A421BD1C8
:10BA9000AB896A899A4202D912252846F8BD40F23C
:10BAA000712058431E3047F61123984209D8384B6D
:10BAB0005843800DE0662146364801F07FFE0025A0
:10BAC000EBE7F9F7E5FDF5E7B4F8463003F041039D
:10BAD000002B56D194F83D6016F0020604D1E379AC
:10BAE000022B02D11A25D8E70626A3781A0714D507
:10BAF000E279012A08D0022A45D0274B274A284854
:10BB000040F23B410AF006FD6FF3C30394F8361090
:10BB1000A3702322204601F083F9A3789B0602D567
:10BB2000E379022B31D06B88A4F83A3198B2AB8814
:10BB3000A4F83C3199B2EB88A4F83E31B5F808C0BE
:10BB4000A4F840C19AB21FFA8CF3B5F80AC0A4F861
:10BB500042C1AD89A4F844511FFA8CFE1FFA85FC3E
:10BB6000E64599D8FFF7FFFC0546002895D1024627
:10BB7000A4F838713146204600F08CFD8DE702258F
:10BB80008BE70C2589E7232587E72A2585E700BF72
:10BB9000DF18020061B503003E9D0400C5CD04001E
:10BBA000B6CC04000E292DE9F047054690461F4605
:10BBB00074D1B0F80090FCF75FFF002300F00202A0
:10BBC00013431FFA89F465D02046FEF73DFB044677
:10BBD000002861D083882A88A0F838319A4206D09C
:10BBE0002F4B304A304840F26F310AF093FC68889E
:10BBF000A4F83A01A988A4F83C11EA88A4F83E21E7
:10BC00002B89A4F84031B5F80AC0A4F842C1AD8927
:10BC1000A4F844519BB292B289B280B21FFA8CF65A
:10BC2000FFF7A1FC1FFA85FA054650BB564588BFB1
:10BC30001225A3781B071DD52DBB10211B20F9F75A
:10BC4000F5FD064690B1D0F800A004F5AA72514661
:10BC5000204600F0FBFB154B8AF800001B5C01330B
:10BC6000DBB2032231462046FFF78AFAA3786FF34E
:10BC7000C303A3700223A8F800903B702846BDE8D8
:10BC8000F0871225D5E794F836103B22204601F0C4
:10BC9000C7F8EBE70125EDE70225EBE71225EDE715
:10BCA0002ECD0400A5CD0400B6CC0400DACF0400EC
:10BCB00003292DE9F843804616461D4629D10788F9
:10BCC000FCF7DAFE4FF0000900F002024B46134386
:10BCD000BCB218D02046FEF7B7FA0446A8B1817866
:10BCE00011F0080113D098F8022090F8361001F0F6
:10BCF00097F8A37869F3C303A370484602233780FB
:10BD00002B70BDE8F8830120F8E70220F6E708462B
:10BD1000F4E71220F5E7000038B507F0CDFA0B4B39
:10BD20001D688DB1AC797CB901201C6002F04EFF1A
:10BD300002212846FEF7CEFD0548214601F03EFDD2
:10BD400007F0C2FA204638BD0C24F9E738870020F6
:10BD500019B7030038B505460088B0F5706F0AD2F0
:10BD6000AB781A2B09D8042B05D9012202FA03F368
:10BD7000124A134205D112201AE0292B01D03B2B85
:10BD8000F9D1FEF761FAA0B190F83A309BB9437847
:10BD900013F0200406D00A4B0A4A0B4840F23A51ED
:10BDA0000AF0B8FBAB7880F83A3000F03FFC204650
:10BDB00038BD0220FCE70C20FAE700BF2000380461
:10BDC00064CD040007CE0400B6CC0400022938B5C7
:10BDD0000C4618D10088FEF737FAB0B1B0F84640EB
:10BDE00014F0100113D1457815F0020505D12A464B
:10BDF000042100F04FFC284638BD44F01004A0F8A0
:10BE000046400846F8E71220F6E72046F4E70C2003
:10BE1000F2E70229F8B50C4615461E460FD10088F8
:10BE2000108080B2FEF710FA30B190F9083000208F
:10BE3000AB7003233370F8BD7F232046F8E7122050
:10BE4000F9E70229F8B50C4615461E4621D10788A8
:10BE5000B8B2FEF7F9F9AB1C38B9C5F80200187191
:10BE6000204607232F803370F8BD817811F0200120
:10BE700007D050F8232FC5F8022002791A7100204C
:10BE8000EFE750F81E2FC5F8022002791A71084614
:10BE9000E7E71220E8E72DE9F043062985B00446DC
:10BEA00017461E4603D0122005B0BDE8F083B0F857
:10BEB00000801FFA88F0FEF7C7F90546A8B1A288EE
:10BEC000B4F8029003921146484601F0EAF80028BF
:10BED000E9D00023039A009349462846FEF73CFC2C
:10BEE0000223A7F800803370DEE70220F8E71C2960
:10BEF00038B5054625D10088FEF7A6F9044610B3EB
:10BF0000C379022B21D090F83930022B1FD0D5F8FD
:10BF10000220D5F80630C0E93E23EA7AAB7A43EA3C
:10BF20000223A0F8EA30102205F10C0100F584701C
:10BF3000F9F70CFB20460022022100F0ABFB0020A9
:10BF400038BD1220FCE70220FAE71F20F8E70C209A
:10BF5000F6E712292DE9F041054617461E4627D17E
:10BF6000B0F800801FFA88F0FEF76EF90446C8B1F9
:10BF7000C379012B18D090F8E830092B16D1102284
:10BF8000A91C00F58470F9F7E1FA204600F002FAE6
:10BF9000204600F039FA00200223A7F80080337011
:10BFA000BDE8F0810220F7E71F20F5E70C20F3E75A
:10BFB0001220F5E702292DE9F0410C4617461E46EE
:10BFC00022D1B0F800801FFA88F0FEF73DF905464F
:10BFD000A0B1C379012B13D090F8E830092B11D10F
:10BFE0000622032100F01CFF0A2385F8E830002018
:10BFF0000223A7F800803370BDE8F0812046F7E700
:10C000001F20F5E70C20F3E71220F5E72DE9F843B0
:10C0100005460C46164601F1020901F104088F1D80
:10C02000002A3DD011882046F9F756FA7188484613
:10C03000F9F752FAB1884046F9F74EFAF1883846D6
:10C04000F9F74AFA00232372B5F8481004F1090001
:10C05000F9F742FA04F10B004FF6FF71F9F73CFAD9
:10C0600004F10D004FF6FF71F9F736FA04F10F00F5
:10C070004FF6FF71F9F730FA04F111004FF6FF7136
:10C08000F9F72AFA04F113004FF6FF71F9F724FAD1
:10C0900004F115004FF6FF71BDE8F843F9F71CBA3B
:10C0A000B0F8383133B90C4B0C4A0D484FF4E76106
:10C0B0000AF030FAB0F83A112046F9F70DFAB5F85F
:10C0C0003C114846F9F708FAB5F83E114046F9F731
:10C0D00003FAB5F84011B2E726CE04001CCF0400E5
:10C0E00037CE040038B50C460546817A601CF9F756
:10C0F000F3F9698AE01CF9F7EFF9697A601DF9F73D
:10C10000EBF9298AE01DBDE83840F9F7E5B90000F0
:10C110002DE9F843054689461B2010211446F9F7FE
:10C1200085FB074680B3066806F10108B9F1080FE0
:10C1300000F2AD80DFE809F0052B854B627378B023
:10C140007F00AA78002C14BF0423002322F00602EB
:10C1500043EA0203AB700DD0224602F1180C05F53C
:10C16000AA7410685168234603C3083262451C460E
:10C17000F7D100244A4B34701B5D0133DBB203223C
:10C1800039462846FEF7FCFF3846BDE8F883454BA4
:10C190001A68C6F801201B7988F80430D8F80030F6
:10C1A000C5F8233098F80430B5F8481085F82730E2
:10C1B000B5F890301944073189B22985B01DF9F7D7
:10C1C0008BF9AB7843F02003AB700124D2E7EB7915
:10C1D000012B08D0022B0FD0334B344A40F6C51147
:10C1E00033480AF097F90824FCF746FC02460B4650
:10C1F0004046F9F77DF9BDE70E24F5E76B7843F08B
:10C2000002036B70092373704FF6FF71B01CF9F7CE
:10C2100063F90021301DF9F75FF90C24AAE795F8BE
:10C220003A3073700224A5E7002241462846FFF702
:10C23000EDFE0F249EE731462846FFF753FF1424F6
:10C2400098E795F8E830022B28D0D5E93E23404600
:10C25000F9F74EF905F59074B5F8EA1006F1090002
:10C26000F9F73AF90821204601F072FD214608222B
:10C2700006F10B00F9F76AF9042105F5807001F069
:10C2800067FDD5F80031C6F81330032472E7064B7A
:10C29000064A40F60B21A3E712246BE70A2469E75C
:10C2A000DACF0400318600203E9D040091CF0400C7
:10C2B00037CE040080682221FEF71CBD2DE9F04135
:10C2C000044608460D46F9F722F90746A81CF9F777
:10C2D0001EF98046281DF9F71AF90646A81DF9F738
:10C2E00016F91A2F12D9B8F5A47F0FD31A2E0DD92B
:10C2F000B0F5A47F0AD3A082A4F816802046277345
:10C30000E672FEF7A3FA0020BDE8F0810120FBE70A
:10C3100002380F280BD8DFE800F008080808080AE0
:10C320000A0A08080A080A0A0A08012070470020B9
:10C33000704770B50E2B16460446C2790D4625D1BE
:10C34000012A25D1FCF798FB2A7884F83D200B467A
:10C3500055F8011FC4F83E10A988A4F84210A97925
:10C36000657884F84410290702EA000258BF45F0B6
:10C37000080584F83D2058BF65700246701CF9F727
:10C38000B7F894F83D307370092070BD022AD8E7E1
:10C390000720FAE710B500F58474204603F032FF59
:10C3A0000028FAD110BD02681378507803F0030317
:10C3B000032B02D19078FFF7ABBF012B06BFB0FA79
:10C3C00080F0400900207047427A838902F003021E
:10C3D000032A04D150F8103C1878FFF799BF012ABE
:10C3E00003BFD8B2B0FA80F0400900207047437E06
:10C3F00003F00303032B05D103681878831F584209
:10C40000584170470020704710B5102104461B208A
:10C41000F9F70CFA0146B0B1036805221A702046FC
:10C4200001230322FEF7ACFE94F83930FF2B08D12C
:10C43000022384F839304FF4204104F1B800FAF7B0
:10C44000DBF8002001E04FF0FF3010BD38B5C579B2
:10C45000012D134608D0022D20D0144B144A154844
:10C4600040F294710AF056F88178002A14BF042231
:10C47000002221F0060142EA0102827013D01A461E
:10C4800000F5AA7403F1180510685168234603C328
:10C490000832AA421C46F7D1002038BD0131FFF70F
:10C4A000B5FD1020F9E71846F7E700BF3E9D0400F0
:10C4B0003CCF040037CE0400F7B5044608460D46CD
:10C4C00017461E46F9F723F8A4F85401A81CF9F7FB
:10C4D0001EF8A4F85601281DF9F719F8A4F8580118
:10C4E000A81DF9F714F8A4F85A012B7A84F85C31E6
:10C4F00005F10900F9F70BF8A4F85E0105F10B004E
:10C50000F9F705F8A4F8600105F10D00F8F7FFFF51
:10C51000A4F8620105F10F00F8F7F9FFA4F864012F
:10C5200005F11100F8F7F3FFA4F8660105F1130017
:10C53000F8F7EDFFA4F8680105F11500F8F7E7FF3B
:10C54000B4F85A31A4F86A01B4F85821B4F8561175
:10C55000B4F85401FFF707F8002855D10F2E04F561
:10C56000AA7215D1B4F86830B4F8541199420FD8B2
:10C57000B4F8561199420BD3B4F86A10B4F85A3192
:10C58000994205D1B4F89010B4F85831994236D098
:10C59000E379022B01D0102E1ED1B4F83831DBB173
:10C5A000B4F85431B4F83A01834215D3B4F83C11CD
:10C5B0008B4211D8B4F8563198420DD899420BD31A
:10C5C000B4F85811B4F83E31994205D1B4F85A1173
:10C5D000B4F84031994212D00620019201F09AF845
:10C5E000B8B1019A2046114601F064F9A37884F8A5
:10C5F000366043F00803A370FF2003B0F0BD394656
:10C600002046FFF723FFF8E71E237E70BB70112042
:10C61000F3E71A23F9E700F00300032803D18B1E88
:10C6200058425841704700207047000070B590F89C
:10C630003A30044633B9134B134A144840F6532199
:10C6400009F068FF00220521FFF762FDA0B16378C1
:10C65000B4F86A6043F02003637042F210735E43E3
:10C66000F9F712F847F611239E42054605DC084B00
:10C6700073439B0D2B44236670BD3046F9F708F8D1
:10C680000346F7E795CE0400A7CF040037CE040099
:10C69000DF180200052938B504460D4606D1104BB7
:10C6A000104A114840F66F2109F034FF90F83930F4
:10C6B000FF2B0CD1FFF72CFD48B1012D84F8395028
:10C6C00005D04FF4204104F1B800F9F795FF01219E
:10C6D00001FA05F5B4F846100D43A4F8465038BDEC
:10C6E000B4CE0400C3CF040037CE040090F83D3030
:10C6F0009B0612D569B1437A1B2B0AD8837A1B2B70
:10C7000007D8038AB3F5A47F03D8438AB3F5A47F7F
:10C7100003D900220821FFF7BDBF704738B590F854
:10C720003A50044635B14378990621D4BDE83840E3
:10C73000FFF77CBF90F83930FF2B19D1B0F84630A5
:10C74000B3B1B4F846302B41DA070ED5042D10D121
:10C7500063785B070DD50021204601F076F9B4F827
:10C76000463023F01003A4F8463001350E2DE8D1F1
:10C7700038BD294620460022BDE83840FFF78ABF71
:10C7800038B590F839308B4204460D4605D1B830A3
:10C79000F9F786FFFF2384F839300121A940B4F866
:10C7A000465025EA0105A4F846502046BDE8384029
:10C7B000FFF7B4BF2DE9F84F0F68DFF860A67B786C
:10C7C00097F80280013BB8F1290F04468946DBB295
:10C7D00000F20C831AF808209A4240F00783A8F16F
:10C7E0000303242B49D8DFE803F031483148484897
:10C7F0004831484848353333482F4837482C484853
:10C80000294848254848484848484848481313009C
:10C8100000262025FCF730F906EA000205EA0103AC
:10C8200013432AD1B8F1030F18D0072500264FF083
:10C83000000BB4E04FF000760025EBE74FF48036B4
:10C84000FAE74FF41066F7E71026F5E70126F3E75D
:10C850000226F1E70826EFE72026EDE794F83D6091
:10C8600016F004064FF01A0304D087F80180BB705D
:10C870001125DBE77B700D25D9E7FD1CB8F1150FFD
:10C8800000F2AA80DFE818F016005300A8007E012D
:10C89000B401D401EB01BD0016011E0110021D02FE
:10C8A00046017D027C0139026A027D02B602340231
:10C8B0007100A400E379012B54D0FB7884F8463151
:10C8C000381DF8F724FEA4F84801B81DF8F71FFE3C
:10C8D000A4F84A0107F10800F8F719FEA4F84C0182
:10C8E00007F10A00F8F713FEA4F84E0107F10C0057
:10C8F000F8F70DFEB4F84830A4F85001C31A9BB203
:10C9000047F6FE72934204D928212046FEF7F2F939
:10C910000BE0A27842F00202A27033B90130A4F811
:10C92000483184F84631A4F85001FF251BE0E37933
:10C93000012B17D007F10800F8F7E9FDB4F84830EB
:10C94000C31A9BB247F6FE729342DDD820852B684E
:10C95000C4F823302B7984F82730A37843F02003E0
:10C96000A370E2E70725EDB206E129462046FFF76E
:10C97000A5FC8346002840F0398294F83930082B12
:10C9800007D0B4F84630D80544BF23F48073A4F828
:10C99000463039462046FFF7A5FB002615251AF834
:10C9A00005303D70072D03F1010308BF87F80180B2
:10C9B000DBB2032249462046FEF7E2FBBBF1000F43
:10C9C00000F03381002202212046FFF7A1FB2CE179
:10C9D00094F83930082B01D0002623E1294620465F
:10C9E000FFF76CFC08210028064620460EBFFF25F5
:10C9F00007254FF0FF36FFF7C3FEFF2D7FF417AF7B
:10CA000010E1FD7895B10E3DEBB2062B3FD8062D17
:10CA10003DD8DFE805F01B233E3C343C040094F88D
:10CA20003D3023F0200384F83D30082594F8393058
:10CA3000AB427FF47AAF29462046FFF7A1FE062DD0
:10CA400029D11A21204600F05AFF6EE794F83D30B4
:10CA500023F0080384F83D300325E7E794F83D30E0
:10CA600023F0020384F83D30E379012B11D1A37840
:10CA7000002523F00603A37084F8355073E794F87B
:10CA80003D3023F0100384F83D304546CEE70E25B7
:10CA9000CCE70625CAE7032D7FF447AF6378D906B4
:10CAA00003D51A21204600F0AAFF63786FF3041320
:10CAB00063703AE708233A4629462046FFF739FCD7
:10CAC000C5B259E0FB7884F83D3057F8043FC4F80C
:10CAD0003E30BB88A4F84230BB7984F84430637898
:10CAE0001A075CBF43F008036370B4F846301B07B5
:10CAF00003D503212046FFF743FE6378DF067FF569
:10CB00006BAF0021204600F07AFF63786FF30413C7
:10CB1000637061E7FB7884F83C303D1D2846F8F7E8
:10CB2000F6FCA4F84C00B81DF8F7F1FC6378A4F803
:10CB30004E0043F0040313F0020663701ED143F06D
:10CB40000203637009237B704FF6FF71B81CF8F77E
:10CB5000C3FC28463146F8F7BFFC4546B4F84660AA
:10CB600016F010063FF449AF0021204600F06DFF9B
:10CB700004212046FFF704FE00263EE7FF25EDE7EF
:10CB80000E2398E7E379012B3FF44FAE03230026F1
:10CB9000A4F8E8302846C4E93B66F8F7BFFCC4E9CE
:10CBA0003E0107F10B00F8F7B2FC0822A4F8EA00F6
:10CBB00007F10D0104F59070F8F7C8FC04F58C75C9
:10CBC000D7F81530C4F800310821284601F0C0F824
:10CBD00029460822781CF8F7B9FC042104F5827074
:10CBE00001F0B6F8D4F80431C7F8093004251EE680
:10CBF00094F83930022B7FF4EFAE00260822294644
:10CC000004F58C70C4E93B6684F8E960F8F79EFC93
:10CC1000D7F80B30C4F804312046FFF7BBFB0723DD
:10CC200084F8E8304846F8F72BFE3046BDE8F88F28
:10CC3000E379012B09D0022B3FF494AE704B714A7B
:10CC400040F2A161704809F065FC94F8E830072BC8
:10CC50007FF46BAE082384F8E830062583E694F869
:10CC6000E830082B7FF4B8AEE379012B06D0022B15
:10CC700011D0634B654A40F21171E3E7022120466F
:10CC8000FFF77EFD022384F8E830FF2500212046CF
:10CC900000F057FE67E694F83910022902D12046C9
:10CCA000FFF76EFD0625F1E7E379022B07D194F833
:10CCB000E830022B14BF07250B25EDB2B6E507259A
:10CCC000FBE794F807B0BBF1010F00F09580BBF1D2
:10CCD000020F08D194F8E830052B7FF4A6AD0623A7
:10CCE00084F8E83078E6464B494A40F2DE61A9E72D
:10CCF00007212046FFF744FD6EE6A3781E073ED4C9
:10CD0000B4F84630580617D5E379012B06D0022B2C
:10CD10000AD03B4B3F4A4FF4116193E70F237B70DE
:10CD20002323BB701120CBE606212046FFF728FD08
:10CD30002321204600F0E3FDE379012B06D1A378FF
:10CD4000990603D50F237B702A23EAE70F233A467F
:10CD500029462046FFF7B0FBC0B2B1E6E379022BCB
:10CD60000BD0A3781A0744BF6FF3C303A370B4F8C2
:10CD700046305B0603D51023E9E70720A0E6FF2035
:10CD80009EE694F83910B8F10D0F0CBFFD783D798F
:10CD900006290DD00829ACD002297FF41DAE20460B
:10CDA000FFF7EEFC2946204600F0CBFD012397E774
:10CDB000B8F1110F7FF410AEE379012B06D0022BEE
:10CDC0000CD00F4B144A40F2C9713BE7A378002501
:10CDD00023F00603A37084F8355027E52046FFF7BB
:10CDE000CFFC2946204600F08AFDF5E507254FF0E7
:10CDF000FF361CE5132519E545460026CFE500BFA3
:10CE00003E9D0400C5CE040037CE0400FFCE0400D2
:10CE1000E2CE040073CF040059CF0400DACF04003F
:10CE200070B504460E461B2010211546F8F7FEFC8F
:10CE30000146B0B1032E036805D011221A705E704E
:10CE40009D70032307E094F83D205207F5D40D228E
:10CE50001A705D70022320460322FEF791F900202C
:10CE600070BD0120FCE7F0B50E68317887B004464C
:10CE7000002977D1182268460CF07EF8B4F890109B
:10CE8000B4F84850A378B4F852210D4413F00403C9
:10CE900005F1070518BF04F5AA73ADB2002A64D0E6
:10CEA000B4F86830ADF80030ADF80230B4F86A304C
:10CEB000ADF806300023A4F85231ADF80410ADF8F7
:10CEC0000C206B469989B3F802C04FF6FF7291426D
:10CED00068D0B4F86800B3F80AE040F2E24707FB14
:10CEE0000CF278434F43AEEB050111F4004F4FD1E4
:10CEF00000FB0177B7FBF2F102FB117240F2E24155
:10CF0000B2FBF1F2A4F84821DA889B88A4F84C31EE
:10CF1000A4F84AC1A4F84E21012384F8463194F8BC
:10CF20004631A4F850517370B4F84811B01CF8F7AA
:10CF3000D3FAB4F84A11301DF8F7CEFAB4F84C1110
:10CF4000B01DF8F7C9FAB4F84E1106F10800F8F769
:10CF5000C3FA294606F10A00F8F7BEFAA37843F0AF
:10CF60000203A370002007B0F0BD002BAAD1B4F8D3
:10CF70003C21A4F84A21B4F84021A4F84E21B4F889
:10CF80003E21A4F84831A4F84C2194F83830C4E785
:10CF9000A5EB0E014143C91BB1FBF2F002FB1011DE
:10CFA000521AABE70022ADE710B502681378023BD6
:10CFB0000F2B27D8DFE803F0082C2E26362626264E
:10CFC0002C3A2628262626124B7843F040034B7035
:10CFD0004FF0FF34F8F754FC204610BD91F839307B
:10CFE000062B0BD153780F2B08D19378232B1FBF1F
:10CFF00081F835308B7843F010038B7091F8E8306E
:10D00000022B01D80024E5E7012381F8E830F9E795
:10D010000423FAE7092381F8E8300B7843F0800312
:10D020000B70EFE7CB79022BECD1EEE7CB79022B3B
:10D03000E8D10523E9E700000346024A0249B83077
:10D04000F9F7A4BAB5C203003C860020002070475F
:10D0500008B543780233462B05D9054B054A0648E7
:10D06000712109F057FABDE80840F2F7A3BB00BFF1
:10D0700004D00400C6D004002FD0040008B500205E
:10D08000F8F79CF960B10E2202700322427001226F
:10D0900082700022BDE80840C2700271FFF7D8BF5D
:10D0A00008BD1B38E02809D8A1F5A47080B244F26D
:10D0B000481398428CBF0020012070470020704721
:10D0C0002DE9F047856890B035B9A64BA64A40F2E5
:10D0D0000371A64809F01EFA2F46002037F8066BA8
:10D0E0008DF80F00C6F385210829C6F3090209D877
:10D0F00059B14B1E072B08D8DFE803F00A07264575
:10D10000A90707B43F2900F0DF8240F20114E7E2EB
:10D11000062AA97805F1030004D01D2AF5D1FEF7EF
:10D1200055FE03E003290DD1FEF714FE00F58074CF
:10D13000012CEAD0002C80F2D0828D4B8A4A40F23A
:10D140005471C6E71220F1E7032AAB780FD0632AA7
:10D1500014D0012AD9D1082B40F0CB82854A2B4626
:10D1600053F8031F5B68C2E9001300243DE0002B65
:10D1700040F0BF82FBF786FC0446D9E7082B40F05D
:10D18000B8827D4AEBE7013AAC78082ABDD801A302
:10D1900053F822F0B9D10300D9D103001FD2030004
:10D1A0000BD103000BD103000BD103000BD1030003
:10D1B0000BD1030039D20300002C40F09A820923DE
:10D1C000AB716B724FF0FF33EC712C72AB72EB7280
:10D1D0002C736C73082306E0002C40F08A823846DA
:10D1E00000F09AFC40238DF80F300E232B709DF831
:10D1F0000F30A5F8036004336B700123AB706C71C2
:10D2000028465E4DFFF724FF2B682BB15C4C20684D
:10D21000984700232B60236010B0BDE8F087002CF6
:10D2200040F067826023AC717C70BC70FC703B7115
:10D230007C71BC71FC71CDE7002C40F05A82514BDF
:10D240001A68C5F806209B88BB800623CBE7052A11
:10D250007FF45BAFA9780DF10F033A46E81CFEF7A7
:10D26000D8FD89E7531EAC7805F103084D2B00F279
:10D270001082DFE813F04E00590063000E026C00CC
:10D2800072008D0096009B00A000A500AA00AF00D0
:10D29000B400BA00C300C900CE00D300D80000011A
:10D2A00008010D0127012F0134013C0144010E0248
:10D2B0000E020E024A0152015A0162016C010E0275
:10D2C0000E02900195019A01A001A901B101B901D5
:10D2D000BE01C3010E020E020E020E020E020E026B
:10D2E0000E020E020E020E020E020E020E020E02BE
:10D2F0000E020E020E020E020E020E020E020E02AE
:10D300000E020E020E020E020E02CF01DC01E5013A
:10D310000902082C40F0ED811B4BD8F80010D8F81A
:10D320000420C3E9001220E7002C40F0E281174BF3
:10D330001A8AEA80DB7B2B72032354E7002C40F02F
:10D34000D881FBF799FBC5F80600796042E7002217
:10D3500021464046FBF72AFA0EE721464046FCF7F5
:10D3600019F809E78CD00400F7D004002FD004008E
:10D370009FD004000862002010620020206200207C
:10D3800024620020218600201862002028860020C8
:10D39000002C40F0AE810DF10F013846FCF77EF80D
:10D3A000EAE621464046FCF765F9E5E621464046B7
:10D3B000FCF71AF9E0E621464046FCF779F8DBE68F
:10D3C0002146404602F032F8D6E62146404602F0B9
:10D3D00069F8D1E621464046FEF758FAA6E6002C49
:10D3E00040F08781FEF798FCC6E6002C40F0818172
:10D3F0000DF10F01384602F0BBFDBDE6002C40F0F8
:10D40000788102F0A1FDB7E62146404602F0BCFD5E
:10D41000B2E62146404602F0E5FDADE62146404633
:10D42000FEF71AFB82E6052C40F06381404602F0CD
:10D430002BFD0128074640F25C8195F8079019F012
:10D44000E00940F05681DFF8C8A222464146504626
:10D450000BF05CFD044600283FF4C7AE5346D8F8F5
:10D46000002043F8092998F804208AF804209F73C3
:10D47000FDF7FEFE79E60DF10F033A4621464046E0
:10D48000FEF7DFFC78E621464046FEF7B5FA4DE6AA
:10D4900010220DEB02004146F8F758F8102205F172
:10D4A000130108A8F8F752F804A802F0ABFE0446EE
:10D4B00030B910220CA93846F8F748F8102392E644
:10D4C0003A2492E6002C40F014810821384600F0FE
:10D4D0003FFC7FE621464046FEF709FD26E60DF1BA
:10D4E0000F033A4621464046FEF733FD44E60DF170
:10D4F0000F033A4621464046FEF75CFD3CE6002C11
:10D5000040F0F780FBF7B2FA1DE70DF10F033A4642
:10D5100021464046FEF746FB2EE60DF10F033A4644
:10D5200021464046FEF7C4FB26E60DF10F033A46BE
:10D5300021464046FEF7AFFC1EE6002C40F0D980A5
:10D540006D4BDA789B88EA802B8104234BE6042C10
:10D5500040F0CF80B5F80340B5F805702046B9B269
:10D56000FFF79FFD002800F0C480634B18789F8070
:10D57000E2B2DA70844228BF02469A709A899142D8
:10D5800028BF114640F648028A4228BF0A46D98081
:10D590001A815981E9E52146404600F037FDEBE567
:10D5A0002146404600F0C4FDE6E5002C40F0A18095
:10D5B00000F0EEFCE0E5002C40F09B800DF10F0147
:10D5C000384600F0F9FCD7E50DF10F033A46214645
:10D5D000404600F00DFECFE50DF10F033A4621461F
:10D5E000404600F01EFEC7E52146404600F0ECFD37
:10D5F000C2E52146404600F02DFEBDE5002C78D165
:10D600003D4B1A78EA809A892A815A78DB896A81A7
:10D61000AB81DFE5002C6CD16FF07E00FBF738FBAF
:10D62000A8717E20FBF734FB0223E871DBE5002CB8
:10D630005FD1324B1B882B81314B1B88EB8084E7F9
:10D64000042C56D1B5F903301C4619B203F5A0637A
:10D650009BB2B3F5206F4CD8B5F9053018461AB215
:10D6600003F5A0639BB2B3F5206F42D8244B1C8016
:10D67000224B18800A23234891FBF3F192FBF3F32A
:10D68000214A0170137070E52146404600F002FE09
:10D6900072E5262A0DD80C2A7FF637AD0D3A1B4BC2
:10D6A00092B2012000FA02F21340002B3FF42DAD9C
:10D6B0003CE5442A06D8422A02D8322A7FF425AD16
:10D6C000012033E57E2AF9E70DF10F03A9780093D5
:10D6D000E81C3B4600F0B0FA4EE5FF2C7FF785AD25
:10D6E0000F232B7004236B700123AC70EB70AE80A2
:10D6F00086E5122479E500BF188700202862002003
:10D700002A6200201A860020198600204112000398
:10D7100031860020114B5A68002330B51C4602F0B8
:10D72000005554EA050216D0411E0122A0F1210342
:10D73000C0F1210002FA03F322FA00F01843084B6B
:10D740008A40D3E9001318400A4052EA000314BF8C
:10D750000120204630BD1846FCE700BF08620020CB
:10D76000186200203F284FF0010315D9A0F14001B5
:10D77000A0F16002C0F1600003FA02F223FA00F0A7
:10D7800010430C4A8B40D2E9001210400B40034377
:10D7900014BF012000207047411EA0F12102C0F1FA
:10D7A000210003FA02F223FA00F010438B40024AF0
:10D7B000E9E700BF106200200862002008B5074BAF
:10D7C0001A6832B1064B074A074840F2E76108F091
:10D7D000A1FE1860054B196008BD00BF2062002043
:10D7E000A7D00400DCD004002FD004002462002065
:10D7F0000346054810B5047824B98360FBF7ACF8FC
:10D80000204610BD0720FCE7FC61002008B5FBF7AF
:10D810000FF9002008BD00000D4A0E4900231360D7
:10D82000C2E901130C4A1F200021C2E900010B4A82
:10D830004FF0FF3041F6FF71C2E90001084A0020B5
:10D840000021C2E90001074A1380074A138070478C
:10D85000FC610020C1D00300186200200862002093
:10D8600010620020286200202A62002010B50446C1
:10D870000720FFF74FFFE0B10020F7F79FFDC0B191
:10D880003E2202700B22427007228270A288A0F80A
:10D890000320627BA0F80520228BA0F80720A27B42
:10D8A000A0F80920628BA0F80B20BDE81040FFF71C
:10D8B000CFBB10BD38B5054606200C46FFF72AFF42
:10D8C000E0B10020F7F77AFDC0B13E2202700B22D2
:10D8D000427006228270AA88A0F803202288A0F84D
:10D8E00005206288A0F80720A288A0F80920E28815
:10D8F000A0F80B20BDE83840FFF7AABB38BD38B50B
:10D90000044603200D46FFF705FFC8B10020F7F7D6
:10D9100055FDA8B13E2202700A2242700322827095
:10D92000C570A2888280B4F86820C280B4F89020C4
:10D930000281B4F86A204281BDE83840FFF788BB15
:10D9400038BD70B50546407810F001060C461AD176
:10D950000820FFF707FF88B13046F7F72FFD68B1C1
:10D9600008220270042284704270B4FA84F4AA88F7
:10D97000A0F8032064094471FFF76AFB6B7843F059
:10D9800001036B7070BD3020FFF7ECFE0028F9D06A
:10D990000020F7F713FD0028F4D030220270032294
:10D9A00042708470AA88A0F80320BDE87040FFF799
:10D9B0004FBB10B504460520FFF7ACFEE0B10020D8
:10D9C000F7F7FCFCB8B13E2202700D22427005222E
:10D9D0008270A288A0F80320D4F8F820C0F80520AF
:10D9E000D4F8FC20C0F80920B4F8EA20A0F80D20F3
:10D9F000FFF72EFB002010BD4FF0FF30FBE738B5DE
:10DA0000044604200D46FFF785FEE8B10020F7F735
:10DA1000D5FCC8B13E2202700C22427004228270F2
:10DA2000C570A288828094F83D208271224652F807
:10DA30003E1FC0F807109188A0F80B10927942732E
:10DA4000BDE83840FFF704BB38BD38B504460C20AC
:10DA50000D46FFF787FEC0B10020F7F7AFFCA0B17D
:10DA60000C220270082242708570A288A0F8032060
:10DA700094F83C204271B4F84C20C280B4F84E2097
:10DA80000281BDE83840FFF7E3BA38BD10B504465F
:10DA90001020FFF767FE58B10020F7F78FFC40B168
:10DAA00010220270012242708470FFF7D1FA002028
:10DAB00010BD4FF0FF30FBE708B51A20FFF752FE0C
:10DAC00060B10020F7F77AFC40B11A2202700122FF
:10DAD00042708270BDE80840FFF7BABA08BD10B5C1
:10DAE00004461420FFF716FEA0B10020F7F766FCED
:10DAF00080B13E2202700422427014228270A288F9
:10DB0000A0F803202278C2F340124271BDE8104011
:10DB1000FFF79EBA10BD000010B5084B024603F196
:10DB2000300153F8044B42F8044B8B42F9D11022D8
:10DB3000002130300BF020FA10BD00BF0BD10400E3
:10DB40000A2A2DE9F3470C461E4603D0122002B0E4
:10DB5000BDE8F0870F88B8B2FCF776FB054600B346
:10DB6000B4F80280B4F80490B4F806A024894946B9
:10DB70004046FFF796FA0028E8D021465046FFF7C6
:10DB800090FA0028E2D0009453464A46414628467F
:10DB9000FCF7E2FD0028DAD10A9B378002221A70D6
:10DBA000D5E70220D3E70000012AF8B50E461D464E
:10DBB00020D10020FBF77AF80446E8B996F9003046
:10DBC0000E4F0F4E97F900007F2B0CD14042FBF710
:10DBD0005FF830703A78337813442B70069B01223B
:10DBE0001A702046F8BD142BD4BFC0EB0300C0F15F
:10DBF0001400ECE71224F4E70C24F2E71A86002064
:10DC00001886002037B51D46144692B9684602F0C2
:10DC10003EFA00280BDBDDF801302B60BDF8053043
:10DC2000AB80069B06221A70204603B030BD1F2031
:10DC3000FBE71220F9E7000070B40A4C154624688F
:10DC4000039A14B9012070BC70472688AE4201D0F7
:10DC5000A468F6E7039264680A46A446014628468B
:10DC600070BC60472C620020154AF8B50024136888
:10DC700026468E4202D104B11360F8BD456845B90D
:10DC800004B113600F4B104A40F295110F4808F091
:10DC900041FC07881D462DB98360013603460124E7
:10DCA0000C30E6E7B5F800C0BC4501D0AD68F2E73E
:10DCB00004B11360064B044A4FF4CB71E6E700BF92
:10DCC0002C6200204BD10400F7D1040063D1040082
:10DCD000C3D10400034B0448002203211A60FFF75C
:10DCE000C3BF00BF2C62002094350020014B33F8E5
:10DCF0001000704716D20400034B5A5C034B33F8F4
:10DD0000113002FB003070471ED204000ED2040016
:10DD100010B5044605F0D0FA0B4B1A7A1F2A10D81A
:10DD20001A7A0A490132D2B21A721A6814701A6841
:10DD30008A420CBF1F3A01321A60BDE8104005F05C
:10DD4000C3BA02F0B5FAF8E7948B0020BF8B00202D
:10DD5000F8B5194D194F06460C460CB90020F8BD10
:10DD600005F0AAFA2B7A2A7AA34228BF2346D21AB0
:10DD7000D2B2E41A2A72E4B2701E1A466AB91E447C
:10DD800005F0A2FA02F07EFA002CE7D02B7AA3422B
:10DD9000E3D22B7A1F2BF9D9DFE76968097800F8FD
:10DDA000011F6968B94214BF0131A7F11F01013A8F
:10DDB0006960D2B2E2E700BF948B0020BF8B0020E5
:10DDC00008B5074B1A782AB1002206481A700621B6
:10DDD000FFF7BEFFBDE8084002480BF08FB800BF58
:10DDE000B83500203062002038B5044640F2FD25E9
:10DDF00003212046FFF7ACFF22786178A3780A441C
:10DE0000D218F5D0AA42F3D003F03F0343F0400309
:10DE1000A37038BD08B5044B1B7A1F2B01D802F044
:10DE200031FA002008BD00BF948B002008B5054AD8
:10DE3000054B06480121C3E9002202F001FA002047
:10DE400008BD00BFA08B0020948B002011DD0300D3
:10DE5000421E00F10F0312F8010F10B99A42FAD1D5
:10DE600070470120704700002DE9F0410E4B0F4D27
:10DE700093F8038006460F460023984501DC0020F6
:10DE80000CE02A78BA4203F1010409D10622314696
:10DE900005F124000BF03AF810B92046BDE8F081F6
:10DEA00036352346E9E700BF988C0020C08B002060
:10DEB00008B5054B1B78012023B1FAF7F7FEB0FA3D
:10DEC00080F0400908BD00BF988C0020F0B58DB0EF
:10DED00061B300F12A05041DE81CFFF785FF6A46BF
:10DEE000234604F11007164618685968144603C4FF
:10DEF0000833BB422246F7D10D22002104A80BF0C3
:10DF00003BF86B798DF81D302B798DF81E3030463B
:10DF1000EB788DF81F3002F075F9BDF82E305BBA42
:10DF20002B809DF82D30AB700DB0F0BD00F13005A9
:10DF300000F11404D0E7000070B5124C124E002519
:10DF4000F378AB4207DC71681048F8F755FBBDE881
:10DF50007040FBF7F1B9A3783BB105F0ADF90121B1
:10DF60002046FFF7B3FF05F0AFF9E3783BB105F0CA
:10DF7000A3F900212046FFF7A9FF05F0A5F93634E3
:10DF80000135DDE7C08B0020988C0020A08C00209C
:10DF900038B5FFF78DFF50B1064D00246C8002F0BC
:10DFA0009BF905F10800F8F77BFB204638BD0C20F3
:10DFB000FCE700BF988C0020034B5B7803700123C3
:10DFC0000B700020704700BF988C0020F8B50D4BF7
:10DFD0000D4CDB78362506460F4603FB0545AC4263
:10DFE00002D100242046F8BD2378BB4207D1062287
:10DFF000314604F124000AF089FF0028F2D03634BB
:10E00000EDE700BF988C0020C08B002027292DE968
:10E01000F047064603D012273846BDE8F087FFF7E1
:10E0200047FF002874D03C4D95F803A06B7853450A
:10E0300070D9B04618F8011B4046FFF715FF074698
:10E040000028E8D106F107094846FFF701FFDFF88D
:10E05000DCC0362300284AD0AA7802FB0330A0F1A6
:10E0600036046444AAEB02025A43214660440AF093
:10E0700069FF3622002120460AF07EFF23463278CF
:10E0800003F8242BD8F800206262B8F804209A80A4
:10E090004846FFF7DDFE58B1494604F1140010224E
:10E0A000F7F754FA0123E37000212046FFF70EFF33
:10E0B00006F117010846FFF7CBFE40B1201D1022E4
:10E0C000F7F744FA0121A1702046FFF7FFFE002375
:10E0D0006370E3788BB104F1140002F003F948B1E6
:10E0E0000E4B0F4A0F484FF4B07108F013FA0AFBB9
:10E0F00003C4BEE7AB780133AB70EB780133DBB21E
:10E10000012BEB7088D169680748F8F775FA83E747
:10E110000C2781E707277FE7988C002022D2040094
:10E1200007D3040038D20400A08C0020C08B00204C
:10E130000729F8B5044634D1FFF7BAFE98B3204654
:10E1400010F8011BFFF790FE054670B3184CE678F7
:10E15000864206DA174B184A18484FF4C47108F083
:10E16000D9F93622471E02FB07F3A6EB000C144830
:10E170009918014402FB0CF218440AF0E3FEA3785C
:10E18000013EAB42E67005DB384602F0C9F8A378E1
:10E19000013BA370E47814B90A48F8F781FA00202B
:10E1A00000E01220F8BD0C20FCE70220FAE700BFD7
:10E1B000988C002098D204001ED3040038D20400AA
:10E1C000C08B0020A08C0020012910B50446084611
:10E1D00001D0122010BDFAF769FD28B92378012B70
:10E1E000F7D8024A1370F5E70C20F3E7988C00206B
:10E1F000072938B514461D4611D110F8011BFFF749
:10E20000E5FE40B150F8303F23608388A3800020B2
:10E2100006232B7038BD2060A0800220F8E7122072
:10E22000F8E7072938B514461D4611D110F8011B2F
:10E23000FFF7CCFE40B150F82A3F23608388A380CB
:10E24000002006232B7038BD2060A0800220F8E754
:10E250001220F8E7022908B517D103885A1E92B296
:10E260004AF2B7118A4210D84FF47A7202FB03F1D6
:10E27000074BD8788902B1FBF2F1596020B103F164
:10E280000800F8F7B9F9002008BD1220FCE700BF2C
:10E29000988C002070B5054601200E46FAF706FD61
:10E2A000044668B9082E0FD1284610F8011BFFF765
:10E2B0008DFE38B1EB79012B06D84370204670BD36
:10E2C0000C24FBE70224F9E71224F7E7014B586816
:10E2D000704700BF988C002070B50E461546044666
:10E2E00030B9154B154A40F24221154808F012F991
:10E2F00022B9144B114A40F24321F6E704F0DCFF47
:10E300007EB1A37823B9104B0C4A40F24721ECE7C9
:10E3100054F82A3F2B60A388AB80BDE8704004F01E
:10E32000D3BFE37823B9094B044A40F24A21DCE722
:10E3300054F8303FEEE700BFC0D2040035D30400EC
:10E3400038D20400D2D20400E6D20400F7D204008E
:10E3500038B50C46054604F0AFFF362303FB05F045
:10E360003030054B2168C150C218A3889380BDE8A6
:10E37000384004F0A9BF00BFC08B002013B51C4675
:10E380000192FFF723FE78B1019A2CB1837833B95B
:10E390001C46204602B010BDC378002BF9D02146A0
:10E3A000FFF79AFF0124F4E70446F2E730B58DB099
:10E3B0000B6800934B6801938B680293CB680393BF
:10E3C0000024C378CDE9064405468DF81F30037953
:10E3D0008DF81E3043798DF81D306846CDE9044430
:10E3E00001F010FF9DF82F202B789A420CD19DF858
:10E3F0002E206B789A4207D1A8789DF82D40231AD9
:10E40000584258410DB030BD2046FBE7014B18780B
:10E41000704700BF988C002010B5094C4FF4612361
:10E42000636001F095FF042828BF04206070054A4E
:10E43000054904F108000023BDE81040F8F7A6B82C
:10E44000988C002039DF03003C86002008B5064880
:10E45000002300F8083BF8F723F9FFF799FDBDE822
:10E460000840FFF7D9BF00BF988C002010B504F01A
:10E4700035FF28B9094B0A4A0A483F2108F04AF8F3
:10E48000094C237843B901232370F7F7FDF8206383
:10E49000BDE81040EAF7C8BD10BD00BF51D304006D
:10E4A000CDD304006DD3040038620020024B00225B
:10E4B0001A77FFF7DBBF00BF386200201A4890F8D8
:10E4C000242038B590F825300546D2B1846A2BB1A6
:10E4D000C36AE21A14EA220438BF1C462B7F3BB100
:10E4E0002B6AA3421FD0002310482B77F7F7CAF8F6
:10E4F000F7F7CAF8201A00280CDCBDE83840FFF70F
:10E50000B5BF0BB1C46AE9E70377BDE83840043012
:10E51000F7F7B8B801232B772C6221460348BDE8F2
:10E520003840F7F7ADB838BD386200203C620020B3
:10E5300010B504F0D3FE28B9064B074A07484C2112
:10E5400007F0E8FF064C23781BB1EAF76FFD0023C4
:10E55000237010BD51D30400E2D304006DD3040036
:10E560003862002010B504F0A7FEF7F78DF80446D6
:10E57000FAF7ECF90A4B93F824201AB19A6AA21A16
:10E58000002A09DA93F825201AB1DB6AE41A002C74
:10E5900002DA08B9FFF7CCFFBDE8104004F094BEE2
:10E5A0003862002038B5084C0849002532232A4635
:10E5B000201D638025702577F7F744F8044B6563C9
:10E5C000C4E90E3538BD00BF38620020ADE4030059
:10E5D00065E5030038B5094C0025201D2577256227
:10E5E000F7F750F804F13400FAF73AFAFFF7A0FF12
:10E5F000C4E90B55A562A58438BD00BF3862002070
:10E6000038B505460C4604F057FE064B598883F88A
:10E610002450641A9C62FFF751FFBDE8384004F0B3
:10E6200053BE00BF3862002010B5044604F044FE1B
:10E63000002C084B14BF0122002283F825201FBFA5
:10E6400059886268521ADA62FFF738FFBDE8104055
:10E6500004F03ABE3862002010B5084C04F02CFEDD
:10E6600004F13400FAF7FCF923781BB104F134000B
:10E67000FAF772F9BDE8104004F026BE38620020B7
:10E6800010B504F019FEFFF7F1FE084B1A78022AC4
:10E6900006D1F6F7F9FF044604F016FE204610BD39
:10E6A0001C6B588801340444F6E700BF3862002030
:10E6B00030B5D0E90242456822448A1A002AC3686C
:10E6C00009DAA54212D0CA1A002AA3BF081BC01A31
:10E6D000C00F002030BDEA18C378C2600133DBB23E
:10E6E000282B08BF2523C3702244E6E70120F1E769
:10E6F00010B50B4653F81B4F04609B8883800B4674
:10E7000053F8214FC0F806409B8843818B7E1370DD
:10E710000C2010BD3030FAF71FB9000010B5027997
:10E72000436E044632B11F4B1F4A40F2F7211F4887
:10E7300007F0F0FE1E491F4AD878EAF763F9014650
:10E7400020B11D4B184A4FF43F71F0E7EAF740F94A
:10E75000EAF724F9FFF75AFEF0B1EAF74FFC636ECF
:10E760009B7823B1154B93F90000FAF793FAF6F76B
:10E770008BFF134B1B7800211844EAF773FB08B199
:10E78000062808D1A378DB0709D501F04BFC02204D
:10E79000FAF7D6F8002010BDEAF740FCDFE701F0F9
:10E7A00043FCF4E7F8D30400BCD5040016D40400FD
:10E7B000D6BE898E55555500A59D040018860020AB
:10E7C000048D002047F611239842024603D80348DF
:10E7D0005043800D7047F6F75BBF00BFDF180200A3
:10E7E000F8B58468676E04F067FD25786DB904F1AB
:10E7F0003C00F6F747FF29462846FFF701FFFFF7E1
:10E800002BFFBDE8F84004F05FBD23791BB1012365
:10E8100084F86030F5E7F6F737FF01463846FFF732
:10E8200047FFF96805460120FFF7EAFEFE680DB1D3
:10E83000BB681E44FAF78AF8042819D8DFE800F00C
:10E840001F1503181500EAF70DF95DB12046FFF713
:10E8500065FF04F039FD314604F13C00BDE8F840A5
:10E86000F6F70EBF2846FAF76BF8FFF7F5FEF0E76C
:10E87000044B054A054840F27B4107F04BFE002D52
:10E88000F3D0E3E73E9D0400E3D5040016D4040072
:10E89000062810B506D9104B104A114840F2E6413F
:10E8A00007F038FE8B1C13600C78137B0128C4F32F
:10E8B000801408BF01F1080064F30003137306BF5E
:10E8C000506009780021DBB208BFC90961F3410338
:10E8D00018BF5160137310BD74D40400FAD504003E
:10E8E00016D4040038B50B688B600B7BC3F30002B1
:10E8F00062F382030B7390F907504D7302880C4644
:10E9000012F4806131D0002D06DA1C4B1C4A1D48E0
:10E9100040F27E7107F0FEFD1B483621242311FBD7
:10E92000053369430344A360435C217B9B0003F0F0
:10E93000040343F0080321F00C010B4312F40052CE
:10E94000237316D0114D687800F00100F9F764FFC9
:10E950006B78227B60605B0003F0020343F01003DE
:10E9600022F012021343237338BD237B61F3C303E8
:10E97000E4E7237B62F30413F5E700BF83D40400CC
:10E980006AD6040016D40400C08B002090620020D8
:10E9900070B51C4C1C496078F9F7EAFE234670B349
:10E9A000646E34B9194B1A4A1A4840F2AB3107F079
:10E9B000B1FD01229D6E1A702522E27005B1EA7048
:10E9C0004FF0011200269A621E71134B13481E70FD
:10E9D000F7F7C5FA124BC3E90063FFF751FE014692
:10E9E000E0600120FFF70CFE1DB1D4E902231344BF
:10E9F000EB60E1680B48F6F743FE002070BD122083
:10EA0000FCE700BF906200201B8600209AD404001F
:10EA1000CED5040016D4040078620020986300204C
:10EA200010630020CC62002038B50B4D05F014FBBC
:10EA30002B69C31A002B04460CDB062105F11400D8
:10EA4000FFF786F96B7E03F03F036B76FFF73EFC22
:10EA50002044286138BD00BF906200201E4B5A8DB3
:10EA600010B51C462AB11D4B1D4A96211D4807F0C2
:10EA700051FD1A791AB11C4B194A9721F6E7E0B1FA
:10EA80005A719B790133DBB2022B0FD0A371FFF7D0
:10EA900097F9238D013B1840013080B2B0F5807F9B
:10EAA000608518D9114B0E4AB121DFE7238DA27181
:10EAB000012BECD95B082385E9E798715B79013379
:10EAC000DBB2022B01D06371E1E7238D6071FF2B74
:10EAD000DDD85B00EFE710BD90620020A8D40400F1
:10EAE00086D5040016D40400F8D30400C3D404006F
:10EAF00038B5124C8022002120460AF03DFA104B16
:10EB00000021142218460AF037FA0E4AC4E90D24EF
:10EB100040F247120123C0E9022284F86C3005F06C
:10EB20009BFA09492061224604F13C00F6F78AFD70
:10EB3000064B0025C4E91635656538BD9062002096
:10EB40007C620020E1E7030015E7030099F0030071
:10EB5000034B5A8D0AB1013A5A8593F82A0070473F
:10EB600090620020034B1A791AB100201871FFF748
:10EB700075BF7047906200202DE9F0479A46114B0F
:10EB8000114E1C7880468946174614B92046BDE8C8
:10EB9000F08706224146301D0AF0B8F970B9358871
:10EBA00005F00105B9F1000F06D03DB117B173882A
:10EBB000534503D10120EAE7002DF7D0013C0A3686
:10EBC000E4B2E2E778620020B48C002010B504467D
:10EBD0001548F6F757FD64B104F06EFBF9F7B6FE81
:10EBE000022804D1E9F73EFF0020F9F7A9FE04F05E
:10EBF0006BFB04F061FB0D4B1A790020187083F851
:10EC00006000D86712B11871FFF728FF04F05CFBB1
:10EC100004F052FB00210846FFF7F2FCFFF71CFD51
:10EC2000BDE8104004F050BBCC6200209062002090
:10EC300010B5134B5A6E9478012C05D014F0FD0FCB
:10EC400018D00024204610BD10B1821F54425441F8
:10EC50001A79002AF6D0002204281A7104D10B88F0
:10EC600043F008030B80EDE70728F8D01046FFF7C4
:10EC7000F5FEE7E701288CBF00240124E2E700BF8E
:10EC8000906200202DE9F8431E46137B884603F06E
:10EC9000010123F01C0343EA8103137392F90D3041
:10ECA0008146002B1068906014460ADBF9F753FD8B
:10ECB000012806D0434B444A44484FF4A16107F071
:10ECC00029FC217B206801F00101F9F744FDE8B13E
:10ECD000012833D194F90D00002817DB3C49362276
:10ECE00010FB02F35D18424324330B44A3608B5C9A
:10ECF000227B9B0003F0040343F0080322F00C0284
:10ED0000134323736068D8B901272CE0217B206866
:10ED100001F00101FFF75AF905460028F2D04378C7
:10ED20002BB9C3781BB14FF0FF30BDE8F883284BF7
:10ED3000284AEB1A5B1053436373E3E70025E1E7CE
:10ED4000217BC1F34001F9F706FD0746B8B1012860
:10ED5000DAD175B16068291DFFF728FB48B1237B24
:10ED600043F01003237318F0010F1ED146BB00209F
:10ED7000DBE718F0020F16D16FF00100D5E719F0AC
:10ED8000020F03D015B1AB78002BCCD1217B09F059
:10ED90000109C1F340014945C5D16068F9F728FD73
:10EDA0000028B1D1BFE70027DDE7217BA068C1F3D0
:10EDB000C002C1F3800101F0E1F80028D6D1DBE701
:10EDC0003770D4E7E0D4040020D6040016D4040041
:10EDD000C08B002013DA4B6808B5124BD96F31B9DC
:10EDE000114B124A124840F2775107F093FB91F809
:10EDF0009430027B012B02D912F0080F0FD0C2F31E
:10EE0000800203F001039A4209D1806806229531FD
:10EE10000AF07CF8003818BF0120404208BD4FF0CE
:10EE2000FF30FBE79062002015CB040036D60400CB
:10EE300016D40400F0B5044687B028B97648F9F72F
:10EE40008BFD204607B0F0BD002950D001680E7838
:10EE500006F00F06042E52D047D8022E47D86F4D29
:10EE600002AA30466F6EFFF713FD01F073FAA9781E
:10EE70008DF815006B46687802AAFFF703FF00289B
:10EE80002DDBBF78022F07D1AB78D90704D402A8B5
:10EE9000FFF7A2FF002822DB238B9DF8141043F01C
:10EEA000400222839DF81520E2770A0744BF43F40D
:10EEB00088632383CB0642BF238B43F40053238311
:10EEC0009DF800305BB1012F17D10EB1062E06D18F
:10EED0006B6E9B78012B3CD0022B00F094800020BD
:10EEE000F9F72EFD4FF0FF30ACE7062EB7D0238B9D
:10EEF0006FEA43436FEA534329E0022FE7E73046C6
:10EF000002AAFFF7C5FC238B1807F0D543499DF8EB
:10EF100014308A7E03F00103B3EBD21F05D10298AF
:10EF20000622213109F0F2FF18B10020FFF796FD0B
:10EF3000DDE701F00FFA40B20028A8BF238BE0778D
:10EF4000A4BF43F480632383238B43F040032383D4
:10EF5000C5E7002304981A46C1F38001FFF70CFEB1
:10EF60000028BCD12B7933B12D4B2E4A2E4840F2CC
:10EF70000F6107F0CFFAFFF7EBFD0028AFD19DF846
:10EF800014306A78029F13F0010F0CBF032683260A
:10EF9000D1074ABF254B264B46F04006920713D5B2
:10EFA0009DF91530002B2ADB22484FF0360C0CFB64
:10EFB000030292781AB303FB0C006A460121FFF7A3
:10EFC0008BF96B4646F04006AE761A68C5F81B20F2
:10EFD00019499B888B803B68C5F82130BB884B81E1
:10EFE000164802221B39E9F777FF00287FF477AF34
:10EFF00001232B71238B43F48043238322E7FFF704
:10F0000013FD0F4BDEE7002202A92046FBF7EAFDC5
:10F010000028EFD063E700BFE46200209062002088
:10F02000F8D3040050D6040016D404001B86002038
:10F0300021860020C08B0020AB620020F1E6030097
:10F04000A462002013B5134C23780BB304F034F9F9
:10F0500094F860305BB1002304F1300084F8603034
:10F06000F9F77AFC02B0BDE8104004F02DB9F6F7CC
:10F070000BFB0190F9F76AFC01990028F2D1606E50
:10F08000FFF716FB0028EDD02046FFF747FBE9E726
:10F0900002B010BD9062002008B5074B1A784AB143
:10F0A0001A791AB100201871FFF7D8FCBDE80840A2
:10F0B000FFF7C8BF08BD00BF9062002008B5054B30
:10F0C0001A791AB100201871FFF7C8FCBDE8084092
:10F0D000E9F7E4BE906200202DE9F04F062887B0E2
:10F0E00004460F46904602D9FFF7ACFF19E0B44B37
:10F0F0001288596E8978022916D15604F4D53968D8
:10F1000002AAFFF7C5FB039A009202A94046FFF747
:10F11000E9FB0020FFF75AFD009A02A93846FBF7E9
:10F120008FFD07B0BDE8F08F02F0C001C029DBD130
:10F130001504D9D41B78002BD6D0396802AAFFF762
:10F14000A7FB404602A9FFF7CDFB9DF81430180736
:10F150000DD59DF91500002806DA9A4B9A4A40F21F
:10F16000A7719A4807F0D6F90299FFF7F1F8944B86
:10F17000DB78002B3DD0964D9DF81490D5F800B06B
:10F18000DDF810A0C9F380038DF8003099465E4683
:10F19000002E40F0A7808F48F6F71DFF034650B9B8
:10F1A0006B685B681B68D3E90221002A00F0B1801C
:10F1B000D160D9680A6010220021184609F0DCFEEF
:10F1C0000022C27102469DF8001002F8011BDAF815
:10F1D0000010C0F80110BAF80410918029680246A6
:10F1E000034642F8081F002900F09580CA602B6092
:10F1F000DD609DF81460DDF810A0DDF80CB0C6F3FA
:10F200008003012C0093C6F3400640F0868031460F
:10F210005846F9F795FA0025A8420CBF4FF00209AD
:10F220004FF00B09B8F80030590541BF009A02327F
:10F23000D2B200929A04684A98F80430127848BF13
:10F240000236A3EB020348BFF6B25BB2B9F10B0F73
:10F25000019376D14846FEF75DFA002800F0DC8085
:10F260000120F6F7ABF8002800F0D6803E220270AD
:10F27000122242700122C2700271009A80F802903C
:10F280004271DAF80020C0F80620BAF80420428162
:10F290000673DBF80020C0F80D20BBF80420A0F8AE
:10F2A0001120019AC274FDF7D3FE002840F0B4800B
:10F2B000434BDB78002B00F0AF80454A009B15687C
:10F2C00003F001034DB12A789A4206D10622514635
:10F2D000681C09F01BFE002862D0404B404A40F2F7
:10F2E00077213EE733784B4506D106225146701C04
:10F2F00009F00CFE002875D0B66849E7042C0CBF55
:10F3000003F0040303F0010371E0696076E06A60D2
:10F310007DE069604DE76A6069E72CB1062C0ED08C
:10F32000022C0CBF032404243B685D780821063DB1
:10F330003846F6F763FBEDB24FF0020972E702249C
:10F34000F2E70220FEF7E6F9002865D005F10C0B84
:10F35000BBF1440F60D80120F6F730F806460028CC
:10F360005AD03E230370022383700123C370009B95
:10F3700080F801B004714371DAF80030C0F806304B
:10F38000BAF804304381057300F10D032A460021C9
:10F3900038463544F6F70CFB019B6B73304682E729
:10F3A000B9F10B0FEB7903D143F00203EB7133E0BA
:10F3B000042C0CBF43F0040343F00103F6E700BF45
:10F3C0009062002045CB040092D6040016D40400BD
:10F3D00010630020986300201986002036D50400B1
:10F3E0009ED50400012CF37988D103F00203B345C4
:10F3F0000FD0D6E90221002A87D0D160F1680A60D7
:10F400002968324642F8081F002980D0CA602E6061
:10F41000F560002B3FF4EDAEB8F800301B077FF528
:10F4200063AE0120FFF71AFB5EE600BF0729F8B5BF
:10F4300031D11A4B1C7864BB017801292BD8B0F864
:10F4400001301A1F92B243F6FC75AA4223D8B0F8D5
:10F450000360321F92B2AA421DD8B3421BD3477930
:10F46000032F18D88279032A15D80D4D2F706A7092
:10F4700040F2712701226A71A97107FB03F0FFF7BF
:10F48000A1F9A86007FB06F0FFF79CF9E8602046A9
:10F49000F8BD0C20FCE71220FAE700BF90620020C4
:10F4A0007C620020022938B535D14278012A32D851
:10F4B0000478012C2FD8204B187819462CB918B194
:10F4C0000120FFF783FB002038BD40B193F86D00A9
:10F4D00018B193F86E30022B1FD0CA70F3E7DA70C0
:10F4E000164A98661178597051789970517903F1DC
:10F4F0006C05A1B183F86D10083212F8021C83F874
:10F500006E1007CA03F1700484E807005D66BDE869
:10F510003840FFF73DBA1220D6E70C20D4E701228D
:10F5200083F86D2040F24712C3E91C225D665970D2
:10F53000997083F86E10EAE7906200207C620020E8
:10F54000054B1A782AB1987800F00100C0F101004B
:10F5500070470120704700BF90620020F8B5134C3F
:10F56000537863701378A3700023C4E9193301231F
:10F5700084F86D30E0670646508940F27127784381
:10F580001546FFF71FF92067A8897843FFF71AF996
:10F59000022384F86E3004F16C0360676366FFF742
:10F5A000F7F908B9024B1E60F8BD00BF9062002059
:10F5B00038870020014B1878704700BF9062002008
:10F5C000004870479762002000487047AB620020F7
:10F5D000034B0268C3F807208288A3F80B2070470A
:10F5E0009062002000487047AA62002010B50C4BC2
:10F5F0001B7813B10020FFF7E9FA0A4B0A480024F0
:10F60000214650221C7009F0B7FC0848F6F7A7FC09
:10F61000074BC3E90043BDE81040FFF769BA00BFDC
:10F620009062002078620020B48C00209863002053
:10F630001063002007B50C4B00930C480C4B1022B4
:10F640000821F6F783FC30B10A4B0B4A0B4840F611
:10F65000D22106F05FFF0A4BC3E9000303B05DF857
:10F6600004EBFFF745BA00BF68D50400986300209B
:10F67000186300207DD50400B2D6040016D404001F
:10F68000106300200120704700207047044B1A7857
:10F6900022B9012203481A70F5F7F4BF704700BF82
:10F6A000BC630020C063002008B50378032B05D09D
:10F6B000084B094A09486E2106F02CFF0B78032BF2
:10F6C00005D1BDE80840C968C068FAF7AEBD0120A1
:10F6D00008BD00BFC3D6040059D70400DAD6040021
:10F6E00010B5094B1A786AB100221A70074B1C68D2
:10F6F0002046FEF799FF2CB161680548BDE810402F
:10F70000F5F7BEBF10BD00BFBC630020B46300208E
:10F71000C06300201F4A70B51468002C39D0D4E9AA
:10F720000531C3B19961A269002613601A4B667056
:10F7300001221A70F9F70AF90546F5F7A5FF8DB110
:10F74000E9F790F9022D08D0042D12D0012D13D124
:10F75000F9F708FE06E05160E5E73046F9F7F0F802
:10F76000FFF700FA236973B90C4B0D4A40F20341CD
:10F7700006E0FBF71BFAF5E70A4B094A40F2FE31B7
:10F78000094806F0C7FE20469847BDE87040FFF7DD
:10F79000A7BF70BDB4630020BC63002039D704004C
:10F7A00000D804003E9D0400DAD604002DE9F84F8D
:10F7B00004460F46914603F091FD28B9464B474A4F
:10F7C000EF21474806F0A6FE6368A26803EB070B2B
:10F7D000A2EB0308434BD3F800A01E46BAF1000F7A
:10F7E00010D1224642F814AFA361C3E900420123BD
:10F7F0006370FFF74BFF6078B0FA80F04009404239
:10F80000BDE8F88F0025A368DAF804209B1A002BC6
:10F8100022DCDAF81830C4E905A31C6004F11403F3
:10F82000CAF8183001236370002D3BD000272B4607
:10F830006D699A69002D44D0AA619A6915601A7899
:10F840005F70012A3FD0032A41D1D8689C30F9F774
:10F8500083F8AC42EBD125E0DAF8083062689B1AF5
:10F86000002B06DD51462046C84780B1002D08BF59
:10F870005546DAF814A0BAF1000FC4D17368A36139
:10F88000C4F814A01C6004F114037360CAE7DAF82A
:10F890000830013363601FB1A3EB0B02002A0CDBBD
:10F8A000002363703368A342A5D16378002BA0D1F5
:10F8B0000D4B0A4A4FF49C7183E74344A36005460D
:10F8C000D7E77260B9E7D868F9F74AFDC1E7074B97
:10F8D000074ABD2175E700BF51D3040086D7040055
:10F8E000DAD60400B463002047D704003E9D04002C
:10F8F00071D7040070B52A4B1A78436F9B1AC0F871
:10F90000D030C379012B044600F1CC0508D0022B7E
:10F9100026D0244B244A25484FF4BA7106F0FAFD4C
:10F9200090F8783084F8CE30E36DC4F8D430D4F851
:10F93000D060F5F7A9FE301A00280EDB03F0BCFCFE
:10F94000F9F704F804281FD1FAF774FCD4F8D03082
:10F95000C01A002818DD03F0B7FC4FF0FF341DE09B
:10F96000D0F8880047F6112398420AD8104B584324
:10F97000800DD4F8D030013B181AC4F8D000002311
:10F98000D0E7F5F785FEF4E70A4A00212846FFF79D
:10F990000DFF044603F098FCFFF7A2FE204670BD61
:10F9A000048D00203E9D04009AD70400DAD604009E
:10F9B000DF180200A9F603002DE9F3410D460446C5
:10F9C00000F1CC06F5F760FEAB78242B3BD900F1B3
:10F9D0003905DFF8B480E16F98F800700191EB1BF6
:10F9E000C4F8D03005F1A303C4F8D430002384F860
:10F9F000CE3003F061FC30461F4A0199FFF7D6FE76
:10FA00000646C0B9D4F8D0003844401BF5F748FE8C
:10FA100040F2E24398F80020B0FBF3F0D4F8D03085
:10FA2000A4F870001344636794F8CE3084F87830FB
:10FA3000D4F8D430E36503F047FCFFF751FE3046BD
:10FA400002B0BDE8F08195F90530012B02D100F13B
:10FA50006205BEE7022B02D100F15C05B9E7032B7A
:10FA600002D100F1DE05B4E7044B054A054840F237
:10FA7000FF1106F04FFD00BF89F603003E9D040014
:10FA8000B7D70400DAD60400048D0020F7B5164B72
:10FA9000456F1F78044600F1CC06D0F8880047F681
:10FAA000112398426FEA07071BD8104B5843800D6B
:10FAB0003D44E36DC4F8D430281A0025C4F8D000C2
:10FAC00084F8CE5003F0F8FB094A29463046FFF788
:10FAD0006DFE019003F0F8FBFFF702FE019803B002
:10FAE000F0BDF5F7D5FDE3E7048D0020DF18020037
:10FAF00085F60300F8B504460E46174603F0DCFB16
:10FB00000C4A6FF000412046FFF750FE054630B129
:10FB1000094B0A4A0A4840F2D92106F0FBFCE0688A
:10FB200061683A46B04703F0CFFBFFF7D9FD28469E
:10FB3000F8BD00BF89F60300A59D0400D5D70400D9
:10FB4000DAD60400F8B505460C46866803F0B4FB27
:10FB5000124A21462846FFF729FE0746B8B96B69C5
:10FB600043B15B68A96834441A1B34EA220428BFF5
:10FB70001C46641A2CB1FEF723F9B0FBF4F303FB27
:10FB800014046B68A968234421446B60A96003F0E6
:10FB90009BFBFFF7A5FD3846F8BD00BF89F60300C3
:10FBA00010B5044603F088FBF8F7D0FE012801D019
:10FBB000042805D103F088FB4FF0FF34204610BD28
:10FBC000054A00212046FFF7F1FD044603F07CFBC7
:10FBD000FFF786FDF2E700BF89F6030038B504465B
:10FBE00030B9114B114A124840F2753106F092FCBF
:10FBF00003F062FB6378ABB1D4E905310D4A1068BC
:10FC000073B19961A2690025A0421360657001D1AA
:10FC1000FFF73CFD03F058FBFFF762FD284638BDB7
:10FC20005160EFE70125F5E755D70400EAD7040056
:10FC3000DAD60400B463002010B5044603F03CFBA0
:10FC4000054B1B6833B15B682360012403F03CFB68
:10FC5000204610BD1C46F9E7B46300200148F5F7C3
:10FC600011BD00BFC063002008B5064B0649074818
:10FC70000D221A700022F5F7E5FC054B00201870E4
:10FC800008BD00BF048D002015F70300C0630020ED
:10FC9000BC63002008B500231A4613F0070F04BF09
:10FCA000DA088A5C12F0010F04D008B998B208BDD6
:10FCB000013880B20133252B4FEA5202EDD1034BBC
:10FCC000034A044840F2771106F024FC3E9D0400EC
:10FCD000B2D804001AD8040070B52525B0FBF5F49D
:10FCE00005FB1404C4F3CC05A6B2555D04F007046B
:10FCF00045FA04F4E40718D5002529462C46600788
:10FD000004BFE008155CE80703D5A64215D0013111
:10FD100089B20134252C4FEA5505F0D1084B094A28
:10FD200009484FF4AF7106F0F5FB4843000CBDE8FD
:10FD3000704018801146FFF7ADBF1980304670BD86
:10FD40003E9D040095D804001AD80400484090FA5B
:10FD5000A0F000BA00EB00120A4492B292FAA2F2AA
:10FD600012BA02EB021253189BB293FAA3F31BBA16
:10FD700003EB0313581880B27047000082B2B2EB55
:10FD8000104F70B54FEA1043044615D043F3852059
:10FD900043F3C423584008F087FE01280CDD2048B7
:10FDA0002023604000220121084201D032B9012203
:10FDB000013B4FEA4101F7D100201CE000251F2341
:10FDC0002946104604EA00064000044219D09EB9B4
:10FDD0000131C9B20122B0F5807F1AD1022DEBD9D1
:10FDE000062AE9D8013BEDD1B0F1004FE4D1182942
:10FDF0008CBF0020012070BD0132D2B20135EDB2BE
:10FE0000E9E716B90132D2B2E5E70131C9B2012200
:10FE1000F4E7B0F5803FE3D10B29E1D9CCE700BF8F
:10FE2000D6BE898E10B5FDF7CBFF0446FFF7A6FFBF
:10FE30000028F8D0204610BD70B5002301381A46BE
:10FE400010F8016F7EB100250124264206D09142B0
:10FE500002D15819C0B270BD0132D2B2013564006E
:10FE6000082DE4B2F1D10833DBB2282BE8D1034BE3
:10FE7000034A0448FA2106F04DFB00BF3E9D0400F2
:10FE800079D804001AD8040007B5027902F01F01DE
:10FE90000191F5F741FB019908F01AFEC0B203B0D9
:10FEA0005DF804FB30B585B015460193FFF74EFFB2
:10FEB0004840019A0DF10E03294680B2FFF70CFF6E
:10FEC000C0B205B030BD0000401A002810B514467D
:10FED0000EDDF5F7E5FB074B33F8143003F5FA7345
:10FEE0004FF47A72B0FBF2F05843B0FBF2F010BD61
:10FEF0000020FCE7D0D80400F8B50C4D06460F46AC
:10FF000000232A785C1C52B16B78BB4207D10622D1
:10FF10003146A81C08F0FAFF08B92046F8BD082CA5
:10FF200005F108052346ECD10020F7E7058D0020F8
:10FF300008B5F9F733FD28B9FFF702FB003818BF01
:10FF4000012008BD0120FCE708B5FFF7F1FF58B11B
:10FF50000023064A194602F833100133082BFAD160
:10FF600000F0AEF8002008BD0C20FCE7058D002055
:10FF70000823037001230B70002070470AB1FFF7BC
:10FF8000BBBF00F039B90000072938B5054621D1BB
:10FF9000FFF7CEFF00B32C4614F8011B2046FFF7F5
:10FFA000ABFFD8B90E4B0822197869B92268C3F89B
:10FFB0000220A288DA802978597001221A7020461E
:10FFC000BDE8384000F088B8013A03F10803EBD1EE
:10FFD000072038BD1220FCE70C20FAE70020F8E7E4
:10FFE000058D0020072913B5044615D1FFF7A0FFA2
:10FFF000A0B114F8011B01912046FFF77DFF019984
:020000024000BC
:1000000020B1074B0138002203F83020204600F0D1
:1000100099F8002002B010BD1220FBE70C20F9E790
:10002000058D002000F0D0B800F0DCB80B4B1A684A
:100030000B4B3AB90121C3F80813C3F80021D3F8D8
:1000400000327047D3F8001131B10021C3F800111C
:10005000D3F80805C0B21047704700BF8C8D002050
:1000600000D000404FF08052D2F8A03013F00103CE
:1000700001BFD2F8A410D2F8A820A0F80520C0F83B
:10008000011006BF037018464FF0FF3070474FF065
:100090008053D3F8A020D2070FD5D3F8A420D3F8EB
:1000A000A830A0F805308379C0F8012063F03F0341
:1000B000837101230370002070474FF0FF307047B9
:1000C000034A0023C2F84036024A1370704700BF4B
:1000D00000100040D86300202DE9F041174E33781E
:1000E00007468846012500242B421FD13846A4002C
:1000F000F5F712FA04F1804404F58054C4F80006C0
:10010000381DF5F704FAB8F1010F08BF0C4AC4F81E
:10011000200602BFD2F8403643EA0523C2F8403633
:1001200033781D4335700020BDE8F0810134082C80
:100130004FEA4505D8D10720F6E700BFD863002075
:10014000001000402DE9F04188460446F5F7E4F937
:100150000746201DF5F7DBF9194B1A4DD3F8403649
:100160002E784FEA132C01220021164220D08B005A
:1001700003F1804303F58053D3F80046BC4217D106
:10018000D3F82036984213D1D3B2B8F1010F03EA65
:100190000C040BD164B10A4926EA03032B70D1F891
:1001A000403623EA0202C1F8402606E0002CF2D0D5
:1001B000013108294FEA4202D7D1BDE8F08100BFE2
:1001C00000100040D8630020044A054BD2F84016C6
:1001D0001B780B43C2F84036704700BF0010004048
:1001E000D8630020034AD2F8403603F47F43C2F8B4
:1001F0004036704700100040014BD3F8140170479F
:10020000001000400D4B01221A60043B0021C3F88E
:100210000011C3F80411C3F804051A60D3F80021D3
:10022000D3F8040122B90028F8D04FF0FF3070470E
:10023000003818BF01204042704700BF04E0004072
:1002400038B50C4B044691B10122C3F8042564B1C2
:10025000094D0A49E02385F80D330D20F5F78AFF93
:100260004FF400532B60064B1C60002038BDC3F8D0
:100270000415ECE700D0004000E100E02D00040090
:100280008C8D002008B503F017F8074B0022C3F847
:100290000021064A1168012209B1C3F804231A603B
:1002A00003F012F8002008BD00D000408C8D002023
:1002B00010B503F001F8064B064901220024C3F8EB
:1002C00008230A60C3F8004102F0FEFF204610BD7B
:1002D00000D0004004D00040014B00221A7070474B
:1002E000488D0020F0B50C4D2A78042A11D00B4C13
:1002F000034604EB021400F11007186859682646FB
:1003000003C60833BB423446F7D101322A700020BD
:10031000F0BD0720FCE700BF488D00204C8D002079
:1003200009490B7883420EDD013BDAB282420A7042
:1003300009DD064B121A03EB8003120103F11001D1
:10034000184608F0FFBD7047488D00204C8D0020F6
:1003500010207047074BD3F8002542B1D3F8002195
:100360002AB1D3F8042112B1D3F8000470474FF03A
:10037000FF30704700F000404309012200F01F00E9
:1003800002FA00F04033024A42F82300704700BFEF
:1003900000E100E073B50669044602F08DFFD6F86F
:1003A0000415D6F8043165685BB105F1807500234A
:1003B000D6F804156560C6F8043194F90100FFF71A
:1003C000DBFF41EA0500019002F07EFF019802B0D8
:1003D00070BD30B484780369BCB34FF48022C3F895
:1003E0000823D3F80445D3F8045142681DB1D3F86B
:1003F000044502F1807222438A1A002A4FF0010557
:1004000006DCC3F8085330BC90F90100FFF7B4BF15
:10041000022A07DCC3F80453D3F804359C42F2D116
:1004200030BC7047B2F1807FB4BF21F07F4104F54A
:1004300000044FF48022C3F80853B4BFC3F8481532
:10044000C3F84845C3F80423EAE74FF40022C3F891
:100450000823C3F84C15C3F84C41C3F80423012208
:100460009A64D3F84835591A0029D9DBCBE7000044
:100470002DE9F8432C4C2669D6F8483113B10023F6
:10048000C6F84831D6F8003113B10023C6F8003160
:10049000D6F8043133B10023C6F80431636803F1A0
:1004A00080736360A368DFF880800133A36002F08B
:1004B00003FF01274FF00009656945B1A3789BB19F
:1004C0004046FFF767FFEB68C01A002811DA63693E
:1004D000EBB9A278236922B34FF48022C3F8082332
:1004E0000122C3F8082316E023699F64D3F8480566
:1004F000E9E7D5E9043243B15A616A691360D5E985
:100500000130C5F814909847D6E7A261F5E7D9689D
:100510000548FFF75EFF02F0D7FED6F84831BDE888
:10052000F8834FF40022DCE7908D0020052810B5F9
:100530001BDC0F4B53F82030BBB11C78ACB905283D
:1005400013D10C4B0C4901229A700B200B4A1A61F3
:1005500058700B4B4FF40062C3F88020E02283F800
:100560000B23F5F707FE204610BD1620FCE700BF61
:1005700048D90400908D00207104040000B00040B0
:1005800000E100E00528F8B570DC394B53F8206035
:10059000002E6BD0052827D1364E3478002C65D13B
:1005A000B1F5004F62D13369002B5FD00125357062
:1005B000F16002F081FE336902225D609D60C3F844
:1005C0000845C3F80441C3F804231D60727896F906
:1005D000013002F01F0295405B09274A42F8235080
:1005E00002F072FE2046F8BD3578002D3ED1234B37
:1005F00099423BD8B3FBF1F1B1F5007F36D83369AE
:10060000A3B301290FD001231A4602FA03F088424E
:10061000DDB226D3013B02FA03F3CB1A411A8B4217
:1006200001D2013DEDB2154B01272B41F36037702C
:1006300002F042FE3369032200245F60DF60C3F8EA
:100640000445C3F80825C3F810551F60727896F961
:10065000013002F01F0297405B09074A42F82370FD
:10066000BEE701330A2BD0D11D46DCE71620BAE7DE
:1006700048D90400908D002000E100E00024F4003F
:10068000052808B50FDC0B4B53F8200058B18378D0
:100690001BB1BDE80840FFF77DBE036901229A64E3
:1006A000D3F8480508BD044B044A054840F213310D
:1006B00005F030FF48D904003E9D040039D90400FC
:1006C000E0D80400052810B509DC064C54F8204099
:1006D0002CB1C1E90123002048610C6010BD162037
:1006E000FCE700BF48D9040038B50446002832D0E2
:1006F0004369002B2FD14368002B2CD00568C160C3
:1007000002F0DAFD6B6904F1100253B923612B4644
:10071000AA6143F8144F6361E1682846FFF759FE68
:100720000CE0E068D968411A00290BDA5969C4E97C
:1007300004310C605A616B699C42EDD002F0C4FD3B
:10074000002038BD1B69002BECD12361AB696361CC
:100750001C60AA61EFE71620F3E738B5044660B3E2
:10076000056802F0A9FD616999B16A692369A2422D
:100770000BBF012000201A46002273B15961616944
:100780000B600023636120B14AB1D1681068FFF7A4
:1007900020FE02F099FD002038BDA961EFE7AA789C
:1007A0002B693AB14FF48022C3F808230122C3F821
:1007B0000823EEE74FF40022F9E71620ECE70000EB
:1007C0008271054A417112680449B2FBF1F14FF49C
:1007D0007A724A43C26070471436002040420F00CC
:1007E00038B504460D464079022106F02BF802F098
:1007F0000BFDA0F5FA60A060657438BD70B50546C4
:100800000E460024687906F07FF8B04206D1EB6806
:10081000A34204F1010203D84FF0FF34204670BD1B
:100820001446EFE7F0B50D46D1B0044602F0ECFCFB
:100830003DB9A368C31AB3F5FA6F02D2207C51B058
:10084000F0BD00250221A06025606079257105F0CA
:10085000F9FF012002F0E0FC6079012105F0F2FFD0
:100860006079294606F02CF8A379153B012B1AD89C
:100870002F4B304843F0010398476079022105F07F
:10088000E1FF607C20B12A4B800143F001039847CF
:1008900072B600212046FFF7B1FF013007D10020DA
:1008A000207462B6CBE7142002F0B6FCE5E7012124
:1008B0002046FFF7A3FF0130F1D06D462E460027FA
:1008C00000212046FFF79AFF012130602046FFF704
:1008D00095FF0237502F706006F10806F0D162B61E
:1008E0000022D5E90060711C01D0431C02D1002018
:1008F0002074A4E7D1108642635C4FEA4303DBB265
:1009000002F1010238BF43F00103282A635405F1C4
:100910000805E6D16178237822790B44A1780B444D
:10092000E1780B44DBB29A42E1D10120E0E700BF5D
:1009300060D90400001301002DE9F0410D462DEDB2
:10094000028B11460446FFF76DFF28B1A3790C2BEB
:100950005CD003D80B2B1DD0454B51E0153B012B30
:10096000FAD8A678E378300200F4FE40184307EE88
:10097000900AF8EEE77A17EE900A07F08DFC38A39C
:10098000D3E9002307F0E0FC07F0D6FF16F0800F54
:1009900003465CE0A378E07808EE103A94F903305F
:1009A000B8EE488A002BB8BFFFEE007A00F00F00C7
:1009B000B8BF37EEC88A07F05DFC29A3D3E900234E
:1009C00007F0C2FC064618EE100A0F4607F064FC5A
:1009D0000B4602463946304607F000FB07F0ACFFF5
:1009E00003466DB107F058FC1FA3D3E9002307F0BD
:1009F000ABFC204B002207F0F1FA07F09DFF034605
:100A0000BDEC028B00EE103ABDE8F081E07894F87E
:100A1000028000F00F0007F02DFC11A3D3E90023A2
:100A200007F092FC07EE908AF8EE677A064617EE1A
:100A3000900A0F4607F030FC0B4602463946304616
:100A400007F0CCFA07F078FF18F0800F034618BFC4
:100A500083F00043002DD3D01846C3E7AFF30080E6
:100A60009A9999999999B93FCDCCCCCCCCCCFC3FF3
:100A70000000C07F00004040D0B50446FFF7D2FE22
:100A800020B1A3790C2B04D80A2B16D89FED1A0A93
:100A90002AE0153B012BF9D8208840BA80B207EE36
:100AA000900AF8EEE77A17EE900A07F0F5FB10A32C
:100AB000D3E9002307F048FC12E0607807F0DAFB86
:100AC0000BA3D3E9002307F03FFC064620780F462E
:100AD00007F0D0FB02460B463046394607F07EFA57
:100AE00007F02AFF00EE100AD0BD00BFAFF3008070
:100AF0009A9999999999B93F0000C07F704705F07C
:100B00009CBA084605F08CBA084611461A4605F00C
:100B10008BBA0846114605F085BA05F087BA10B5BC
:100B2000044605F04FFA204610BD000038B50546D2
:100B300008460C4608F047FC013083B222460C48B8
:100B4000294600F075F808B1002038BD084800F0CB
:100B5000F3F8204608F037FC013083B222460448FF
:100B6000294600F065F80028EED11C20EDE700BF13
:100B7000DC63002038B5054607480C4600F056F9FE
:100B80000548294600F036F818B10C3020600020E6
:100B900038BD1C20FCE700BFDC63002010B5074C0B
:100BA000074A0849204607F0C5F905F046FA2146EC
:100BB00082B2BDE81040044800F008B8BC350020FF
:100BC00000340020FD0A0400DC63002038B5044630
:100BD0000023A3740B6821609B680846154698475C
:100BE000854204D2206803689B68984785B22582B5
:100BF000204638BD426810B584680432944215D945
:100C00001368B3F1FF3F104610D0994201D15368E9
:100C10004BB9538923F00303043302F10C009BB258
:100C200003441A46EAE75A1CFBD110BD0020FCE73A
:100C30002DE9F04F90F8129087B00446884616468A
:100C40001D46B9F1000F05D14FF00009484607B025
:100C5000BDE8F08FB1F1FF3FF6D0FFF7CBFF0746BD
:100C600048B132783AB9012D05D820680368391D9A
:100C70001B699847EAE74FF0FF3304934FF6FF7381
:100C800043EA0543D4F80C90059315F0030314BF11
:100C90006A1C2A46019309F10C031344A268CDF89B
:100CA0000C809342D0D82068036803AAD3F814B00C
:100CB00049460323D8472068E1680368C5F3870ADB
:100CC0000C31D3F814B0E16053463246D847E2689D
:100CD00004231AFB03F113FB0A2A019BC4F80CA09E
:100CE0007BB10023019A0293314402A808F01CF959
:100CF0002068029A036851461B699847E3680433E9
:100D0000E3602FB1206803684A461B69391D984784
:100D100041462046FFF76EFF002895D043899D424B
:100D200092D100F10C012A46304608F0EFF8B0FAF3
:100D300080F94FEA591989E72DE9F0410446006826
:100D40000368DB68984763681F4A0546834220684A
:100D500008BFA5681F1D036829461B69984704350D
:100D60003A68A368013214D0BB4212D97E897B68ED
:100D700026F0030610360133B6B208D120680368A6
:100D80002946D3F814803A46B308C047354437445F
:100D9000E6E76668E560A368B3420AD9206803689D
:100DA00031469B699847206803689B6898470644CA
:100DB000F1E7AB42228A2CBF63689B18A3609B1AA1
:100DC00063600120BDE8F081F5C0A5F138B50446A7
:100DD00000680368DB689847238A6060034405461F
:100DE000A360228A636803EB4203AB420AD92068FE
:100DF000036829469B699847206803689B68984761
:100E00000544EEE738BD000010B50446FFF7DEFFED
:100E10002068054A036861681B6998476368043362
:100E2000E3600123A37410BDF5C0A5F170B5857C06
:100E3000044695B900680368DB689847238A6060B8
:100E4000C218A260134906688E420BD0C05888426F
:100E500005D02046FFF7D8FF0125284670BD134472
:100E60006260A36062680421131D186801300BD012
:100E70005B89A06823F0030304339BB20C3319444D
:100E800053188342F1D3E8E70A440125E260A574D0
:100E9000E3E700BFF5C0A5F10A680B46926801467A
:100EA0001846104713B50446084659B1019108F099
:100EB0008AFA23680199DB680246204602B0BDE841
:100EC0001040184702B010BD08B5FFF7EBFF08BD92
:100ED00003689B681847000008B50249FFF7E2FF66
:100EE00008BD00BF8CD9040038B50546FFF7DAFF0E
:100EF00004462846FFF7F0FF204438BD0EB403B582
:100F000003AB014653F8042B0448019304F0EEFFB1
:100F100002B05DF804EB03B0704700BF990E040007
:100F2000F0B58BB000238DF82430012A98BF0A2237
:100F300009ACB1FBF2F602FB1615EBB2092D0F4618
:100F400094BF30333733DBB2BA4204F8013D314647
:100F5000EFD92146FFF7A6FF0BB0F0BD2DE9F04118
:100F600007460E4614462AB90368BDE8F0419B685F
:100F7000C9B218470A2A0DD100290CDA2D21FFF732
:100F8000A7FF2246054671423846FFF7C9FF2844AD
:100F9000BDE8F081D2B2BDE8F041FFF7C1BF10B4A7
:100FA0002AB902685DF8044B9268C9B210475DF82F
:100FB000044BD2B2FFF7B4BFFFF7F1BF38B5054617
:100FC000FFF7EDFF04462846FFF786FF204438BDB3
:100FD00038B50546FFF7E3FF04462846FFF77CFFD8
:100FE000204438BD2DE9F84F55EC104B06460F460E
:100FF00010EE102A10EE100A2B46294607F03EFC90
:1010000038B14B493046FFF74DFF82465046BDE8A8
:10101000F88F25F00049474B4FF0FF3220464946F4
:1010200007F02CFC48B9434B4FF0FF3220464946AD
:1010300007F006FC08B94049E4E7404B4FF0604236
:101040002046294607F010FC08B13D49DAE73D4B40
:101050004FF060422046294607F0E8FB0028F4D113
:10106000002200232046294607F0E0FBD0B12D21C5
:101070003046FFF72DFF05F1004382461D463249F9
:10108000DFF8CC904FF0000B00204FF000085FFA23
:101090008BF39F4208D942464B4607F07FFA0BF18B
:1010A000010BF4E78246EAE722462B4606F096FF5C
:1010B0000D46044607F020FC804607F0CBF80246B8
:1010C0000B462046294606F087FF0A2204460D46B5
:1010D00030464146FFF724FF824427B11B49304682
:1010E000FFF7E0FE8244DFF868904FF00008013F10
:1010F000FFB2FF2F8AD04B4642462046294607F0D2
:1011000023F90D46044607F0CFFB0A220146834629
:101110003046FFF723FF8244584607F0ABF80246FB
:101120000B462046294606F057FF04460D46DEE7EB
:101130008FD90400FFFFEF7F93D90400FFFFEF4139
:1011400097D90400FFFFEFC10000E03F03990400BE
:1011500000002440C9B2FFF745BF38B5C9B2054603
:10116000FFF740FF04462846FFF7B6FE204438BD8F
:1011700070B592B01E460C4615460021422201A8C9
:1011800007F0FAFE412E5CD940F60832ADF8042093
:1011900040F20222ADF8082040F20942ADF80C20DE
:1011A000631C40F20122DBB22748ADF81020052273
:1011B0008DF815208DF81E30242208908DF82730E8
:1011C00040F224608DF831300A238DF81620ADF8F6
:1011D00024001E4A1E488DF8343040F20753069210
:1011E0000A9001220820ADF83830402302218DF802
:1011F0001C208DF82C0004224FF411608DF83C3037
:1012000007238DF807108DF812108DF81F20ADF808
:101210002E008DF830208DF833108DF83B108DF8AE
:101220003F3042220B4B8DF8064001A928468DF82D
:101230000E408DF82640109307F076FE422012B043
:1012400070BD0020FBE700BF240202052001052439
:101250000705800305800240A0F11000FFF788BF5A
:1012600007B503688DF80710DB6801220DF107014F
:10127000984703B05DF804FB704710B5002000F0FC
:10128000C3F8044608B901F0AFFF204610BD0020A6
:1012900000F0F4B8002000F035B910B5044604F0B1
:1012A00091FE204610BD07B500210DF1070208464A
:1012B00000F0C8F820B19DF8070003B05DF804FB0A
:1012C0004FF0FF30F9E707B501220DF107010020CB
:1012D00000F0A4F820B19DF8070003B05DF804FB0E
:1012E0004FF0FF30F9E770B50E46144615465DB174
:1012F000002000F063F838B12A463146002000F0A3
:10130000AFF82D1A064401D1601B70BD01F06CFFCF
:10131000EDE7000000224FF47A71C0E9012142613B
:10132000034A02F10801383201600261704700BFD0
:101330009CD90400704707B5084641B9694600F0DA
:1013400053F8009BB3F5966F01D101F0A7FD03B0F0
:101350005DF804FB08B5054B1846FFF7DBFF044AB0
:1013600004491846BDE8084006F0E4BDF0630020DB
:101370000034002079120400428B838A9B1A9BB2AE
:101380003F2B10B5044618D9C178002000F0CAFCE4
:1013900098B1628BA38AE1789B1A9BB23F2B07D945
:1013A00004F532724023BDE81040002000F01EBD5D
:1013B000BDE81040002000F0EDBC10BD10B50446A3
:1013C00000F098FB08B9002010BD00F09BFB00283E
:1013D000F9D104484FF4527303FB0404207900F060
:1013E0000100F1E708640020064B4FF4527202FB43
:1013F000003050F8063F0B6083888B8083798B71B7
:10140000704700BF08640020034B4FF4527202FB88
:101410000030408B80B27047086400204FF4527354
:1014200070B503FB00F4064E04F1100092B2304494
:1014300000F033FA05463019FFF79EFF284670BDCD
:1014400008640020054B10B44FF4527404FB0030C4
:1014500089B25DF8044B103000F057BA08640020E0
:1014600010B5054B4FF4527404FB003092B2243097
:1014700000F085FA10BD00BF086400202DE9F84394
:10148000DFF87C904FF45274444309EB040705469F
:10149000FB8D9BB2C8460BB9002021E0B978002033
:1014A00000F040FC0028F7D004F5427604F1240057
:1014B0004E4440223146484400F0EFF9044698B1CA
:1014C0002846FFF77BFF78B1B978234632460020E3
:1014D00000F08CFC30B9094B1B68DB07DCD500BE83
:1014E000BDE8F8832046FBE74FF4527000FB05850A
:1014F0000020A97800F04EFCCEE700BFF0ED00E040
:1015000008640020044B4FF4527202FB0030C38D7C
:10151000008DC01A80B270470864002073B51A4C61
:101520004FF452720021204607F026FDFF2363711D
:101530004FF4424301250026E3800823237304F17E
:1015400038012B4600964FF4807204F1100025817B
:10155000668100F08CF92B464FF4807204F59C7183
:10156000009604F1240000F082F904F50E7128467B
:1015700002F0FCF804F520712062284602F0F6F82B
:10158000606302B070BD00BF0864002010B5074C56
:10159000002304F110002360237100F033FA04F1FA
:1015A0002400BDE8104000F02DBA00BF0864002000
:1015B000F7B54B79022B074603D00025284603B028
:1015C000F0BD8B79022BF8D1CB79062BF5D8204EC4
:1015D000B3787BBB8B7833700C7809250C4403E01F
:1015E00023781D44ADB21C446378242B1BD1954253
:1015F000F6D96378042B12D163790A2B0FD1154BDE
:10160000267801930133009302231A46A119384624
:1016100000F042FB70B10E3516FA85F5ADB20C48FC
:10162000FFF7AAFECAE7052BE3D12146384600F0B2
:1016300076FB28B9084B1B68DB07BED500BEBCE7AC
:10164000A378737023781D44ADB21C44D1E700BF6A
:10165000086400200A640020F0ED00E008B50B7873
:1016600003F06003202B0FD1084B8A881878904232
:101670000AD14A78202A05D1054A1AB1991D0020BD
:10168000AFF30080012000E0002008BD08640020C6
:10169000000000000A7802F06002202A38B509D163
:1016A000104A8C881578A54204D14C78212C03D897
:1016B0001F2C11D8002038BD222CFBD14C8814716E
:1016C00000F0FCFE084B5BB1C4F3400204F00101E2
:1016D0000020FFF730FE03E00723063200F006FF8C
:1016E0000120E8E708640020371304002DE9F74FD4
:1016F0001C46324BDA788A4280460F461D464AD055
:101700009B788B424FD1AB78BB4222D0012451E071
:1017100006F53271504600F01AF9B9F1000F09D000
:101720006B79FF2B06D096F8C812994202D100209F
:10173000AFF300800136B345EAD1214B2BB16B8B5F
:101740009BB213B10020AFF300801C48FFF714FEDA
:10175000D9E71C4B13B10020AFF300800020FFF746
:101760008DFE0028D2D1EB8D9BB2002BCED1002C68
:10177000CCD014F03F03C9D1A9780193404600F0C2
:10178000D1FA019B04460028C0D0A9781A464046E9
:1017900000F02CFB0EE0DFF834901E4603EB040B48
:1017A00003F1100AC7E7084B1C6814F0010401D0CC
:1017B00000BE0024204603B0BDE8F08F086400207E
:1017C0000000000000000000F0ED00E0000000005C
:1017D000006920B100231A46194601F043BF704743
:1017E00070B504460846E389E18826689BB2154631
:1017F0004A4301FB036107F097FBE389A28815FACE
:1018000083F39BB2934224BF9B1A9BB2E38163890B
:101810005A1B92B2628170BD70B5044683892668F6
:10182000C0889BB21546424300FB036007F07CFB77
:10183000A389A28815FA83F39BB2934224BF9B1A13
:101840009BB2A38163899BB29A4215BF6389A38926
:1018500015FA83F29BB216BF92B2E381628170BD2A
:10186000006918B14FF0FF3102F09AB87047F8B52F
:1018700004460F4616461D46FFF7F2FF9DF8183046
:101880002372002363812046A3812760A680E58020
:10189000E381FFF79DFF0120F8BD2DE9F341438966
:1018A00001919BB204461546C3B1FFF7D9FF638986
:1018B000B4F8048001999BB2AB4238BF6589E389D3
:1018C00038BFADB215FA83F343450BDC2A462046F8
:1018D000FFF786FF2046FFF77BFF2B46184602B036
:1018E000BDE8F081E6890191B6B2A8EB0607BFB268
:1018F0003A462046FFF774FFE3880199A6EB0802F9
:101900002A4492B207FB0311E1E7F8B543899BB281
:101910008B4205460E46174617D9FFF7A1FFEC8903
:10192000EA8816FA84F18BB2A9888B4228BF5B1A29
:10193000296828BF9BB202FB0311384607F0F4FA6E
:101940002846FFF745FF0120F8BD0020FCE743894A
:1019500082889BB29A4213B5044601D1007A60B1E5
:1019600020460191FFF77CFF019901222046FFF7F5
:1019700053FF2046FFF72CFF012002B010BD2DE9D8
:10198000F84304460F461546CAB1FFF769FF237AAC
:10199000B4F80480B3B96389A8EB03039BB29D42FA
:1019A00028BF1D46A38915FA83F3434517DC2A4651
:1019B00039462046FFF730FF2046FFF709FF28464B
:1019C000BDE8F883A845EDD2E388A5EB080503FB45
:1019D00005770023A3814546E3816381E2E7A68979
:1019E000B6B2A8EB06091FFA89F94A4639462046DD
:1019F000FFF712FFE188A6EB08022A4492B209FB26
:101A00000171D6E710B50446FFF72AFF0023638172
:101A10002046A381E381FFF7DBFE012010BD00001B
:101A20000B4B63B10B4B1B78834206D90A4B1B68E7
:101A3000C0EBC00003EB80007047C01AC0B204289E
:101A400003D8064BC0EBC000F4E70020704700BF8E
:101A5000000000005467002050670020D8D904001F
:101A600070B53222002105460E480F4E07F084FA69
:101A70001022FF210D4807F07FFA1022FF210C48A9
:101A800007F07AFA00F06AFD00242046FFF7C8FF4D
:101A900043682846984733780134E4B20433A342BC
:101AA000F3DA70BDA067002054670020A267002011
:101AB000B267002007B513464AB94FF0FF3201F074
:101AC000D1FD003818BF012003B05DF804FB0023EE
:101AD00001AA01F089FE019B002BF2D0044B4FF0CC
:101AE00080525A6040BFBFF34F8FBFF36F8FE8E75C
:101AF00000ED00E0024B1878C0F38000704700BF93
:101B0000A0670020024B1878C0F3C000704700BFE8
:101B1000A067002037B5322200211E4807F02CFABA
:101B20001D49012001F022FE1C4B186030B91C4BEE
:101B30001B68DB072CD4002003B030BD19490B46CD
:101B4000002233F8080B00924A68498801F054FDDE
:101B5000154B18600028EAD0144B23B11448AFF39A
:101B60000080144B1860124D00242046FFF758FFE8
:101B7000036898472B780134E4B20433A342F4DAC3
:101B8000002000F005FE002000F004FE0120D3E755
:101B900000BED1E7A067002058670020D46700206E
:101BA000F0ED00E0C0350020D86700200000000004
:101BB00054670020506700204378023B0A46032BFD
:101BC00014D8DFE803F002291820144B19786FF3BA
:101BD0000001197019786FF34101197019786FF3CA
:101BE0008201197019786FF3C30119700C4B01460B
:101BF0001868FFF75FBF094B1978C9070CD519782A
:101C000041F00801F1E705490B78DB0704D50B78B3
:101C10006FF3C3030B70E9E7704700BFA0670020B4
:101C2000D86700201FB50023CDE901338DF80400EB
:101C30008DF8051001A811460393FFF7BDFF05B00D
:101C40005DF804FB1FB50023ADF806308DF80400E5
:101C50000623086849688DF8053002AB03C31146B6
:101C600001A8FFF7A9FF05B05DF804FB1FB500242C
:101C7000CDE901448DF8040007208DF805008DF8AA
:101C8000081001A89DF8181003928DF80930FFF78D
:101C900093FF04B010BD00002DE9F047DDE90856C0
:101CA00081460C4690469A460027B84501DC012043
:101CB0000CE06378052B04D1E37803F0030353456C
:101CC00008D00E4B1B68DA0702D40020BDE8F0876D
:101CD00000BEFAE72146484600F074FD28B9074BDC
:101CE0001B68DB07F1D500BEF0E7A378DA0914BF63
:101CF00033702B70237801371C44D6E7F0ED00E0F9
:101D00001FB50023CDE9020101931146082301A864
:101D10008DF80530FFF750FF05B05DF804FB00F0CB
:101D200051BD0000F8B5194B01F07F0403EB4403EB
:101D300003EBD11101F1200491F8225015F00105B7
:101D400021D191F822305A07C3F3800717D4104EDF
:101D50004FF0FF31306801F023FEA57815F0010542
:101D60000FD1A3785B0704D4A37843F00403A370D6
:101D70000125002330681A46194601F073FC2846F5
:101D8000F8BD3D46F5E70025F9E700BFA067002054
:101D9000D467002038B5134C0D4620684FF0FF3152
:101DA00001F0FEFD104B05F07F0103EB410303EB57
:101DB000D51120318B7813F0010210D18B78C3F349
:101DC00080055B0703D58B7862F382038B70002359
:101DD00020681A46194601F045FC284638BD002502
:101DE000F5E700BFD4670020A067002070B5144D50
:101DF00001F07F0605EB460505EBD1142034A578EC
:101E0000ED0707D50F4B1B68DA0701D4002070BD22
:101E100000BEFBE7A57845F00105A57000F004FDC4
:101E20000028F4D1A37860F30003A370A37860F3D3
:101E30008203A370034B1B68DB07E7D500BEE6E710
:101E4000A0670020F0ED00E0054B01F07F0203EBFE
:101E5000420303EBD11191F8220000F0010070471A
:101E6000A067002010B50C4600F030FD094B04F0CF
:101E70007F0103EB410303EBD41191F8223043F0CF
:101E8000020381F8223091F8223043F0010381F8F7
:101E9000223010BDA067002010B50C4600F028FDD0
:101EA000094B04F07F0103EB410303EBD41191F8DC
:101EB00022306FF3410381F8223091F822306FF322
:101EC000000381F8223010BDA06700202DE9F04FFB
:101ED00089B000F083FF0746002800F06982AE4B0E
:101EE0004FF0FF32186805A901F0E0FC002800F06F
:101EF0005F829DF81530013B072B00F28E82DFE8F0
:101F000013F008001100830262026D021B00300210
:101F100085029DF81400FFF7A3FDA04B9DF8182043
:101F20005A70DCE79DF81400FFF79AFD9C4B002BDC
:101F3000D5D0AFF30080D2E7984D9DF814402B78B0
:101F4000002043F001032B7000F010FB9DF8188077
:101F500008F06002602A2E4606D1924B1B68D90712
:101F600040F1478100BE44E1402A0FD18E4B002B47
:101F700000F03F818D4808B100F0F8FA06A920462C
:101F8000AFF300800546002DA9D132E108F01F080B
:101F9000B8F1010F00F07381B8F1020F00F08E81EB
:101FA000B8F1000FD9D1202A14D19DF81C300F2B85
:101FB00000F21F811D44A878FFF732FD0546002876
:101FC00000F01781006900F0D1FAEB6806A92046FD
:101FD0009847D7E7002AC0D19DF81930092BBCD803
:101FE00001A252F823F000BF692204005922040024
:101FF0005B1F0400492204005B1F04001120040041
:10200000B92104005B1F04002B20040045200400BC
:1020100006A800F0B1FA9DF81A10204600F0C0FBA7
:102020002B7843F002032B7059E72B78C3F380031E
:102030008DF8123001230DF1120206A9204600F09E
:1020400055FA4CE72B789DF81A905B0726D4B9F126
:10205000000F23D009F1FF30C0B204F0BFFD10B172
:102060004378022B06D04F4B1B68D8077FF575AF1E
:1020700000BE72E72A78C37922F0600203F06003A1
:1020800013432B704388C31800F109010193019B8E
:102090008B4211D8464B0BB1AFF30080B9F1000968
:1020A0002B7818BF4FF0010969F382032B7006A942
:1020B000204600F003FA12E74B780B2B03BF0B7896
:1020C0008A46C9184FF0000A4B78042BCBD1019BEC
:1020D0005A1A92B24FF0000B364B1B785FFA8BF80E
:1020E00004334345BFDB4046CDE90212FFF798FCBD
:1020F000DDE902128368204698470BF1010BDDE908
:1021000002120028E8D00828ADD98242ABD38A78E1
:10211000B31893F802C0BCF1FF0FA4D183F802807A
:10212000BAF1000F1ED10A46002392F801C0BCF19B
:10213000050F09D192F802E00EF07F0C06EB4C0C73
:102140000CEBDE1C8CF8128092F800C063449BB24A
:1021500098426244E9D8174B1B78043398450144F0
:1021600095DD80E79AF8023093427FF47CAF9AF8CD
:1021700004C04A7994457FF476AF03339AF803207C
:1021800033444FF0000C0CF1010C5FFA8CFE7245E9
:10219000C9D903F8018BF6E7D8670020A0670020B3
:1021A00000000000F0ED00E0000000000000000072
:1021B0000000000054670020BDF81A309DF81A0096
:1021C0001B0A013B0E2B14D8DFE803F008262C1362
:1021D000133513131313131313131E0004F0FAFC17
:1021E0001223024606A9204600F080F900287FF459
:1021F00076AE9DF81400002100F068FB9DF81400F5
:10220000802100F063FB6AE6874B002BF1D0AFF32F
:10221000008002465388E5E704F0E0FC024600280F
:10222000F8D19AE6BDF81C1004F0DEFC0246002846
:10223000DFD01378D6E77D4B002BDAD0AFF30080E8
:1022400002460028F5D188E6BDF81A30012BD0D11E
:102250002B7843F0100329E7BDF81A30012BC8D1C1
:102260002B786FF3041321E72B78C3F38012DB087C
:1022700003F002031343ADF812300223DBE69DF8AE
:102280001C300F2BB5D81D44A878FFF7C9FB0546B5
:102290000028AED0006900F069F9EB6806A9204675
:1022A000984700287FF41BAE9DF8183013F06003A8
:1022B0009FD19DF819200A2A9BD1B9E69DF81C10E0
:1022C00011F078057FF449AE01F07F0A4FEAD11989
:1022D000CAB99DF81930012B30D0032B39D0002B0F
:1022E0007FF43BAE06EB4A034B4420330DF1120260
:1022F0009B78C3F34003ADF8123006A9434620464D
:1023000000F0F4F83D4606EB4A064E44B07CFFF779
:1023100087FB064648B1006900F028F9F36806A972
:1023200020469847002818BF05469DF8180010F071
:1023300060007FF428AE00F019F924E6BDF81A30E9
:1023400013B92046FFF7A8FD06A9204600F0B6F80D
:10235000D8E7BDF81A30002BF6D12046FFF782FDF2
:10236000F2E79DF81810324B01F07F0403EB4403B1
:1023700003EBD11393F822006FF3000083F82200DF
:1023800093F822006FF3820083F822003CB9079B88
:102390009DF819209DF8140000F0FCF89FE5987C4A
:1023A000FFF73EFB38B9234B1B68DA0700D500BEA8
:1023B00009B0BDE8F08F4469079B9DF819209DF88E
:1023C0001400A0478BE51C4B002B3FF488AD184B45
:1023D0001878C0F30010AFF3008080E5174B002B96
:1023E0003FF47DADAFF3008079E5FFF719FB83691A
:1023F00013B19DF8140098470134114B1B78E0B2DB
:1024000004338342F1DA6AE50024F6E7069B002BE9
:102410003FF465AD0798984761E5064B1B68DB07FD
:102420007FF55DAD00BE5AE5000000000000000031
:10243000A0670020F0ED00E00000000000000000B8
:1024400054670020054B01F07F0203EB420303EBCE
:10245000D11191F82200C0F340007047A06700201E
:1024600037B514490446CA89888991F90050831AFE
:102470009BB2402B28BF4023002D10DA904214D08D
:102480001A4689680C48019306F04EFD0A4A019BE2
:102490008021204603B0BDE8304000F0C5B990422D
:1024A0004FF0000103D10022F3E78021FBE7024A4D
:1024B000EFE700BF9C680020B068002030B40A4CF1
:1024C00005460A4608684968234603C392F9002076
:1024D00000239A42C4E9023328461A4630BCACBFF6
:1024E0008021194600F0A0B99C680020F8B5194E6B
:1024F0000C46054608684968B260374603C70021A4
:10250000F181E1888B4228BF0B46B38179B143B199
:102510003AB9114B1B68DA0701D40020F8BD00BEA0
:10252000FBE72846FFF79CFF68B10120F6E794F926
:102530000030002B0A460B462846ACBF8021002104
:1025400000F072F9F0E7044B1B68DB07E5D500BE2D
:10255000E4E700BF9C680020F0ED00E00248142290
:10256000002106F009BD00BF9C680020014B1861E6
:10257000704700BF9C68002010B50246044C0068FC
:102580005168234603C30023C4E9023310BD00BFD2
:102590009C68002070B51E462B4B1A78C909B1EB18
:1025A000D21F05461C4610D03EB1284B1B68DA07E7
:1025B00001D4002070BD00BEFBE7254A0AB9012006
:1025C000F8E71946AFF30080F9E793F90030002BE4
:1025D00006DBA0680028ECD01E49324606F0A4FCB9
:1025E000A268E38932443344A260E2889BB29A42F3
:1025F000E38101D03F2E23D823699BB994F90030A1
:10260000002B4FF000031A46ACBF80211946284624
:1026100000F00AF90028D2D10C4B1B68DB07C8D5A3
:1026200000BEC7E708492846984701460028E5D17B
:10263000284600F04BF98021284600F047F9BEE714
:102640002846FFF70DFFE5E79C680020F0ED00E06D
:1026500000000000B0680020064B1868043B1B68AF
:10266000082B04D103288CBF0020012070470020D4
:10267000704700BF34010010144B93F8C02001468E
:102680008AB1134A5268C2F308021AB111480122F2
:10269000FFF736BBEFF310821AB90F4A52681206E1
:1026A0000ED493F8C02093F8C0200132D2B283F840
:1026B000C02001230B60BFF36F8FBFF34F8F7047B4
:1026C00093F8C020002AFBD1EDE700BFF06800209E
:1026D00000ED00E07926040000E100E0F8B5104DBF
:1026E000104E00F59473182455F8233044431422F7
:1026F00002FB0052DDB20C4B3159C2F8001703EB5C
:102700008000C2F80457FFF7B7FF335937192B443D
:102710003351FB8815FA83F39BB2FB80F8BD00BFF1
:1027200000700240F068002028700240104B182111
:1027300001FB003110B44A8A0B8ACC689B1A0A7DCF
:102740009BB2934228BF13461422424302F18042B7
:1027500002F51C32C2F80046C2F804362344CB60AE
:10276000044B5DF8044B03EB8000FFF785BF00BF0F
:10277000F0680020047002404FF08043D3F80C242E
:10278000D3F80C0410F4803018BF02F00100704739
:1027900070470000014B80225A60704700E100E062
:1027A000074BD3F80014D3F800240A43C3F80024DD
:1027B0000022C3F858214FF48002C3F80423704765
:1027C0000070024010B58878097900F07F03182462
:1027D0000C22C0095C4302FB0044114A22441172DE
:1027E0000122104902FA03F478B90C3302FA03F318
:1027F000C1F80433D1F814352343C1F81435BFF3BD
:102800006F8FBFF34F8F012010BD023302FA03F325
:10281000C1F80433D1F810352343C1F81035EEE781
:10282000F068002000700240F7B501F07F00182624
:10283000234C06FB00F70D460C26C90906FB017662
:10284000A719A2510022BB80FA802646E8B9E3B955
:102850001C4BD3F88024C2F3C012914215D01A4801
:10286000FFF70AFF94F8C0302BB194F8C030013B59
:10287000DBB284F8C030002300931A46294618467C
:10288000FFF7F4F9012003B0F0BDA9B9182303FB49
:1028900000635B7A13B1FFF721FFF3E7094B30B90F
:1028A0000122DA64BFF36F8FBFF34F8FEAE700F5C1
:1028B000947043F82010F5E7FFF738FFE2E700BF18
:1028C000F0680020007002405070024011F07F0F4D
:1028D000064B0BBF012241F480715A65C3F81815ED
:1028E000BFF36F8FBFF34F8F704700BF0070024080
:1028F0004B060AD0054BC3F8181541F48071C3F894
:102900000C15BFF36F8FBFF34F8F704700700240FD
:1029100008B500221146930003F1804303F51C33F0
:102920000132082A59609962F5D1064B59629964BF
:10293000054BC4220021184606F01EFB40220275FA
:10294000027208BD00700240F06800202DE9F04FCF
:102950009D4B9E4AD3F80003002385B01C460125F9
:102960001E4605FA03F1084209D052F8237037B128
:102970000C4342F82360BFF36F8FBFF34F8F0133D7
:10298000192BEED1E10706D5FFF7C2FF0122114650
:102990000020FFF747F9A20204D5012203210020FD
:1029A000FFF740F9630217D5874ED6F8005405F4B7
:1029B0004073EF05C6F8003407D50122042100203A
:1029C000FFF730F90123C6F82C35AE0504D50122F6
:1029D00005210020FFF726F97D4B7E4E23404BB1A9
:1029E00096F8C030002B40F0C7807B4B1B68DD079A
:1029F00000D500BE20022BD5734BD3F88014C9B28A
:102A00008DF80810D3F88424D2B28DF80920D3F8B9
:102A100088048DF80A00D3F88C048DF80B00D3F8E5
:102A200090048DF80C00D3F894048DF80D00D3F8C1
:102A300098048DF80E00D3F89C348DF80F304906B9
:102A400001D1052A04D0012202A90020FFF7FAF8DB
:102A5000604FDFF874A1B84600254FF001094FF030
:102A6000140B05F10C0309FA03F32342E9B21BD05E
:102A70000BFB05A30020D3F80827182303FB0563ED
:102A8000D2B2587298F808C094457ED1DB88B8F865
:102A900004209BB29A4278D9002D71D1CAF84C908B
:102AA000BFF36F8FBFF34F8F0135082D08F1180862
:102AB000D7D14A4B2340002B5BD0434BD3F86C84D7
:102AC000C3F86C84BFF36F8FBFF34F8F14F480642F
:102AD00007D0D3F88044D3F880341B06C4F3C01465
:102AE00062D54FF0000ADFF8EC9000254FF0010BA3
:102AF0000BFA05F313EA080FE8B201D1B5B9ACB18E
:102B0000314B142202FB0533D3F80416182303FBC0
:102B100005635A8A11FA82F292B25A825A8AB9F835
:102B2000101092B2914242D9FFF700FE0135082DF4
:102B300009F11809DCD1002401254FF0180904F12E
:102B4000100305FA03F313EA080FE0B203D15CB9EE
:102B5000BAF1000F08D009FB0462B988D3889BB290
:102B600099422FD9FFF7BAFD0134082C07F1180755
:102B7000E5D105B0BDE8F08F002386F8C03039E715
:102B800005F594734AF823008AE7182303FB0563CD
:102B9000DA88A8F80420DA88CDF80090002392B2F1
:102BA0001846FFF763F87FE74FF0010A9BE75A8A60
:102BB000CDF800B0002340F0800192B21846FFF734
:102BC00055F8B3E75572CFE700700240007102403C
:102BD000FCFB1F00F0680020F0ED00E000040001A5
:102BE000012810B500F0A580022842D0002840F04E
:102BF0009980644BD3F80025002A40F093804FF46D
:102C00000062C3F80024BFF36F8FBFF34F8F5E4B9A
:102C10001B68082B10D15D4B1B68032B0CD85C4A3A
:102C2000D35C4BB15B4B5C4A18680321E8B949F2AD
:102C30007530186011601860FFF70EFD48B1554BF4
:102C4000564A1868C02190B949F275301860116071
:102C500018604C4B0122C3F80025BFF36F8FBFF300
:102C60004F8FBDE8104003F0C3BC1160E4E7116072
:102C7000EFE74449D1F804351BB1FFF77DFD00288B
:102C800050D1D1F800341B05FBD54FF40063C1F8D7
:102C90000034BFF36F8FBFF34F8FFFF7DDFC48B1F8
:102CA0003C4B3E4A186800283DD149F27531196005
:102CB00010601960344B1B68082B0FD1334B1B6815
:102CC000032B0BD8324AD35C43B1324B324A1868DB
:102CD00060BB49F27531196010601960FFF7BCFCE8
:102CE00048B12F4B40F2E3721A6040225A60BFF3A2
:102CF0006F8FBFF34F8F234B2A498022C3F81C25C7
:102D0000C3F804132849C1F884214A601946FFF723
:102D100033FD0028FBD00123C1F80435BFF36F8FCA
:102D2000BFF34F8F10BD00231360C3E70023136070
:102D3000D4E7144BD3F80025002AF3D00024C3F8BD
:102D40000445BFF36F8FBFF34F8F174A8021C2F83E
:102D50008410D3F80023C3F80823C3F80045BFF359
:102D60006F8FBFF34F8F03F07FFC104B5A68C2F395
:102D70000802121B204618BF0122BDE810400221A4
:102D8000FEF750BF00700240300100103401001007
:102D900064DA040000EC064014ED064014EC064032
:102DA000007802400514800100E100E000ED00E041
:102DB00038B5084D2C783CB9FEF7ACFE30B9064B5F
:102DC0001B68DB0700D500BE204638BD01232B70F1
:102DD000FAE700BFB4690020F0ED00E0014B18787D
:102DE000704700BFB469002007B51C491C4B4B61FC
:102DF0001C48103103F0F8FD42F29A3148F22902E2
:102E0000184803F04BFE174803F04BFE164B4022C8
:102E100083F827234FF080436846D3F838449DF861
:102E2000003023F003038DF8003003F06FF90F4BEF
:102E3000019301A803F0A6F903F090F9E20702D587
:102E40000020FFF7CDFEA30702D50220FFF7C8FE42
:102E5000FFF7AEFFFFF73AF8FCE700BFF063002092
:102E600068DA0400D875002000E100E0E12B0400DE
:102E70000020FFF76BBD000007B500230422CDE959
:102E8000002304490448C82201F014F803B05DF897
:102E900004FB00BF77DA0400E92D040008B5052023
:102EA00000F0BAF9BDE8084003F09ABB10B54FF046
:102EB000805386B05A6E1B6E0C4601A8074903F07A
:102EC00001F8A21E01AB1E3413F8011B22F8021FE9
:102ED000A242F9D1102006B010BD00BF7CDA040078
:102EE000F8B52C4F0E4639680546144699B920228C
:102EF000294806F041F8294B4FF0FF321A605A601A
:102F0000274B4022C3F88020C3F8802183F8062392
:102F10001A6001233B60212D35D8A31E022B32D825
:102F2000204B1E4A53F825300020154612F9011B8C
:102F30004F1C29D1810001F1804101F5C041164AA1
:102F40002B5442F82060D1F8102522F4473222F4A5
:102F50004072C1F810251B02D1F8105503F4F85344
:102F6000C4F1050443EA04432B43C1F81035D1F8FA
:102F7000103543F00103C1F81035012303FA00F0C6
:102F8000094BC3F80403F8BD9942D3D00130082897
:102F9000CCD1F8E7E0690020B8690020D8690020AA
:102FA00000E100E068960400006000402DE9F34174
:102FB000114E124FDFF848800024A50005F180452E
:102FC00005F5C2452B68012B10D1D6F80423A34088
:102FD00013420BD0E357013303D058F8243003B128
:102FE000984700232B602B680193019B0134082C28
:102FF000E3D102B0BDE8F08100600040D869002054
:10300000B8690020F8B5154616460024224A27461E
:103010008F420EDB4CB17A1A002A06DDC2F10400A1
:103020002044B3B33D2105F0A7FF00233370701B8C
:10303000F8BD07F1010C04788C45B8BF90F801C0C9
:103040004FEA0424B8BF644407F1020C8C45B8BFB2
:1030500090F802C04FEA0424B8BF64444FEAA44C7D
:10306000033712F80CC086F800C0C4F3053C0330E7
:1030700012F80CC086F801C0C4F3851C04F03F04AC
:1030800012F80CC0145DF47086F802C034460436A1
:10309000BEE70646C9E700BF87DA04002DE9F04F16
:1030A00085B0436801938368C768002BD8BF6FF071
:1030B00000430025002F04460093D8BF6FF000475F
:1030C000A846009BB3EB080B1ED0236803EB080A4D
:1030D00013F80830C3B166695246C6F104090023EB
:1030E0004B450CDB06F11000CB4520441DDA5A4657
:1030F000514605F019FF62695A44626104E012F812
:10310000011B29B94FF0FF35284605B0BDE8F08F07
:103110003D2908D02B48CDE9023206F047F9DDE918
:1031200002320028EED00133DAE74A46514605F074
:10313000FBFEB9F1030FE5DD002204F10F0604F1F7
:10314000130B134616F801AFBAF13D0F4FEA831384
:1031500023D101325E45F5D1022AD3DC43EA026372
:103160005A1CCFD00022BD42C84462614FEA1361AD
:10317000CADA01981A0C0129425505F101020AD850
:10318000BA421DDA019E180AB054AA1C19B9BA42F3
:1031900016DAB354EA1C154693E7002AB2D109485F
:1031A0008646014610F801CBBCF1000F02D14FF06A
:1031B000FF3103E0E245F4D1A1EB0E010B44C9E776
:1031C0001546A1E787DA040030B587B005460C46FE
:1031D0001022002102A805F0CFFE6846CDE9005478
:1031E000FFF75CFF07B030BD08B50020FEF746F9D9
:1031F000044B4FF080525A6040BFBFF34F8FBFF374
:103200006F8F08BD00ED00E008B500F01FFF4FF420
:103210007A735843800A08BD38B580024FF47A7437
:10322000B0FBF4F400F012FF05460020FEF726F98B
:1032300000F00CFF431B9C4205D92C44201ABDE82A
:10324000384000F0FDBF38BD72B6FEE74FF0807326
:1032500040E90213054B40F80C3C6FF0020340F8C4
:10326000202C40F8243C4438704700BF4932040009
:103270000E4C08B5E02384F8223000F077F80C4BB0
:1032800000221A60D4F888300A4A43F47003C4F864
:103290008830536843F040435360236943F0100380
:1032A000236104F0C1FC72B6FEE700BF00ED00E050
:1032B000E469002030EF00E072B6024A136801337F
:1032C00013607047E4690020034A1368013B1360F0
:1032D00003B962B6704700BFE4690020014B18686B
:1032E000704700BFE4690020EFF3108072B67047AA
:1032F00080F310887047000073B5194B00261E60DC
:103300001B680193019BFFF7EFFF164BD3F80445B1
:10331000C3F8006103F5807305461B680093009BAA
:1033200000F094FE231A23F07F4424F0010323B11C
:1033300001F0EAF8022818BF01240026013C0BD254
:1033400026B1094B4FF080525A6040BF284602B068
:10335000BDE87040FFF7CCBF00F08CFE0643EDE700
:10336000401101400010014000ED00E00A4B0B4904
:103370001F22C3F808250122C3F804230A601A603B
:103380000222C3F84423064BE02283F811234FF4B2
:1033900000321A60704700BF001001400810014061
:1033A00000E100E07FB5054672B62C4CD4F8046508
:1033B00001F082F8234600284DD0294CAC4228BFAA
:1033C0002C46321922F07F420121C3F80813C3F8BA
:1033D0004025244A002111601168019101994FF4A0
:1033E0008031C3F80413BFF34F8F114695B1F1EE4E
:1033F000102A22F09F02E1EE102AF1EE102A1A4A5A
:103400004020C2F8840120BFD2F80051D2F8040154
:103410002843F8D000204FF48032C3F80823086016
:103420000A680392039A114A106012680292029A83
:103430000122C3F80423D3F804359B1B23F07F40FB
:10344000A042094B4FF4003228BF2046C3F8802128
:1034500008B100F007FE62B604B070BD0010014074
:10346000FDFFFF004011014000E100E000110140BC
:1034700010B50446FFF720FFA46BFFF725FFB4FA51
:1034800084F0400910BDF8B51546026C866B044601
:1034900052B9076847BB806801F094F8A7600546F9
:1034A0000136A6632846F8BD65B9406805F03CFDC5
:1034B0006368226C1344A26863609342F0D323686C
:1034C0006360EDE7C06805F02FFD226CE3685142B0
:1034D0009B1A2268E36093423EBFA3685B18E360D7
:1034E000022D01D116B1013E0025D9E73546D7E7B7
:1034F000034610B41A6C08466AB1DC689968144433
:103500008C4228BF1968DC6028BFD960D9685DF893
:10351000044B05F009BD5DF8044B704770B50446D7
:10352000FFF7CAFE94F8455004F124066DB2002D51
:1035300014DCFF2384F84530FFF7C6FEFFF7BCFE1E
:1035400094F8445004F110066DB2002D12DCFF23F4
:1035500084F84430BDE87040FFF7B6BE636A002BC4
:10356000E7D0304600F030FF08B100F09FFF013D8A
:103570006DB2DCE72369002BE9D0304600F024FF70
:1035800008B100F093FF013D6DB2DEE738B50446A7
:103590000D46FFF791FED4E90F31226862604B437C
:1035A000D0185B1A1344A060E3600020FF23A063DF
:1035B00084F8443084F845309DB923696BB104F137
:1035C000100000F001FF40B10A4B4FF080525A60EA
:1035D00040BFBFF34F8FBFF36F8FFFF775FE012022
:1035E00038BD04F1100004F0DEFA04F1240004F008
:1035F000DAFAF2E700ED00E010B51C4663B10123F2
:10360000002908BF2246C4E90F0184F84630226031
:1036100019462046FFF7BAFF204610BD70B5064692
:10362000484348300D4604F0E5F9044660B10023F4
:1036300080F8463055B100F14803C4E90F652360B6
:1036400001212046FFF7A2FF204670BD0346F4E7A4
:1036500010B502220C460021FFF7E0FF00B18463A1
:1036600010BD00002DE9FF474FF00008DFF8F8A07B
:10367000019204460F461E46C146FFF71DFEA26B8F
:10368000E36B9A4201D3022E1AD1324639462046C4
:10369000FFF7F9FE636A1BB104F1240000F094FE09
:1036A00040B1314B4FF080525A6040BFBFF34F8F53
:1036B000BFF36F8FFFF708FE012004B0BDE8F0876D
:1036C000019D1DB9FFF700FE0020F6E7B8F1000FDD
:1036D00002D102A800F0B6FEFFF7F6FD00F0AEFC46
:1036E000FFF7EAFD94F84430FF2B08BF84F84490BC
:1036F00094F84530FF2B08BF84F84590FFF7E4FDB0
:1037000001A902A800F0AAFE38BBFFF7D5FDA26B05
:10371000E36B9A420FD1FFF7D7FD019904F1100036
:1037200000F02EFE2046FFF7F9FE00F01BFD50B121
:103730004FF00108A1E7FFF7C7FD2046FFF7EEFEB7
:1037400000F010FDF4E74FF08053CAF8043040BF9A
:10375000BFF34F8FBFF36F8FEAE72046FFF7DEFE20
:1037600000F000FDB0E700BF00ED00E038B50C460A
:1037700091B10025012184F84610E163246025649D
:103780002046FFF703FFA5602560E5602B462A462B
:1037900029462046FFF766FF204638BD38B58568C4
:1037A000044600F0ABFE85420AD1E368013BE360CA
:1037B00023B91A4619462046FFF754FF012000E0BE
:1037C000002038BD10B5024600210120FFF726FF7A
:1037D000044638B1002383600360C3601A4619466B
:1037E000FFF740FF204610BD2DE9F341044601914B
:1037F00017469846FFF778FDA26BE36B01999A4252
:10380000064602D3B8F1020F23D194F84550A36BBA
:103810006DB242462046FFF736FE6B1C14D1636A38
:103820000BB9012409E004F1240000F0CDFD0028CB
:10383000F7D0002FF5D001243C603046FFF758FD4B
:10384000204602B0BDE8F08101356DB284F84550E4
:10385000E7E70024F1E770B504460D46FFF744FDA5
:10386000A26BE36B934206461ED994F845100132D1
:10387000FF294BB2A26312D1636A0BB9012409E09C
:1038800004F1240000F0A0FD0028F7D0002DF5D0B1
:1038900001242C603046FFF72BFD204670BD01331C
:1038A0005BB284F84530E9E70024F3E72DE9F04303
:1038B00085B00027DFF8E490019204460E46B84632
:1038C000FFF7FAFCA56BDDB131462046013DFFF75D
:1038D0000FFEA56323696BB104F1100000F074FDC5
:1038E00040B12E4B4FF080525A6040BFBFF34F8F14
:1038F000BFF36F8FFFF7E8FC012005B0BDE8F08350
:10390000019D1DB9FFF7E0FC0020F6E717B902A8FA
:1039100000F098FDFFF7D8FC00F090FBFFF7CCFC1F
:1039200094F84430FF2B08BF84F8448094F8453065
:10393000FF2B08BF84F84580FFF7C6FC01A902A849
:1039400000F08CFDF8B92046FFF792FDA8B101996F
:1039500004F1240000F014FD2046FFF7DFFD00F025
:1039600001FC40B94FF08053C9F8043040BFBFF3A9
:103970004F8FBFF36F8F0127A2E72046FFF7CEFDE1
:1039800000F0F0FBF7E72046FFF7C8FD00F0EAFB88
:103990002046FFF76DFD0028EDD0B5E700ED00E013
:1039A0002DE9F04385B00025DFF81C910191044614
:1039B0002F462E46FFF780FCA36BEBB1013BA363C0
:1039C000236813B900F074FEA06023696BB104F1A1
:1039D000100000F0F9FC40B13B4B4FF080525A60B0
:1039E00040BFBFF34F8FBFF36F8FFFF76DFC012513
:1039F000284605B0BDE8F083DDF80480B8F1000F7B
:103A000003D1FFF761FC0025F2E717B902A800F027
:103A100019FDFFF759FC00F011FBFFF74DFC94F87E
:103A20004430FF2B08BF84F8446094F84530FF2BE6
:103A300008BF84F84560FFF747FC01A902A800F021
:103A40000DFD48BB2046FFF713FDF8B123683BB9D5
:103A5000FFF732FCA06800F067FD0546FFF734FC75
:103A6000019904F1240000F08BFC2046FFF756FD7D
:103A700000F078FB40B94FF08053C9F8043040BFE4
:103A8000BFF34F8FBFF36F8F012793E72046FFF7F8
:103A900045FD00F067FBF7E72046FFF73FFD00F02C
:103AA00061FB2046FFF7E4FC0028EDD0002D9FD0FD
:103AB000FFF702FC616A19B1236B1968C1F10501B6
:103AC000A06800F0B5FD9CE700ED00E037B5856823
:103AD0000191044600F012FD8542019905D1E36889
:103AE0000133E360012003B030BD2046FFF758FFEB
:103AF0000028F8D0E3680133E360F4E72DE9F341EF
:103B0000054601919046FFF7EFFBAC6B0199074624
:103B1000CCB195F84460284676B2FFF7E9FC013C49
:103B2000731CAC6316D12B690BB901240BE005F1B2
:103B3000100000F049FC0028F7D0B8F1000FF4D0D5
:103B40000124C8F800403846FFF7D2FB204602B0F7
:103B5000BDE8F081013676B285F84460E5E713B53B
:103B60000446FFF7A9FBA06B0190FFF7ADFB01989E
:103B700002B010BD806B704770B504460D46164606
:103B8000FFF79AFB94F84430FF2B04BF002384F81E
:103B9000443094F84530FF2B04BF002384F84530AF
:103BA000FFF792FBA36B2BB93246294604F12400A0
:103BB00000F0F6FB2046BDE87040FFF7AFBC000008
:103BC0002DE9F0410446FFF777FB314B314D1A6880
:103BD000314E01321A602A68002A4FD12C601B68CE
:103BE000012B25D12D48DFF8EC802D4F03F0DBFFB2
:103BF0002C4803F0D8FF2C4803F0D5FF2B4803F0E6
:103C0000D2FF2B4803F0CFFF404603F0CCFF3846ED
:103C100003F0C9FF274803F0C6FF274803F0C3FF9E
:103C2000264803F0C0FF264BC3F80080254B1F60D9
:103C3000254A26491368086801331360E26A0123A4
:103C4000934003430B60154B142000FB0230211DF1
:103C500003F0B7FFFFF738FB33686BB12B68DA6A04
:103C6000E36A9A4208D21A4B4FF080525A6040BF22
:103C7000BFF34F8FBFF36F8FBDE8F0813368002B28
:103C8000D6D12B68DA6AE36A9A4298BF2C60CFE7F4
:103C9000586A0020E8690020B86A0020F469002012
:103CA000806A0020086A00201C6A0020306A002018
:103CB000446A0020A46A0020D06A0020BC6A002068
:103CC000EC690020F0690020646A0020686A002026
:103CD00000ED00E06C6A0020094B0A4A1B6812687C
:103CE000D06A58B9084A1268012A08D8012B06D8A8
:103CF000064B1868064B1B68C01A704700207047B7
:103D0000686A0020E8690020F4690020986A0020B1
:103D1000E46A0020064A13681968064B19B94FF087
:103D2000FF321A6070471268D2681268F9E700BF64
:103D3000EC690020986A00202DE9F047DDE909844C
:103D40004FEA82094A4606460D46206BA5211F46CA
:103D500005F012F9226BA9F10409914429F0070931
:103D6000ADB36B1E04F13402033513F8011F02F8E2
:103D7000011B197809B1AB42F7D1002384F8373021
:103D8000089D042D28BF04254FF0000AE562A563B5
:103D9000201DC4F83CA003F011FFC5F1050504F196
:103DA000180003F00BFF2461A5616462C4F840A011
:103DB00084F844A03A4631464846FFF747FA206067
:103DC000B8F1000F01D0C8F80040BDE8F08784F8D2
:103DD0003450D5E710B590F8453004463BB9006B38
:103DE00003F08CFE2046BDE8104003F087BE012B97
:103DF000F9D010BDF8B51B4B1B4F1D680446386841
:103E000004300E4603F000FF3B4640B939681748BE
:103E1000CF6A02680121B94022EA01020260621CF5
:103E200007D136B119681248BDE8F840043103F0F3
:103E3000C8BE1A682C19546007D30E4A1068196856
:103E4000BDE8F840043103F0C8BE0B4A1068196899
:103E5000043103F0C2FE094B1A68A24288BF1C60FD
:103E6000F8BD00BFE46A0020E8690020686A00200D
:103E7000BC6A0020F0690020EC690020986A0020EC
:103E800030B587B0DDE90B547CB18DB125630225D7
:103E900084F8455005AD01950A9D02940095FFF701
:103EA0004BFF2046FFF78CFE059C204607B030BD37
:103EB0002C46FAE72DE9F043074685B09000884686
:103EC0001646994603F096FD0546E8B1482003F0F2
:103ED00091FD0446A8B1002380F845300D9B056391
:103EE00001930C9B0290009332464B464146384664
:103EF000FFF722FF2046FFF763FE012005B0BDE873
:103F0000F083284603F0FAFD4FF0FF30F6E700009B
:103F1000F8B50446234DFFF7CFF904B92C68261DE8
:103F2000304603F071FE60B9E76A1F4B14207843F6
:103F30001B5833B91D4901220B68BA4023EA02031A
:103F40000B60A36A1BB104F1180003F05DFE184A70
:103F50001368013313602B68A34219D11548314609
:103F600003F02FFE144A136801331360FFF7ACF916
:103F7000124B1B685BB12B68A34208D1104B4FF06A
:103F800080525A6040BFBFF34F8FBFF36F8FF8BDB1
:103F90000C4A13682046013B1360FFF71BFFFFF735
:103FA000B9FEE3E7E8690020F4690020686A0020B0
:103FB000646A0020D06A00205C6A0020B86A002091
:103FC00000ED00E0586A002010B588B0002407AA70
:103FD00006A905A8CDE9054403F074FE059B0293EC
:103FE000069B079A0E490F48CDE900432346FFF789
:103FF00047FF0D4B186070B100F074FC01280AD126
:1040000072B60A4B4FF0FF321A60094B1860094B29
:104010001C60FFF72DF9084B1B6808B010BD00BFEE
:10402000C8DA040071420400946A0020986A0020F3
:10403000B86A0020E46A002010360020024A1368A3
:1040400001331360704700BF606A0020014B18689D
:10405000704700BFE46A0020014B1868704700BF3A
:10406000E46A0020024A136818441060704700BFD9
:10407000E46A00202DE9F84F2F4B1B68002B54D128
:104080002E4B1E6801361E605EB92D4A2D4B1168FD
:10409000186810602C4A1960136801331360FFF729
:1040A00039FE2A4F3B689E424FF0000407D2284B4E
:1040B0001B68002B18BF01242046BDE8F88FDFF8ED
:1040C0008090DFF89880DFF898A0D9F800301B685E
:1040D0001BB94FF0FF333B60E9E7D9F80030DB68EC
:1040E000DD686B689E42F6D305F1040B584603F079
:1040F0008BFDAB6A1BB105F1180003F085FDEA6A80
:10410000D8F800100123934014200B4300FB02A0B9
:104110005946C8F8003003F054FD0E4BEA6A1B689C
:10412000DB6A9A4228BF0124CFE70B4A13680133A8
:1041300013600024C0E700BF606A0020E46A00202A
:10414000EC690020F06900209C6A0020986A002039
:10415000E86A0020E8690020A06A0020686A002060
:10416000F46900202DE9F341FFF7A6F82B4B1A68FC
:10417000013A1A601C6834B10024FFF7A5F8204604
:1041800002B0BDE8F081264B1B68002BF4D0254D12
:10419000254EDFF8A8801FE0EB68DC6804F118000A
:1041A00003F032FD211D0846019103F02DFDE26A66
:1041B00030680199012707FA02F30343142000FB3A
:1041C0000280336003F0FDFC184BE26A1B68DB6A77
:1041D0009A4201D3164B1F602B68002BDCD10CB127
:1041E000FFF798FD134D2C6844B1114E0127FFF7DE
:1041F00041FF00B13760013CF9D12C600C4B1B68CA
:10420000002BB9D00C4B4FF080525A6040BFBFF327
:104210004F8FBFF36F8F0124AFE700BF606A0020AC
:10422000586A0020A46A0020686A0020E86900201B
:10423000E86A0020A06A002000ED00E0F469002098
:1042400008B548B9094B4FF080525A6040BFBFF3E0
:104250004F8FBFF36F8F08BDFFF7F0FE0021FFF710
:10426000C9FDFFF77FFF0028ECD0F4E700ED00E088
:10427000F8B51B4C1B4F1C4D2368EBB91B4B1B683F
:10428000012B08D91A4B4FF080525A6040BFBFF340
:104290004F8FBFF36F8F02F0DFF8FFF71DFD01288E
:1042A000E9D9FFF7CBFEFFF717FD012801D9FFF78A
:1042B00079F8FFF757FFDEE7FEF7FEFFFB68DE68E1
:1042C000301D03F0A1FC2B68013B2B602368013BF0
:1042D0002360FEF7F9FF3046FFF77CFDCCE700BF17
:1042E0005C6A0020D06A0020586A0020F46900202F
:1042F00000ED00E01D4B1A681D4B70B512B1012294
:104300001A6070BD1B4C1A6023681B6B1A68B2F1EF
:10431000A53F0BD15A68B2F1A53F07D19A68B2F117
:10432000A53F03D1DB68B3F1A53F04D02068216825
:10433000343102F079F8104B10491B68B3FA83F35B
:10434000C3F11F03142000FB03F28D1808326E68BE
:1043500076686E600A44964204BF72686A6000FB29
:1043600003135B68DB682360CBE700BF606A002053
:10437000E86A0020E8690020686A0020F4690020EB
:1043800010B5064B0C461968183103F026FC204680
:104390000121BDE81040FFF72DBD00BFE8690020F6
:1043A00038B5084B0D4619681446183103F009FC5E
:1043B000002C21460CBF28464FF0FF30BDE83840A6
:1043C000FFF718BDE8690020C36837B5DC6804F161
:1043D00018010846019103F017FC144B01991B6862
:1043E00003BB211D0846019103F00EFC1048E26A50
:1043F00005680199012393402B4303600D4B142062
:1044000000FB023003F0DDFBFFF784FC0A4BE26A9D
:104410001B68DB6A9A4285BF084B012000201860A8
:1044200003B030BD064803F0CCFBEFE7606A002024
:10443000686A0020F4690020E8690020E86A00202A
:10444000A46A0020034B1B680360034B1B68436096
:10445000704700BF9C6A0020E46A002070B50D46DA
:104460000446FEF729FF0F4B19682B685A1C17D01A
:104470000D48266800686268864208D08A4206D8DD
:1044800000232B600124FEF71FFF204670BD881A11
:104490008342F5D95B1A13442B602046FFF7D2FF05
:1044A0000024F0E7E46A00209C6A0020014B01220E
:1044B0001A607047E86A00200B4B1B687BB90B4AF7
:1044C000106870B90A4B1B6863B90A4B18680A4B2D
:1044D0001B68013B984214BF012002207047002056
:1044E00070471846704700BFA46A0020E86A0020A1
:1044F000A06A0020BC6A0020586A0020014B18689E
:10450000704700BFE8690020054B1B6833B1054BBD
:104510001B68002B0CBF0220002070470120704751
:10452000B86A0020606A0020F7B50446002832D03F
:10453000214AC36A1168C96A8B42164633D282691E
:104540001E4D002AA1BF3268D26AC2F10502826103
:10455000142202FB035342699A421ED1011D0846F0
:10456000019103F051FB164B019930B9E76A1A68C3
:104570000120B84022EA00021A6032681E68D26A3E
:10458000E262012404FA02F030431860142000FBB8
:10459000025003F016FB204603E03368DB6AC36277
:1045A000012003B0F0BD1368806BDC6AA0422CBF11
:1045B00000200120F5E700BFE8690020F469002031
:1045C000686A002037B5044610B9002003B030BD3A
:1045D000C36BC16A826B013B9142C363F5D0002B70
:1045E000F3D1011D0846019103F00EFB0E4A01991B
:1045F00030B9E56A13680120A84023EA000313607C
:10460000A36B1568E362C3F10500A061012404FAFD
:1046100003F028431060054A142000FB032003F038
:10462000D0FA2046D2E700BF686A0020F469002073
:1046300037B50446002834D0836B994238BF1946F9
:10464000C36A8B422DD0C26B012A2AD18269164DD2
:10465000C162002A4FF0140202FB03534269A4BF57
:10466000C1F1050181619A421BD1011D08460191EA
:1046700003F0CAFAE46A0D4A019928B913680120C7
:10468000A04023EA0003136010680123A340034302
:10469000142000FB0450136003B0BDE8304003F069
:1046A00090BA03B030BD00BFF4690020686A0020F2
:1046B000044B1A681AB11968CA6B0132CA631868C8
:1046C000704700BFE86900202DE9F843274DDDF869
:1046D000208004461E4689461746FEF7EDFD2B68EE
:1046E000234493F84430022B1AD02B6803EB840345
:1046F00001211A6C22EA09021A642B68234483F808
:104700004410B8F1000F0BD04046FFF773FB184B75
:104710004FF080525A6040BFBFF34F8FBFF36F8F8F
:10472000FEF7D2FDFEF7C8FD2EB12B6804F1100292
:1047300053F8223033602B68234493F84430022B23
:1047400001BF2B6803EB840301261A6C04BFBA4334
:104750001A642B681C444FF0000318BF002684F82D
:104760004430FEF7B1FD3046BDE8F883E86900202B
:1047700000ED00E02DE9F341089E05460C46904609
:104780001F46FEF799FD26B104F1100355F82330BA
:1047900033602B19022293F8446083F844207B1E77
:1047A000F6B2032B09D8DFE803F00211161A05EB65
:1047B0008404236C43EA08032364012E16D00126E7
:1047C000FEF782FD304602B0BDE8F08105EB8404BF
:1047D000236C0133F0E7103445F82480EDE7022E16
:1047E00029D004F1100145F82180E6E7291D08468B
:1047F000019103F009FA1148EA6A0468019906FA7E
:1048000002F3234303600E4B142000FB023003F03D
:10481000D8F9FFF77FFA0B4BEA6A1B68DB6A9A420A
:10482000CDD9094B4FF080525A6040BFBFF34F8F34
:10483000BFF36F8FC4E70026C2E700BF686A00209D
:10484000F4690020E869002000ED00E0F7B50F4CA6
:10485000FEF732FD25689DB90D4F0E4E384603F028
:10486000A2F9304603F09FF90B4B0C4A1F600C4B2A
:1048700010211E6020200B4B0095FEF7BDFE20602E
:1048800003B0BDE8F040FEF71FBD00BF686D00201B
:10489000F46C0020086D0020EC6A0020F46A00200F
:1048A000F06A0020206D0020914208B5416000614F
:1048B0000AD8D21A83699A420DD2084B011D186892
:1048C00003F08BF9002008BD9A4201D2994202D22E
:1048D000034B011DF3E70120F5E700BFF06A00205C
:1048E000EC6A002010B588B0FFF7B0FF0E4B1868D7
:1048F0000024B8B107AA06A905A8CDE9054403F02C
:10490000EDF9059B0293069B019304230093079AFC
:10491000064907482346FFF7B3FA064B1860001B09
:1049200018BF012008B010BD686D0020CDDA04006A
:104930002D4A04006C6D00202DE9F04180462820AE
:104940000F4615461E4603F055F80446A0B1002355
:1049500080F82430FFF77AFF069BC4F80080C4E992
:1049600006762362201D03F029F92DB194F8243036
:1049700043F0040384F824302046BDE8F0810000B1
:104980007FB50F4C0546206816461A4680B10529AA
:10499000CDE9001602950DDCFFF7B6FD00230228D5
:1049A00008BF089A206818BF1A466946FEF75AFEE3
:1049B00004B070BD00236946FEF716FFF8E700BF9C
:1049C000686D0020F0B5174D85B000272B681A6878
:1049D0002AB9154A11682960136005B0F0BDDB687B
:1049E000DC681E68211D0846039103F00DF9236A57
:1049F0002046984794F82430039913F0040FE5D02B
:104A0000A36933449E4205D228686360246103F0A1
:104A1000E4F8DBE700230097324619462046FFF70B
:104A2000AFFFD3E7EC6A0020F06A00202DE9F04FD9
:104A3000674E87B0B1463368D3F800B0BBF1000FC2
:104A40002AD0DB68D3F800B00024624D624FFFF734
:104A5000F5FAFFF7FBFA2B6898428246A8461DD369
:104A60002860002C44D05D4B1B681C68B4FA84F4A9
:104A7000640938682246ABEB0A01FFF77DF8FFF7BF
:104A800071FB88B9564B4FF080525A6040BFBFF35C
:104A90004F8FBFF36F8F07E00124D6E7FFF792FF38
:104AA000C5F800A0FFF75EFB3868002202A9FEF7F8
:104AB000FDFE0028BFD0029B0498002B3FDB049C26
:104AC0006369002B42D1FFF7C1FAD8F80030984251
:104AD000054601D2FFF776FF029BC8F80050092B6C
:104AE000E2D8DFE803F0373737575E6D3737575E68
:104AF0008345BED8FFF736FBD9F80030DB68DD68A8
:104B0000281D03F081F895F82430580712D5A969BB
:104B10005B46524659442846FFF7C6FE30B1009422
:104B200023465A4621462846FFF72AFF2B6A284685
:104B30009847B9E723F0010385F82430F6E7039B93
:104B400005999847029B002BAEDBB8E7201D03F0C8
:104B50005BF8B8E794F82430A16943F0010384F8C6
:104B60002430039B2A4619442046FFF79DFE002867
:104B70009AD0236A2046984794F82430590793D551
:104B8000A269039900230A44009319462046FFF7BF
:104B9000F7FE89E794F8243023F0010384F82430E9
:104BA00082E794F824300399A16143F0010384F86B
:104BB00024302A462B4629442046FFF775FE73E72A
:104BC00094F824309A07E7D4204602F097FF6BE769
:104BD000EC6A00201C6D0020686D0020F06A002047
:104BE00000ED00E04068704713B50446FEF764FB33
:104BF00094F8240000F001000190FEF765FB019895
:104C000002B010BD13B50446FEF756FBE0690190F3
:104C1000FEF75AFB019802B010BD02F0EBBE02F0A5
:104C2000B2BF02F097BF02F069BF9A4238BF885402
:104C3000704770472DE9F74FDDF83C9019F0030FEE
:104C4000DDE90D4607468B46154628D00C9901EB49
:104C500004081444A24226D119F0020F0AD0A4EB92
:104C60000508C1464E4505EB090226D835444645A0
:104C700028BF2C46204603B0BDE8F08F59462020BF
:104C80000193B847019B08F10108B0450AEB0802FF
:104C9000F4D3321BB44288BF00222A44D6E7A04690
:104CA000A2EB040AF1E702F1010A18F8010D0193E1
:104CB0005946B847019B5246CCE7594620200193FC
:104CC00009F10109B847019BCCE72DE9F04F2DED23
:104CD000028B91B008EE903A9DF878300693924698
:104CE000DDE91C231343DDE9217408EE100A9DF869
:104CF0007C60894620D1600518D430238DF820309F
:104D000024F010040125A10700F19B8004F00102AA
:104D100047B1002A00F09580069B13B914F00C0FE0
:104D200000D0013F2B4608A9302032E0102E01D1DF
:104D300024F010040025E6E7002314F0200FF2B25F
:104D4000CDE9042314BF372357230DF12008002594
:104D50000793DDE90423DDE91C0103F08DFED2B2E7
:104D6000092A8ABF079B3032D218D2B2DDE904BCCF
:104D700008F8012BDDE91C23634508BF5A4505F1FE
:104D80000105C0D3202DBED0CDE91C01E1E7585468
:104D900001331AB19F4201D9202BF8D108A9302242
:104DA00001E0CA5401332098984201D9202BF8D150
:104DB000082E03D19D4238BF24F0100441F21002A6
:104DC000144223D062053FD4002B3DD0209A9A4252
:104DD00001D09F4238D19D4236D25A1E33D0102E78
:104DE00037D1954233D2023BA5063BD41F2B17D8AF
:104DF00010AA1A44782002F8200C01331F2B0FD878
:104E000010AA1A44302002F8200C01331F2B07D8B7
:104E1000069A6AB310AA1A442D2002F8200C013316
:104E2000CDE90013CDE9027418EE903A18EE100A9D
:104E300052464946FFF7FEFE11B0BDEC028BBDE8BD
:104E4000F08F2B46AAE71346102E03D1CCE713466A
:104E5000CAE71346022ED1D11F2BE1D810AA1A445B
:104E60006220C8E71F2BDBD810AA1A445820C2E7DB
:104E7000600703D510AA1A442B20CEE72207CFD50E
:104E800010AA1A442020C8E72DE9F04F2DED028B1F
:104E900085B01F46DB0F03931CBF07F100431F467D
:104EA000164618BF164601903946304603F034FEC8
:104EB000109A444B03EBC20393ED007B0446B0EE23
:104EC000478AF0EE678A0D4603F010FA02460B4659
:104ED0003046394603F080F853EC182B03F034FACF
:104EE0008046894603F018FE82468B4603F0FEF9A1
:104EF00002460B464046494603F06EF8324B00220C
:104F00008046894603F0B0FC0290002845D01AF193
:104F1000010A4BF1000B5046594603F0E7F90246EF
:104F20000B4651EC180B03F08BFC30B1013445F10A
:104F300000054FF0000A4FF0000B109BFBB9204614
:104F4000294603F0D3F902460B463046394603F0B2
:104F500043F81D4B00228046894603F067FC30B1C0
:104F6000194B00224046494603F07EFC38B104F05C
:104F700001020023134302D0013445F10005019BD7
:104F80001A46C3E90045C3E902AB039B13741046FC
:104F900005B0BDEC028BBDE8F08F0B4B0022404604
:104FA000494603F039FC0028C7D05AEA0B0304D065
:104FB000029B0AF001021343BFD01AF1010A4BF120
:104FC000000BBAE7F0DA04000000E03F08B100F09F
:104FD0009DBF704710B1D1E90031184770472DE9E6
:104FE000F04F2DED048B85B09B469DF84830039320
:104FF000139B1B9C08EE103A149B08EE903A159BED
:10500000DDE9176809EE103A169BCDE90001DDE9EC
:10501000197509EE903A9246002E47D007F40163C5
:10502000B3F5006F40F09180012A7BF1000344DB6F
:105030000A2200235046594603F0CEFC134340F0A9
:105040008180504659460A22002303F0C5FC013EE8
:1050500082468B46ECE7504659460A22002303F06D
:10506000BBFC029B303203F8012B504602930A220C
:105070000023594603F0B0FC82468B465AEA0B02E5
:1050800009F101030DD105EB09032E444C463022F2
:10509000202C63D0B34204F1010404D12E221A70F3
:1050A0000BE0994656E003F8012BF1E7F90604D529
:1050B000202C53D02E232B5501342E1916E0DDE978
:1050C00000010A22002303F087FC3032DDE90001F1
:1050D00006F8012B00230A2203F07EFCCDE9000133
:1050E000DDE90023134304F1010438D0202CE6D17C
:1050F00034E02B550134A04514D9202CF9D119EEF8
:10510000903A19EE102A18EE901A18EE100ACDE90E
:105110001487CDE9125405B0BDEC048BBDE8F04F07
:10512000FFF788BD202CEAD0039B1BB12D232B5504
:105130000134E4E77A0701D52B23F8E73B07DED5F6
:105140002023F4E75AEA0B03B7D02B1904F1010925
:1051500002932644B9F1210F7FF47DAF202407F09C
:105160000303012BDED1B8F1000FDBD0039B13B991
:1051700017F00C0F01D008F1FF383023BBE782B0E5
:10518000F8B506A981E80C009DF82050044657ECBC
:10519000106BDDE9060135B110EE102A3B4603F035
:1051A000D3F8012315E0C1F30A52A2F2FF32C7F38C
:1051B0000A53A3F2FF33002AB8BF5242002BB8BFF4
:1051C0005B429A420DDD3B4610EE102A03F0E6F9F1
:1051D0002B46C4E9000123722046BDE8F84002B026
:1051E000704702460B4610EE100A394603F0D6F916
:1051F000D7E70000000000002DE9F04F2DED048BF3
:105200009BB009EE903A299B0B90DB0F09EE101A28
:105210000E924FF000080F9305D0DDE9282101F12F
:105220000043CDE92823DDE928010022002303F013
:10523000F3FA0C90002840F0E180DDE92876C6F30F
:105240000A50A0F2FF3003F015F8CEA3D3E90023F3
:1052500003F07AF8CDA3D3E9002302F0BFFEC6F332
:1052600013060D4646F07F510446BF4B38460022D8
:1052700041F4401102F0B0FEB3A3D3E9002303F0E0
:1052800063F802460B462046294602F0A7FE03F0CB
:105290000BFB044602F0EEFFADA3D3E90023064664
:1052A0000F4603F051F8B14B002202F097FE03F0D5
:1052B000FBFAA9A3D3E9002305463946304603F09B
:1052C00043F8064628460F4602F0D4FFA4A3D3E9CC
:1052D000002303F039F802460B463046394602F007
:1052E0007BFE02460B4606460F4603F02DF832467B
:1052F000804689463B463046394602F06FFE9C4B5D
:1053000082468B4600224046494603F047F9994BB6
:10531000002202F063FE02460B464046494603F077
:105320003DF9954B002202F059FE02460B464046DD
:10533000494603F033F932463B4680468946002011
:105340004FF0804102F048FE02460B464046494677
:1053500002F044FE02460B465046594603F01EF941
:1053600005F2FF35854B002202F038FE0C9A2B0522
:1053700002F0EAFFDDE9282306460F4603F074FA3F
:1053800040B1304639467B4B002203F007F9013C1F
:1053900006460F4604F11103222B94BF4FF001087B
:1053A0004FF0000808D8764B84EAE472A2EBE4726E
:1053B00003EBC203D3E900672C9B190540F1BB81C5
:1053C0002A9B221D03F1FF331ADB2A9A012A38BFD8
:1053D0000122944214DA1B1B012523EAE3732A936A
:1053E0002C9B002C43F480632C930BDAB8F1000F54
:1053F00040F09B814FF000083DB938E00024DBE726
:105400000025EAE70DB984BB25460F9B2BB1DDE9EA
:10541000282101F10043CDE928232A9B009314A8F9
:10542000DDE92823FFF730FD9DF860300F93DDE9BB
:1054300014ABDDE91667002D40F0E380BAF10A0FE6
:105440007BF1000306DB0134002600274FF0010A40
:105450004FF0000B04F16303C72B4FF0000534BF7E
:105460004FF004084FF00508E6E04FF00008CDE9E2
:105470001067DDE928018DF8488032463B46B8F1D7
:10548000000F52D002F060FF03F046FB82468B46CD
:1054900002F02CFF02460B46B8F1000F48D032460E
:1054A0003B4603F07BF802460B46DDE9280102F09B
:1054B00093FD2A9A324B03EBC20393ED008B064611
:1054C0000F46DDE91201B0EE480AF0EE680A8DE8F9
:1054D0000300DDE9102314A8FFF751FE9DF85810D2
:1054E000DDE91423304641B3394602F02DFF2A9BF3
:1054F00006460F46002B4DD11C4B002203F0AAF9A3
:10550000003818BF01201AEB000A184B4FF00002B8
:10551000304639464BF1000B03F07EF910B12AF00A
:10552000010292460026002788E703F037F8ABE730
:105530003046394602F008FFB5E7394603F02EF849
:10554000D5E700BFAFF3008061436F63A787D23F09
:1055500071A379094F930A401655B5BBB16B024050
:10556000EF39FAFE422EE63F0000F83F0000E03F30
:1055700000002C4000002440000018400000F03FD4
:10558000F0DA0400FB799F501344D33FB3C8608B1B
:10559000288AC63F03F0C0FACDE90C0102F0A6FE4E
:1055A00002460B463046394602F016FD664B002295
:1055B0008046894603F04EF9DDE90C67003818BFD4
:1055C00001203618604B4FF000024046494647F133
:1055D000000703F021F910B126F00102164630460B
:1055E000394602F083FE02460B4651EC180B03F0DD
:1055F00027F900283FF422AF1AF1010A4BF1000B02
:1056000090E72C9B13F4006816D0631C12DB504605
:10561000594602F06BFE4D4B04F1010903EBC9033F
:10562000D3E9002303F0F8F8002871D02A9B013B4E
:105630002A934C464FF000082C9B13F0020902D02D
:10564000B8F1000F66D12B9B984563D2A3EB0803FA
:105650002E9A09922D9A08922C9ACDED049ACDE9B2
:1056600006322A9B05930E9B03930B9B01930F9B82
:10567000009332468DED029A3B4650465946FFF75D
:10568000AEFC0646002D3DD12C9B0B9E13F0200F47
:10569000024600F1010519EE903A14BF452065203D
:1056A00019EE101AB047002C22464FEAE47302DCD0
:1056B000624263EB4303052108F1FF300691059038
:1056C0000A210020E40FCDE90310CDE9002319EEF3
:1056D000101A19EE903A0B9802942A46FFF7F5FA41
:1056E0000646B9F1000F0DD00E9BC51A2C460E9B35
:1056F0001A192B9BA3420FD82B990E9B0B44A9423E
:1057000028BF1E4630461BB0BDEC048BBDE8F08FB1
:10571000804691E700239BE719EE903A19EE101AA4
:105720000B9F2020B8470134E1E74FF0010863E602
:105730004FF001089BE6002CBFF665AEB8F1000FF4
:10574000F6D1454656E600BF0000E03FF0DA04001F
:105750002DE9F04F9BB0DDE924AB1F469DF8A43046
:105760000B9304460D4616465B4652465046594634
:10577000DDF8A09003F050F880B9279B0293032333
:105780000193514BCDF80C90009332463B4629468D
:105790002046FFF74FFA1BB0BDE8F08F4FF0FF3205
:1057A0006FF480135046594603F040F838B1279BF8
:1057B000029304230193CDF80C90444BE4E7444B4F
:1057C0004FF0FF325046594603F04EF878B1414A47
:1057D0002799CDF80C9009F00403002B08BF032291
:1057E0003D4B1CBF13460422CDE90121CCE70B9BA6
:1057F0000BBB31A3D3E900235046594603F034F8DC
:1058000038B92FA3D3E900235046594603F00EF8C8
:1058100088B10023069312ABCDE90493279B039331
:10582000269B0293CDE900AB3B46324629462046F3
:10583000FFF7E2FCAFE719F4806F269B08BF062351
:105840002693269ADDF8988012AB203A30202699CC
:10585000B8F1110FA1EB080106D908F1FF38904506
:1058600003F8010BF3D120210B9B3BB112ABCDE927
:105870000493279B0691CDE90283D3E752465B460A
:105880000CA8CDF800800B91FFF7FEFA12ABCDE922
:105890000793279B0B990991CDE905839DF840302B
:1058A0000093CDE90367CDE90145DDE90E23DDE98C
:1058B0000C01FFF794FB6EE70000000065CDCD41C1
:1058C0000000000065CDCDC18FD90400DEDA0400F0
:1058D000FFFFEF7FD9DA0400D5DA04002DE9F04F9D
:1058E0008FB000290893C04B189E904614BF814684
:1058F00099460024089B187858B944452CBF08F1F4
:10590000FF32224643460020C84720460FB0BDE87C
:10591000F08F089B252803F10103089306D0651C2E
:10592000434622460991C8472C46C6E1002506E0B9
:105930002D2B15D0302B0CD145F001050892089A7B
:1059400012F8013B2B2B0ED0F2D8202B0ED0232B9C
:105950000FD0A3F1300009282ED800270A200FE02D
:1059600045F00205EAE745F00405E7E745F00805DC
:10597000E4E745F01005E1E700FB0737303F089208
:10598000089A12F8013BA3F1300CBCF1090FF3D9CE
:10599000089B1B782E2B56D1089A089B5278A2F1AF
:1059A0003000092803F1010345F4806540D8002246
:1059B00009924FF00A0E13E02A2B08D156F8047B07
:1059C0000892002FBCBF45F002057F42E0E70027A8
:1059D000DEE7099B0EFB032BABF130030993034673
:1059E000184610F8012BA2F1300CBCF1090FF0D9C8
:1059F0000893089B13F8012B6C2A2ED026D8682A0E
:105A000034D06A2A3CD0089B13F801CB0893BCF130
:105A1000780F07D8BCF1570F35D8BCF1450F00F00F
:105A2000838079D8651C43462246099160467AE70F
:105A30002A2A07D156F8043B23EAE3730993089B0B
:105A40000233D5E7089300230993D2E7742A01D0E3
:105A50007A2AD8D145F48075D6E7089A52786C2A0C
:105A6000F8D145F44075089B0233CDE7089A527887
:105A7000682A02D045F08005C6E745F0C005F2E788
:105A800045F40075C0E7ACF15803202BCAD801A239
:105A900052F823F04D5B0400255A0400255A0400F7
:105AA000255A0400255A0400255A0400255A0400EA
:105AB000255A0400255A0400255A04004D5B0400B1
:105AC000BF5C04004D5B0400295B0400935C040090
:105AD000295B0400255A04004D5B0400255A04008C
:105AE000255A0400255A0400255A0400255A0400AA
:105AF0004D5B04002F5E0400255A0400255A040063
:105B00003F5D0400255A04004D5B0400255A040043
:105B1000255A04004D5B0400BCF1460F00F0B7802D
:105B2000BCF1470F7FF47EAF0CF0DF03472B04BFBF
:105B30000CF0FD0C45F400650736BCF1450F08BFBD
:105B400045F0200526F007060123A6E0BCF1780FFA
:105B500000F09A81BCF1580F00F09481BCF16F0FF6
:105B600000F09481BCF1620F00F09281BCF1690FEA
:105B700025F010054FF00A0004D0BCF1640F01D0ED
:105B800025F00C056B0548BF25F00105BCF1690F38
:105B900005F4007302D0BCF1640F49D133B307366A
:105BA00026F0070AFAE80223012A73F1000618DA40
:105BB000D2F1000B63EB430CCDE90575099DCDE9EE
:105BC0000305DB0F02935A466346CDE900232246C4
:105BD000434648460991FFF778F856460999044626
:105BE00088E693469C46E7E7334C0400EA0506F155
:105BF000040A10D53668002E32464FEAE67302DCFE
:105C0000524263EB4303CDE90575099DF60FCDE9DB
:105C100003050296D9E715F0400F366804D076B236
:105C20003246F317002EEAE72B0648BF36B2F7E7F5
:105C300063B1099BCDE90575CDE903030736002360
:105C400026F0070A0293FAE80223BEE7EA0506F106
:105C5000040A09D5099A0293CDE90575CDE9030235
:105C60003268CDE90023B2E715F0400F33680AD05F
:105C7000DBB2099ACDE903020022CDE90575CDE931
:105C800000320292A3E72E0648BF9BB2F1E745F02F
:105C90002005073626F007060023CDE90453099BAB
:105CA00003970293F6E802234846CDE900234346D2
:105CB00022460991FFF74CFD044609991AE615F0B2
:105CC000020526D04FF0010A56F8040B0991631C17
:105CD0009B4622464346C0B2C84709996DB3544615
:105CE0005A4620E0099143462020C847099904EB11
:105CF0000A020AF1010ABA45F4D3002F07F1FF3373
:105D000008BF002307F1010A1C4408BF4FF0020A34
:105D1000DAE7AA46EBE7099143462020551CC8471D
:105D2000099901342A46BC42F5D3A7EB0A035A4627
:105D3000574538BF00231A4493465C46DAE533469C
:105D400053F8046B9B467EB906230193514B009395
:105D50002246CDE90275434648460991FEF76AFF9F
:105D6000099904465E46C5E5099B002B08BF4FF024
:105D7000FF333344B2469AF800200AB1534512D19A
:105D800015F48063AAEB060A0B9303D0099B9A458E
:105D900028BF9A4615F002030C931BD1AAEB04030B
:105DA00022460A9309E00AF1010AE4E70D9143460D
:105DB0002020551CC8470D992A460A9B1344BB4214
:105DC000F4D3A7EB0A03574538BF00230AF1010AB1
:105DD0001C449A443546A61B05E009930A914346A4
:105DE0002246C8470A99741915F8010B38B10B9B64
:105DF000002BF3D0099B099A013B002AEDD10C9BA3
:105E0000002BAFD02246AAEB040506E009914346D9
:105E10002020561CC847099932465319BB42F5D376
:105E2000A7EB0A03574538BF00231C449AE73268A2
:105E300045F4805545F001050A236AB9CDE90235DC
:105E400005230193144B00932246434648460436EB
:105E50000991FEF7EFFE2FE7CDE90535099B049385
:105E600010220023CDE9023272680991CDE90023A6
:105E7000484622464346FEF728FF06F10807044637
:105E80003E461AE745F02005102079E6082077E61F
:105E9000022075E6E3DA0400EADA04000FB41FB565
:105EA00006AA02A952F8043B0392009204484FF05C
:105EB000FF32FFF713FD05B05DF804EB04B0704747
:105EC000CD4F04000EB40FB505AA014652F8043BAD
:105ED0000392009204484FF0FF32FFF7FFFC04B03A
:105EE0005DF804EB03B070472B4C04001FB5CDE9FF
:105EF0000201009302A9134603484FF0FF32FFF757
:105F0000EDFC05B05DF804FBD54F04000A2810B580
:105F1000044603D104480D21FBF7A2F921460248AB
:105F2000BDE81040FBF79CB9F063002008B5E0F72E
:105F300011FD054CE0F7CEFDFDF756F9002CF9D028
:105F4000AFF30080F6E700BF000000001FB500F0CF
:105F500019FBE0F7B3F9FCF78FFF114B0293114BDC
:105F600001930123104900934FF4007200230F485E
:105F70000F4CFDF785FF0F4B1860236943F00403B6
:105F80002361FEF721F8BFF34F8FE2680A4B02F45A
:105F9000E0621343E360BFF34F8F00BFFDE700BF34
:105FA00074750020706D002080DB04002D5F0400FC
:105FB00000ED00E0707500200400FA0501F01ABD44
:105FC00001F018BD01F09ABD01F098BD0A490B4AD5
:105FD0000B4B9B1A03DD043BC858D050FBDC09482F
:105FE0004FF40061084A026004300439FBD100F02C
:105FF0005DF9E0F729F9000040DF040000340020DB
:10600000B836002000F80320E5B1E4B1FEE7FEE772
:10601000FEE7FEE7FEE7FEE7FEE7FEE7FEE7FEE758
:1060200000F024B800F042B800F052B84FF08053AE
:1060300018695B69023B584370474FF080531869F9
:106040007047000070B5084C0023934200D170BD2A
:1060500051F82350D4F80064F607FBD540F82350DC
:10606000BFF35F8F0133F0E700E001404FF0805352
:106070001A69B0FBF2F302FB130373B9084B022257
:10608000C3F80425C3F80805D3F80024D207FBD5CC
:1060900000220448C3F8042570470348704700BF36
:1060A00000E001400000AD0B0A00AD0B074B0122E0
:1060B000C3F80425D3F80024D207FBD50160BFF351
:1060C0005F8F0022C3F80425704700BF00E0014045
:1060D00010B5054C0123C4F80435FFF7B3FF0023C6
:1060E000C4F8043510BD00BF00E0014000F180435A
:1060F00082B01A68002A14BF0120002004D00022B8
:106100001A601B680193019B02B070470F4B1A780D
:10611000D2B902784FF08041C2F34002C1F8802525
:10612000027802F00102C1F87825094A1168C9070E
:1061300006D4E02182F800130121C2F88011116019
:10614000012204481A70704703487047AC8D002044
:1061500000E100E00000AD0B0C00AD0B4FF0804300
:106160004FF46072C3F80423704700004FF080437F
:106170004FF46072C3F80823014B00221A60704785
:10618000C475002008B5FFF7F1FF03680BB1014AA1
:10619000136008BDC47500204FF0804310B5D3F8DC
:1061A0000443620707D54FF48470FFF79FFF10B1D7
:1061B0001E4B1B689847A30608D54FF48A70FFF75B
:1061C00095FF18B11A4B00201B689847600608D548
:1061D0004FF48C70FFF78AFF18B1154B01201B6834
:1061E0009847210608D54FF48E70FFF77FFF18B14E
:1061F000104B00201B689847E20508D54FF49070BB
:10620000FFF774FF18B10B4B01201B689847A305DB
:106210000AD54FF49270FFF769FF28B1054BBDE82E
:1062200010401B680220184710BD00BFBC7500203D
:10623000C0750020C475002008B5FFF7ADFFBDE8AC
:10624000084001F01BBE00000A4B1B685A1C05BF2A
:10625000094B0A4A0A4A10680ABF1B781068C0F343
:106260000310082B04D103288CBF002001207047A5
:106270000020704730010010E00F00F0E80F00F040
:1062800034010010064B1B68082B06D1054B1B6818
:10629000032B02D8044AD05C70470020704700BF2F
:1062A000300100103401001084DB040008B5FFF752
:1062B000CBFF40B14FF080430022C3F80C21C3F85C
:1062C0001021C3F83825FFF7BFFF002846D04FF054
:1062D0008052414BD2F80414C3F82015D2F80814A8
:1062E000C3F82415D2F80C14C3F82815D2F81014EA
:1062F000C3F82C15D2F81414C3F83015D2F81814BA
:10630000C3F83415D2F81C14C3F84015D2F8201481
:10631000C3F84415D2F82414C3F84815D2F8281449
:10632000C3F84C15D2F82C14C3F85015D2F8301419
:10633000C3F85415D2F83414C3F86015D2F83814E1
:10634000C3F86415D2F83C14C3F86815D2F84014A9
:10635000C3F86C15D2F84424C3F87025FFF792FFF8
:1063600010B11E4B1E4A1A60FFF78CFF18B11D4B6F
:10637000FB22C3F81825FFF785FF48B11A491B4BCC
:106380000A681B6822F00F0203F00F0313430B602F
:10639000FFF778FF18B1164B4FF400721A60FFF741
:1063A00053FF48B14FF08043D3F80024D20744BFD5
:1063B0006FF00102C3F800240E4AD2F8883043F48B
:1063C0007003C2F88830BFF34F8FBFF36F8F0A4B53
:1063D0000A4A1A6008BD00BF00C000408C56004049
:1063E0004881030000F00040E40E00405802001015
:1063F0004096024000ED00E0143600200090D003EB
:10640000BFF34F8F0549064BCA6802F4E06213439D
:10641000CB60BFF34F8F00BFFDE700BF00ED00E092
:106420000400FA05704700000A4608B5024903480F
:10643000FAF764FDFFF7E4FF88DB0400F063002057
:1064400008B503490348FAF74FFDFFF7D9FF00BF2E
:10645000A2DB0400F0630020034B044AC3F80026CB
:106460000020FBF70BB800BF000001403546526E1C
:10647000024A0349034801F05DBD00BF003400201B
:1064800025640400C8750020BFF34F8F0549064BF3
:10649000CA6802F4E0621343CB60BFF34F8F00BFC2
:1064A000FDE700BF00ED00E00400FA0530B5134B36
:1064B000134D5A68134985B00446C2F308022846B2
:1064C000FAF71CFD104922462846FAF717FD236902
:1064D0000293E3680193A3680C4900932846D4E92A
:1064E0000023FAF70BFDE369094900932846D4E934
:1064F0000523FAF703FDFFF7C7FF00BF00ED00E03B
:10650000F0630020B0DB0400CDDB0400E5DB040019
:106510002ADC040007B50B460092044902460448F1
:10652000FAF7ECFCFCF760FEFFF7AEFF52DC04006C
:10653000F063002008B503490348FAF7D5FCFFF7DC
:10654000A3FF00BF84DC0400F06300201EF0040FF2
:106550000CBFEFF30880EFF30980FFF7A7BF00003F
:10656000BFF34F8F0549064BCA6802F4E06213433C
:10657000CB60BFF34F8F00BFFDE700BF00ED00E031
:106580000400FA0510B54FF08044124BD4F80024F3
:106590001A60D4F80024D4F800340F481343C4F828
:1065A000003401F0A7FB01F0B7FB002001F0CCFBA9
:1065B000D4F81834DB03FBD5002001F049FC074870
:1065C00000234021C2180133302B82F80013F9D187
:1065D00010BD00BFCC750020AD66040000E100E0F6
:1065E00008B54FF080434E22C3F81C25FFF7B8FFD3
:1065F00037B5194CFCF760FE2378FF2B05D1174BFC
:10660000174A18489B21FFF785FFDBB94FF08042FE
:10661000D2F80C3403F00103CDF80730D2F80C2483
:10662000D00300D563B9012001F08EFB4FF0804309
:10663000D3F80C24D3F80C14C903F9D5D207F7D535
:10664000012500E00025237801332370FCF73CFE90
:10665000284603B030BD00BFD0750020A1DC040087
:106660003EDD0400BDDC040010B5FCF725FE0B4A3E
:1066700013782BB90A4B0B4A0B48AF21FFF74AFF9F
:10668000013BDBB213703BB9012001F081FB012417
:10669000FCF71AFE204610BD0024F9E7D075002053
:1066A00024DD040054DD0400BDDC0400022808B52C
:1066B00002D003280CD008BDFFF79AFF01F08EFB33
:1066C000054B9842F7D0BDE80840102001F0C0BB50
:1066D000FFF7CAFFF7E700BF0000AD0B37B5034671
:1066E000212B4FF00000ADF8060006D8504A52F8B2
:1066F0002330052B78D8012B6DD803B030BD05228F
:106700004C4B1968082940F38B800A2940F38B8091
:106710000D29B5BF0C240E24022303234648C0F8DC
:10672000F0350123C0F8003500200546030103F1D0
:10673000804303F5E04301300828C3F81455C3F83B
:106740001055F3D13D4B18683D4B1B6800021B03ED
:1067500003F4805300F4E0601843374BC3F8180586
:10676000C3F81425C3F810250DF10602C3F82C2632
:106770000122C3F830261A60D3F80021002AFBD08A
:106780000022C3F8002101225A602B4B1A46D3F88D
:1067900004010028FBD00020C3F804010120986008
:1067A000D2F81431002BFBD00023C2F81431BDF80D
:1067B00006201204204A48BFADF80630C2F8003562
:1067C000BDF80600A14200B297D035BF611A091B7F
:1067D000C840884091E7033B022B1FD8DFE803F055
:1067E0000214160002228BE71C3B032B85D8032BD7
:1067F0001CD801A252F823F0FF66040019680400B7
:106800001168040015680400032279E7042277E781
:10681000072275E7082273E7062271E701226FE776
:10682000082400237AE70A24012377E7002064E79D
:106830006896040018360020007000401C360020C6
:10684000D4750020212814D81B4B53F8203003297D
:106850000FD8DFE801F002250F1A1F2B86BF03F0C7
:106860001F03164A4FF0A04203F5E073002142F8DF
:10687000231070471F2B86BF03F01F030F4A4FF0F2
:10688000A04203F5E0730C21F1E71F2B86BF03F054
:106890001F030A4A4FF0A04203F5E0730421E6E724
:1068A0001F2B86BF03F01F03044A4FF0A04203F5DD
:1068B000E0730321DBE700BF68960400000300508B
:1068C00021281BD80E4B012253F8203059B91F2B19
:1068D00086BF0C4903F01F034FF0A04102FA03F3F7
:1068E000C1F80C3570471F2B86BF064903F01F0304
:1068F0004FF0A04102FA03F3C1F80835704700BF1A
:106900006896040000030050212817D80C4B53F858
:1069100020301F2B86BF03F01F030A4A4FF0A0420E
:1069200003F5E07152F82110C90754BFD2F81005E1
:10693000D2F80405D84000F00100704700207047ED
:106940006896040000030050F0B5224B89B003AAFA
:10695000044603F11007154618685968164603C621
:106960000833BB423246F7D11B8833800FCD264611
:106970000FC6194A2B681068516833806B4603C3F1
:106980006B4603CB137A84F82030144BC4F81831CB
:106990004FF48073A4F81C3104F118050123A061A1
:1069A000E16184F81E3165611422002104F59670BE
:1069B00002F0E2FA40F20943C4F82031084BC4F86F
:1069C0002431084BC4F828312046042384F8403190
:1069D00009B0F0BD87DD040099DD04000900000165
:1069E0006ADD040074DD0400F8B50E464569B0F8B0
:1069F0001811B0F81A3132680D445B1A176890F814
:106A00001C1104469BB22A463046B84708B90020FC
:106A1000F8BD726829188D4233D26B78042B1BD1D4
:106A2000EE78A6B994F81C31013384F81C3172B1A8
:106A300094F84031072B0AD803F1480744F827207F
:106A40002B7294F84031013384F8403132462B7870
:106A5000002BDCD01D44DEE7052BF8D195F9023080
:106A6000002BB5BF94F81D3194F81E315E1C5E1CDE
:106A7000B4BF84F81D6184F81E61AE783343AB70F7
:106A8000E5E7B4F818311844636980B2A4F8180136
:106A9000588094F81C211A710120B9E701814281C4
:106AA0007047012070470000F8B5A1B303293FD01B
:106AB00090F840218A4240F286804831434E50F897
:106AC0002170002001467B5C7C18002B79D003F1FB
:106AD0004002D2B2012A4DD9F42B4BD81A062BD43E
:106AE0000122A3F55844B4F5006F43D3B3F5803FBA
:106AF00011445FD31E2864DCA3F5803306EB400409
:106B00009A0AC3F30903A2F52052A3F51053628039
:106B10000230A380D7E72D4BD0F820215A800120E6
:106B2000431C2A4A5B0043F4407313801046F8BDAF
:106B30002749FCF7BBF9F3E703F0E002C02A1BD1B9
:106B400003F01F03022204F1010C14441CF8015B42
:106B500005F0C00EBEF1800F0CD105F03F05644575
:106B600045EA8313F2D1022A16D1A3F18004B4F5C9
:106B7000F06FB6D30131A6E703F0F002E02A03D1AB
:106B800003F00F030322DEE703F0F802F02AF1D14D
:106B900003F007030422D6E7032A04D1A3F5006417
:106BA000B4F5784FE5E7A3F58032B2F5801FE1D266
:106BB000042296E7202804D006EB400201305380DF
:106BC00081E7C0B2ACE70020B1E700BF1C7700202E
:106BD0001E77002000487047D8750020014B586987
:106BE000704700BFD87500200A4601460148FFF7EC
:106BF0005BBF00BFD87500200020704700207047A1
:106C000070474FF0FF3070474FF0FF3070477047CC
:106C10000020704770474FF0FF3070470148FFF782
:106C200093BE00BFD875002002488C22002102F0DC
:106C3000A3B900BF607700200020FFF7F5BF000078
:106C40002DE9F7430D4680466B79032B114604D09E
:106C50000024204603B0BDE8F0832A79C2EBC204C9
:106C60001234A4B28C4205D9214B1B68DA07EFD548
:106C700000BEEDE71F4E96F801E03746BEF1000F6B
:106C8000F2D195F800C005EB0C01C6F8881091F818
:106C90000190B9F1210FE7D115F80CC006F1010EF2
:106CA0000236CDF804E000966144FAF7F5FF0028BB
:106CB000DAD0AB79B978012B04BFEB79FB700023F4
:106CC0003B71AB783B70D7F88830B3F80730FB8066
:106CD0000029BED0084A40234046FBF787F8002829
:106CE000B7D1034B1B68DB07B3D500BEB1E700BFCC
:106CF000F0ED00E060770020A87700200B78F7B572
:106D000003F01F04012C06460D4601D000201BE0B5
:106D1000434F8A8897F800C0D2B294453A465CD077
:106D2000404B1B68DB07F1D500BEEFE76B78062B05
:106D3000ECD16B881B0A212B08D1D7F88820002AB8
:106D4000E4D01378FBF7D2FB03B0F0BD222BDDD1EA
:106D5000FFF752FFFB88024629463046FBF7C6FB89
:106D600022E06888EB88304A010AC0B2FFF746FF8C
:106D700028B92C4B1B68DA07C8D500BEE4E72A4ABD
:106D80000346E9E7EB88402BC0D8284AE4E7688847
:106D9000274B000A50711BB1AFF300800028B5D01B
:106DA00029463046FBF78AFB0120CDE7214A012323
:106DB000D2E71379C3F101038DF807300DF1070213
:106DC0000123C9E768881C4B013818BF01201071E6
:106DD000002BE5D0AFF30080E2E713F06003A5D00D
:106DE000202B93D16B78013B0A2B8FD801A151F84E
:106DF00023F000BF636D0400AD6D0400B36D0400AB
:106E00000D6D04000D6D04000D6D04000D6D04008A
:106E10000D6D0400856D04008F6D0400C56D0400C8
:106E200060770020F0ED00E068770020A877002070
:106E300000000000657700200000000008B50F4A40
:106E40008B881078DBB2984207D00D4B186810F091
:106E5000010001D000BE002008BD0B7803F06003E4
:106E6000202B09D14B78092B06D14888CB88483292
:106E7000010AC0B2FFF7C4FE0120EDE760770020F1
:106E8000F0ED00E038B50E4CA2788A42054601D0FC
:106E9000002038BD002108469BB204F14802FFF7EC
:106EA000AFFEA178402304F148022846FAF79EFF7E
:106EB0000028EED1034B1B68DB07E9D500BEE8E7ED
:106EC00060770020F0ED00E0438C9BB270B5054682
:106ED0000BB9002070BD41780020FAF723FF00288D
:106EE000F7D005F502763146402205F11800FAF791
:106EF000D4FC6978044658B1034632460020FAF7BC
:106F000075FF38B9044B1B68DB07E2D500BEE1E72B
:106F1000FAF740FF2046DDE7F0ED00E037B5134C0F
:106F200001254FF412720021204602F025F82B466D
:106F300004F12C0100958022201DFAF798FC2B46C5
:106F4000802204F1AC01009504F11800FAF78FFCDF
:106F500004F596712846FCF709FC04F5BA716061E6
:106F60002846FCF703FCA06203B030BDB08D0020C2
:106F700010B5064C2046002340F8043BFAF742FDCA
:106F800004F11800BDE81040FAF73CBDB08D0020B8
:106F90002DE9F0474B79012B0746924603D0002498
:106FA0002046BDE8F0878B79012BF8D1CB79002BF7
:106FB000F5D10E7834460E447378242B06D154450F
:106FC000EDD833781C44A4B21E44F5E7042BE6D177
:106FD0007379012BE3D1B379032BE0D1F379002B43
:106FE000DDD1234A92F80190917859EA010990463F
:106FF0003BD1B378137035782C44A4B2354433793F
:107000004B4501D954450ED91A4A98F8021040232D
:107010003846FAF7EBFE0028C2D1174B1B68DB0796
:10702000BED500BEBCE76B78052B19D12946384682
:10703000FAF775FE28B9104B1B68DA07AFD500BE0A
:10704000ADE7AB78DA0914BF88F8013088F8023070
:107050002B7809F101091C44A4B21D445FFA89F997
:107060002B781C44A4B21D44C9E71B70FFDE00BF8F
:10707000B08D0020788F0020F0ED00E001207047F7
:1070800000207047F7B5234D1C46AB788B4206466F
:107090002F461BD06B788B4235D12846FFF714FF63
:1070A00038BB6B8C9BB223BB1CB314F03F0320D1C5
:1070B000697801933046FAF735FE019B0446C0B16A
:1070C00069781A463046FAF791FE13E0A2B205F548
:1070D000E471281DFAF753FC0F4B13B10020AFF3F6
:1070E00000800E4AB97840233046FAF77FFE044606
:1070F00018B10124204603B0F0BD094B1B68DA0724
:1071000006D500BEF6E7064B1B68DB0700D500BEC0
:107110000024EFE7B08D002000000000788F0020F1
:10712000F0ED00E073B5274CE28A52BA92B2054600
:107130002AB9254B1B68DB0739D500BE37E0A368A9
:10714000B3FBF2F291B20029F3D0A06BD4F8111086
:107150001B1AB3F5007F28BF4FF4007392B209BA2F
:10716000B0FBF2F6009302FB1602184B607B314431
:10717000FFF747FD031E94F82E1012DAA368A26BE6
:107180009B1AA362012384F82C3042F20503A387E3
:107190002846002384F83E3002B0BDE87040FAF77C
:1071A00061BE06D100931A462846FAF75FFD02B089
:1071B00070BD064A9BB22846FAF718FE0028F6D1A1
:1071C000B7E700BFEC790020F0ED00E0EC7700209D
:1071D00038B5174B174C0546A3B1607BAFF3008061
:1071E00080B9A368A362012384F82C3042F20773AC
:1071F00084F83E0094F82F10A3872846BDE8384055
:10720000FAF730BEA26BA36894F82F109B1AB3F55F
:10721000007F28BF4FF40073074A9BB22846FAF755
:10722000E5FD20B9054B1B68DB0700D500BE38BD66
:1072300000000000EC790020EC770020F0ED00E089
:1072400002484022002101F097BE00BFEC790020E7
:1072500002484022002101F08FBE00BFEC790020DF
:1072600073B54B79082B054602D0002002B070BDE3
:107270008B79062BF9D1CB79502BF6D1162A05D86C
:10728000154B1B68D907F0D500BEEEE7134C8B7881
:1072900084F82D3004F12E030E78019304F12F03AE
:1072A000009302231A463144FAF7F6FC28B90A4B38
:1072B0001B68DA07D9D500BED8E794F82F101F2332
:1072C00022462846FAF792FD20B9034B1B68DB07DC
:1072D00000D500BE1720C9E7F0ED00E0EC790020F2
:1072E0000B7803F06003202B37B505460C4621D1FF
:1072F0004B78FE2B06D0FF2B1CD1FBF7DFF80120CB
:1073000003B030BD01238DF807300B4B1BB1AFF339
:1073100000808DF807009DF807000028F0D0431E7C
:107320008DF807300DF10702012321462846FBF7AF
:10733000DDF8E4E70020E3E70000000001207047EB
:10734000F0B50B78252B8DB00546144608D8192BBF
:1073500009D8032B00F0C180122B00F083800BB3FF
:107360004FF0FF302FE01A3B0B2BF9D801A252F857
:1073700023F000BFAB740400CB73040061730400FE
:10738000617304006173040061730400617304009D
:1073900061730400617304001F74040061730400CE
:1073A000E3730400FFF734FC60B9634B93F83C309F
:1073B000002BD5D1604B40F202429A87002283F81D
:1073C0003E20CDE700200DB0F0BD5C4B002BF9D086
:1073D0000979C1F3400301F001020909AFF300800C
:1073E000E2E70DF1060202A9FFF714FC029B13B1BC
:1073F000BDF8062042B9504B93F83C20002AAFD18B
:1074000040F202419987DAE7013B1BBA12BA0393B3
:10741000049203AB03CB206061600820D3E7002314
:107420000DF1060202A9CDE903330593FFF7F2FB44
:10743000029A002ADFD0BDF80630002BDBD012BA4A
:1074400004925BBA08210222ADF816308DF80F10B5
:107450008DF8142003AB03CB20601868A060616036
:107460000C20B0E7364B0022CDE903324FF0203636
:107470001022202107A80BAFCDE9056601F07CFDA5
:1074800028463B4607AA05A90B96FFF7C0FB03ADAC
:107490002A4603CABA4220606160154604F1080416
:1074A000F6D11068206024208DE7039B03F40003CD
:1074B00043F003030393234B6BB1AFF300809DF8BC
:1074C0000E3080F0010060F3C7138DF80E30039B7F
:1074D0002360042077E70120F1E71222002103A8AE
:1074E00001F04AFD144BF02293F83C508DF80C202B
:1074F0004FF0000265F3030293F83D0093F83E104D
:107500008DF80E200A228DF813208DF818008DF8C2
:10751000191003AA07AE154603CDB542206061607D
:107520002A4604F10804F6D12A88228000229A878C
:1075300083F83E20122046E7EC790020000000008E
:107540000080020200000000F0B59446A34A92F8C1
:107550003070012F85B005461E46144600F0958018
:10756000032F00F0FE8047BB92F82F308B4201D0F2
:1075700001200DE0BCF1000F05D11F2E03D11268D0
:10758000974B9A4208D0974B1B68D90702D400202A
:1075900005B0F0BD00BEFAE7934B23626368E27B5F
:1075A000C4E9093C012384F83030A368282AC4E9DF
:1075B0000D3C12D12846FFF7B5FD94F83030022B70
:1075C000D6D194F82E102846FAF73CFF002800F098
:1075D000D780002300931A46BDE02A2A03D128460B
:1075E000FFF7F6FDE9E75BB194F90C20002A07DB11
:1075F0007E4A9BB22846FAF7F9FB0028DDD12FE03E
:107600004FF40073794A7A49607BFFF799FE031EB5
:107610001EDA94F83C309BB100236363012384F8A5
:107620002C30022384F8303094F83C30F3B1A36856
:10763000002BC2D094F82E102846FAF713FCBCE7B2
:10764000A38E6A4A6A49607BFFF7E5FA031EE3DB13
:107650000020636384F82C009BB1A26893420BD98D
:10766000604B1B68DB0792D500BE91E742F2050232
:10767000A28784F83E30DAE75C4A94F82E109BB279
:10768000B8E7022384F8303097E792F90C30002BEA
:1076900017DBD37B507B2A2B26D0938E534A04F1E1
:1076A0000F01FFF7B8FA00284FF00003BFBF42F206
:1076B000050284F82C70A28784F83E30A8BF84F8B5
:1076C0002C30A36B1E44636BA6639E42D9D2E37B2E
:1076D000282B3FF46FAF2A2B81D0424B1B68DA076F
:1076E0007FF56BAF00BE68E7D38AD4F81110D4F8E9
:1076F00038E05BBA9AB209BAA368B3FBF2F39AB264
:107700000096BEFBF2FC394B02FB1CE26144FFF722
:107710007BFA0028354B0FDAA368A26B84F82C7033
:107720009B1AA362022384F8303042F20503A38738
:10773000002384F83E3040E78642C2DD321A40B171
:10774000A16B03920144A1631918184601F0FAFBDA
:10775000039A0023009394F82F102846FAF786FA2C
:1077600006E792F82E308B427FF427AF0D2E7FF480
:1077700024AF002382F8303092F82F101F233AE70D
:1077800094F82F102846FAF75DFE00287FF421AF09
:10779000E37B282B08D02A2B19D0164B4BB1144968
:1077A000607BAFF3008004E0134B13B1607BAFF359
:1077B0000080032384F83030104A94F82E100D23F3
:1077C0002846FAF713FB00287FF4D2AE48E70C4BAB
:1077D000002BEED0607BAFF30080EAE7EC7900206D
:1077E00055534243F0ED00E055534253EC770020EF
:1077F000FB79002000000000000000000C7A00204F
:107800000000000010B5044681780020FAF71CFB48
:1078100068B9E28923899B1A9BB23F2B07D9A178CB
:1078200004F59E724023BDE81040FAF7DFBA10BDA0
:1078300070B5044641780020FAF706FB054608B10A
:10784000002070BD04F5BE764022314604F11800D8
:10785000FAF723F8034608B90120F2E761783246C7
:107860002846FAF7C3FA0028F6D1034B1B68DB075A
:10787000E6D500BEE5E700BFF0ED00E037B5134CFC
:1078800000254FF4DE720021204601F075FB04F163
:107890002C01009501234022201DF9F7E8FF012368
:1078A000402204F16C01009504F11800F9F7DFFFA4
:1078B00004F1AC010120FBF759FF04F1F401606110
:1078C0000120FBF753FFA06203B030BD2C7A0020EB
:1078D00010B5064C2046002340F8043BFAF792F816
:1078E00004F11800BDE81040FAF78CB82C7A00209B
:1078F000F7B54B79FF2B07460E4603D000242046F0
:1079000003B0F0BD0C79C4EBC4040934A4B29442B2
:10791000F4D8134D6A78AB781343EFD16B1C097818
:107920000193AB1C009302231A463144FAF7B4F9D1
:1079300080B1B3782B70A978402305F59E72384644
:10794000FAF754FA0028DAD1064B1B68DB07D6D5C4
:1079500000BED4E7034B1B68DA07CFD500BECDE7E6
:107960002C7A0020F0ED00E008B50E4882788A42BB
:1079700004D043788B4211D0002008BD9AB200F5A4
:107980009E710430F9F7FBFF074B13B10020AFF3F2
:1079900000800448FFF736FF0120EEE7FFF748FFBD
:1079A000FAE700BF2C7A00200000000010B50F4B52
:1079B0001A461B688342FBD354681119884201BFE1
:1079C0004168104609195160446801198B4207D17A
:1079D000074909688B421FBF59681B680919416034
:1079E0009042036018BF106010BD00BF007C0020F3
:1079F000E87B00202DE9F0410446FCF71FFB3749E6
:107A0000374D0B68F3B9374B374A384ED21AA3F1CA
:107A10000807580718BF07333A4418BF23F0070375
:107A200022F00702002033607060C2E90000D01A23
:107A3000C3E900202E4B0A6018602E4B18604FF0EF
:107A400000432B60D5F8008018EA040F07D0FCF73C
:107A500089FBFEF7F5FC00263046BDE8F081631E89
:107A60000A33F4D8620704F1080305D023F00702B3
:107A700008329A42EBD913461E4F3D689D42E6D329
:107A80001A4A14686068984201D226681EBB0968C9
:107A9000A142DCD0216816681160C21A102A06F1D2
:107AA000080604D9E01842606360FFF77FFF104AC0
:107AB00063681168ED1A8D4238BF156048EA030308
:107AC0000D4A63600023236013683D600133136037
:107AD000FCF748FBC0E722463446D3E7E87B0020AA
:107AE000EC7B00200090002000F80320007C0020A8
:107AF000F47B0020F07B0020F87B002010B50446CA
:107B000000B3114A50F8043C126813421AD050F8DE
:107B1000081CB9B923EA020340F8043CFCF78EFACA
:107B20000A4A54F8043C1168A4F108000B4413609D
:107B3000FFF73CFF064A1368BDE8104001331360AD
:107B4000FCF710BB10BD00BFEC7B0020F07B0020D9
:107B5000FC7B002070B506460C4621B9FFF7CEFF2E
:107B60002546284670BD0846FFF744FF0546002815
:107B7000F7D0002EF5D02246314601F0D5F9304637
:107B8000FFF7BCFFEDE713B501FB00F210460192D1
:107B9000FFF730FF044618B1019A002101F0ECF91B
:107BA000204602B010BD00F108034FF0FF32C0E9DB
:107BB00002234360036100230360704700230361D5
:107BC000704743684B609A688A609A685160996010
:107BD0000368086101330360704730B50C68631CAB
:107BE0000AD103695A684A6091608B6059600368E2
:107BF00008610133036030BD00F10802134652688A
:107C00001568A542FAD9EDE7D0E9011203698A6047
:107C100051605968814208BF5A60002202611A68A7
:107C2000013A1A60186870470548006880F30888B0
:107C300062B661B6BFF34F8FBFF36F8F00DF00BF37
:107C400000600200064B19680868B0E8F04F80F346
:107C50000988BFF36F8F4FF0000080F311887047E1
:107C6000E8690020EFF30980BFF36F8F144B1A68A7
:107C70001EF0100F08BF20ED108A20E9F04F1060B1
:107C80004DF8043D4FF0400080F31188BFF34F8F53
:107C9000BFF36F8FFCF72EFB4FF0000080F31188CD
:107CA00008BC19680868B0E8F04F1EF0100F08BF54
:107CB000B0EC108A80F30988BFF36F8F704700BF64
:107CC000E8690020034B0360034B0B6078231360CB
:107CD000704700BFE8810020087C0020034B036050
:107CE000034B0B604FF480731360704730820020A9
:107CF000E87D0020054B1A792AB99A710122186093
:107D00009A80034870470348704700BF788200207C
:107D10000000AD0B0C00AD0B094B1A68D20706D45E
:107D2000E02283F800230122C3F880211A604FF07B
:107D300080430022C3F81825024B01221A707047B5
:107D400000E100E0F88F002082B018B101280ED0C9
:107D500002B070470C4B18601B680093009B4FF0FB
:107D600080430222C3F8042301229A60F0E7074B04
:107D700000221A601B680193019B4FF08043C3F8F7
:107D800004031860E4E700BF040100400001004064
:107D900010B101280AD070470D4B01221A604FF034
:107DA0008042D2F81834DB03FBD47047094B4FF004
:107DB00080421860D2F80C34D2F80C14C90303F0D6
:107DC000010301D5002BF5D1034B00225A717047F6
:107DD0000C00004004000040788200204FF08043F7
:107DE00082B0D3F80C2402F00102CDF80320D3F8BE
:107DF0000C14C9031CD5DAB1D3F81824D20317D553
:107E00000D4A917901F0FF00A1B90C490860096899
:107E1000019101990A480821C3F8041301239371C1
:107E2000084A02211160A2F62442136002B0704792
:107E30000548FBE70548F9E7788200200C0100407F
:107E40000000AD0B340C00400500AD0B0B00AD0B7A
:107E50004FF08043084A00F07F000021C3F8380546
:107E600082B0116012680192019A1022C3F80423B3
:107E700001225A6102B07047100100401FB5274B24
:107E80001A687AB100221A601B680093009B4FF0B9
:107E900080430122C3F80823214B587910B95A7145
:107EA0001B6898471F4B1A686AB100221A601B684A
:107EB0000193019B4FF080430222C3F80823184B23
:107EC00001201B689847184B1A686AB100221A6093
:107ED0001B680293029B4FF080431022C3F80823D3
:107EE0000F4B02201B689847104A13689BB110493A
:107EF00000230B60136012680392039A4FF08042D4
:107F00000821C2F80813064A93711368032005B0CC
:107F10005DF804EB184705B05DF804FB0001004074
:107F20007882002004010040100100400C01004054
:107F3000340C00400B460146184600F08FBF08B5D0
:107F400000F084FF08B500F081FF08B500F07EFF67
:107F500008B500F07BFF0AB100F0E6BF70470000F3
:107F600008B50B68B3F1804F02D30D48FFF7EDFF62
:107F700093420BD9B3EB420F4FEA420006D2B0F165
:107F8000804F2ABF6FF0404308600B6008680130E3
:107F900001D5FFF7D4FFBDE80840FEF70FB800BFDA
:107FA000A2DD040050F8083B834202D01846FEF7D9
:107FB00009B87047012A10B502D10A78027010BDC5
:107FC000FFF7C9FFFBE708B5521AFFF7F3FF08BD3B
:107FD00081F0004102E000BF83F0004330B54FEA7A
:107FE00041044FEA430594EA050F08BF90EA020FE7
:107FF0001FBF54EA000C55EA020C7FEA645C7FEA7A
:10800000655C00F0E2804FEA5454D4EB5555B8BF9C
:108010006D420CDD2C4480EA020281EA030382EA0D
:10802000000083EA010180EA020281EA0303362D9F
:1080300088BF30BD11F0004F4FEA01314FF4801C72
:108040004CEA113102D0404261EB410113F0004F84
:108050004FEA03334CEA133302D0524263EB43033B
:1080600094EA050F00F0A780A4F10104D5F1200ED9
:108070000DDB02FA0EFC22FA05F2801841F1000134
:1080800003FA0EF2801843FA05F359410EE0A5F108
:1080900020050EF1200E012A03FA0EFC28BF4CF039
:1080A000020C43FA05F3C01851EBE37101F00045EF
:1080B00007D54FF0000EDCF1000C7EEB00006EEBFC
:1080C0000101B1F5801F1BD3B1F5001F0CD3490886
:1080D0005FEA30004FEA3C0C04F101044FEA4452DD
:1080E00012F5800F80F09A80BCF1004F08BF5FEA64
:1080F000500C50F1000041EB045141EA050130BD44
:108100005FEA4C0C404141EB0101013C28BFB1F555
:10811000801FE9D291F0000F04BF01460020B1FAA0
:1081200081F308BF2033A3F10B03B3F120020CDA73
:108130000C3208DD02F1140CC2F10C0201FA0CF051
:1081400021FA02F10CE002F11402D8BFC2F1200CB6
:1081500001FA02F120FA0CFCDCBF41EA0C0190406C
:10816000E41AA2BF01EB0451294330BD6FEA0404B5
:108170001F3C1CDA0C340EDC04F11404C4F12002A0
:1081800020FA04F001FA02F340EA030021FA04F3B2
:1081900045EA030130BDC4F10C04C4F1200220FA09
:1081A00002F001FA04F340EA0300294630BD21FA47
:1081B00004F0294630BD94F0000F83F4801306BF0D
:1081C00081F480110134013D4EE77FEA645C18BF01
:1081D0007FEA655C29D094EA050F08BF90EA020F98
:1081E00005D054EA000C04BF1946104630BD91EA90
:1081F000030F1EBF0021002030BD5FEA545C05D193
:108200004000494128BF41F0004130BD14F58004D1
:108210003CBF01F5801130BD01F0004545F0FE4145
:1082200041F470014FF0000030BD7FEA645C1ABF7A
:10823000194610467FEA655C1CBF0B46024650EAB1
:10824000013406BF52EA033591EA030F41F40021DD
:1082500030BD00BF90F0000F04BF0021704730B563
:108260004FF4806404F132044FF000054FF0000138
:1082700050E700BF90F0000F04BF0021704730B5F9
:108280004FF4806404F1320410F0004548BF4042CE
:108290004FF000013EE700BF42004FEAE2014FEA23
:1082A00031014FEA02701FBF12F07F4393F07F4FFE
:1082B00081F06051704732F07F4208BF704793F001
:1082C0007F4F04BF41F40021704730B54FF4607414
:1082D00001F0004521F000411CE700BF50EA010217
:1082E00008BF704730B54FF000050AE050EA0102C0
:1082F00008BF704730B511F0004502D5404261EB30
:1083000041014FF4806404F132045FEA915C3FF470
:10831000D8AE4FF003025FEADC0C18BF03325FEA0D
:10832000DC0C18BF033202EBDC02C2F1200300FABE
:1083300003FC20FA02F001FA03FE40EA0E0021FAE3
:1083400002F11444BDE600BF70B54FF0FF0C4CF4D1
:10835000E06C1CEA11541DBF1CEA135594EA0C0F83
:1083600095EA0C0F00F0DEF82C4481EA030621EABE
:108370004C5123EA4C5350EA013518BF52EA0335F9
:1083800041F4801143F4801338D0A0FB02CE4FF0AB
:108390000005E1FB02E506F00042E0FB03E54FF0DB
:1083A0000006E1FB03569CF0000F18BF4EF0010ED3
:1083B000A4F1FF04B6F5007F64F5407404D25FEACF
:1083C0004E0E6D4146EB060642EAC62141EA555182
:1083D0004FEAC52040EA5E504FEACE2EB4F1FD0CC4
:1083E00088BFBCF5E06F1ED8BEF1004F08BF5FEA42
:1083F000500E50F1000041EB045170BD06F00046F4
:1084000046EA010140EA020081EA0301B4EB5C04A0
:10841000C2BFD4EB0C0541EA045170BD41F4801198
:108420004FF0000E013C00F3AB8014F1360FDEBFBD
:10843000002001F0004170BDC4F10004203C35DA99
:108440000C341BDC04F11404C4F1200500FA05F31C
:1084500020FA04F001FA05F240EA020001F00042BD
:1084600021F0004110EBD37021FA04F642EB060133
:108470005EEA430E08BF20EAD37070BDC4F10C045D
:10848000C4F1200500FA04F320FA05F001FA04F221
:1084900040EA020001F0004110EBD37041F100010D
:1084A0005EEA430E08BF20EAD37070BDC4F1200518
:1084B00000FA05F24EEA020E20FA04F301FA05F280
:1084C00043EA020321FA04F001F0004121FA04F228
:1084D00020EA020000EBD3705EEA430E08BF20EAF8
:1084E000D37070BD94F0000F0FD101F00046400032
:1084F00041EB010111F4801F08BF013CF7D041EAB4
:10850000060195F0000F18BF704703F000465200B7
:1085100043EB030313F4801F08BF013DF7D043EA88
:108520000603704794EA0C0F0CEA135518BF95EA3E
:108530000C0F0CD050EA410618BF52EA4306D1D1C5
:1085400081EA030101F000414FF0000070BD50EAE4
:10855000410606BF1046194652EA430619D094EA6E
:108560000C0F02D150EA013613D195EA0C0F05D158
:1085700052EA03361CBF104619460AD181EA0301AC
:1085800001F0004141F0FE4141F470014FF0000064
:1085900070BD41F0FE4141F4780170BD70B54FF0FF
:1085A000FF0C4CF4E06C1CEA11541DBF1CEA13557F
:1085B00094EA0C0F95EA0C0F00F0A7F8A4EB050461
:1085C00081EA030E52EA03354FEA013100F0888058
:1085D0004FEA03334FF0805545EA131343EA126321
:1085E0004FEA022245EA111545EA10654FEA0026D6
:1085F0000EF000419D4208BF964244F1FD0404F58F
:10860000407402D25B084FEA3202B61A65EB0305EA
:108610005B084FEA32024FF480104FF4002CB6EBA7
:10862000020E75EB030E22BFB61A754640EA0C0027
:108630005B084FEA3202B6EB020E75EB030E22BF67
:10864000B61A754640EA5C005B084FEA3202B6EBA8
:10865000020E75EB030E22BFB61A754640EA9C0067
:108660005B084FEA3202B6EB020E75EB030E22BF37
:10867000B61A754640EADC0055EA060E18D04FEAF5
:10868000051545EA16754FEA06164FEAC30343EA95
:1086900052734FEAC2025FEA1C1CC0D111F4801F62
:1086A0000BD141EA00014FF000004FF0004CB6E75B
:1086B00011F4801F04BF01430020B4F1FD0C88BFFA
:1086C000BCF5E06F3FF6AFAEB5EB030C04BFB6EB05
:1086D000020C5FEA500C50F1000041EB045170BDF8
:1086E0000EF0004E4EEA113114EB5C04C2BFD4EB25
:1086F0000C0541EA045170BD41F480114FF0000EA9
:10870000013C90E645EA060E8DE60CEA135594EA24
:108710000C0F08BF95EA0C0F3FF43BAF94EA0C0F27
:108720000AD150EA01347FF434AF95EA0C0F7FF49C
:1087300025AF104619462CE795EA0C0F06D152EAF0
:1087400003353FF4FDAE1046194622E750EA4106D4
:1087500018BF52EA43067FF4C5AE50EA41047FF4E5
:108760000DAF52EA43057FF4EBAE12E74FF0FF3C4A
:1087700006E000BF4FF0010C02E000BF4FF0010C1B
:108780004DF804CD4FEA410C7FEA6C5C4FEA430C94
:1087900018BF7FEA6C5C1BD001B050EA410C0CBFE3
:1087A00052EA430C91EA030F02BF90EA020F002045
:1087B000704710F1000F91EA030F58BF994208BFAC
:1087C00090422CBFD8176FEAE37040F00100704769
:1087D0004FEA410C7FEA6C5C02D150EA013C07D1C0
:1087E0004FEA430C7FEA6C5CD6D152EA033CD3D00B
:1087F0005DF8040B704700BF8446104662468C4605
:108800001946634600E000BF01B5FFF7B7FF002837
:1088100048BF10F1000F01BD4DF808EDFFF7F4FF60
:108820000CBF012000205DF808FB00BF4DF808EDEB
:10883000FFF7EAFF34BF012000205DF808FB00BF0E
:108840004DF808EDFFF7E0FF94BF012000205DF830
:1088500008FB00BF4DF808EDFFF7CEFF94BF0120E5
:1088600000205DF808FB00BF4DF808EDFFF7C4FFDE
:1088700034BF012000205DF808FB00BF4FEA410C27
:108880007FEA6C5C02D150EA013C0AD14FEA430C0A
:108890007FEA6C5C02D152EA033C02D14FF0000047
:1088A00070474FF0010070474FEA410212F5001285
:1088B00015D211D56FF47873B3EB625212D94FEA27
:1088C000C12343F0004343EA505311F0004F23FA11
:1088D00002F018BF404270474FF00000704750EA66
:1088E000013005D111F0004008BF6FF00040704723
:1088F0004FF00000704700BF4A0011D212F500127D
:1089000011D20DD56FF47873B3EB62520ED44FEAE7
:10891000C12343F0004343EA505323FA02F0704767
:108920004FF00000704750EA013002D14FF0FF30A5
:1089300070474FF0000070474FEA4102B2F1E04348
:1089400024BFB3F5001CDCF1FE5C0DD901F0004C36
:108950004FEAC0024CEA5070B2F1004F40EB830086
:1089600008BF20F00100704711F0804F21D113F1B2
:108970003872BCBF01F00040704741F480114FEAEB
:108980005252C2F11802C2F1200C10FA0CF320FA74
:1089900002F018BF40F001004FEAC1234FEAD32391
:1089A00003FA0CFC40EA0C0023FA02F34FEA4303FB
:1089B000CCE77FEA625307D150EA01331EBF4FF084
:1089C000FE4040F44000704701F0004040F0FE409F
:1089D00040F40000704700BF7BB972B90029BEBFE8
:1089E00000204FF0004106E008BF00281CBF6FF0D8
:1089F00000414FF0FF3000F027BAADF1080C6DE9EF
:108A000004CE002909DB002B1ADB00F0BBF8DDF8EF
:108A100004E0DDE9022304B07047404261EB41010C
:108A2000002B1BDB00F0AEF8DDF804E0DDE90223EB
:108A300004B0404261EB4101524263EB4303704793
:108A4000524263EB430300F09DF8DDF804E0DDE9FA
:108A5000022304B0404261EB41017047524263EB94
:108A6000430300F08FF8DDF804E0DDE9022304B0F1
:108A7000524263EB4303704753B94AB9002908BF18
:108A800000281CBF4FF0FF314FF0FF3000F0DCB981
:108A9000ADF1080C6DE904CE00F074F8DDF804E0E7
:108AA000DDE9022304B07047430803F05533C01AD0
:108AB000830803F0333300F03330184400EB101018
:108AC00000F00F3000EB002000EB0040000E70477C
:108AD00042084B0802F0553203F05533801AC91A88
:108AE00082088B0802F0333201F0333100F033306A
:108AF00003F0333310440B4400EB101003EB13135B
:108B000000F00F3203F00F30104400EB002000EBB8
:108B10000040000E704700BF38B500220023044615
:108B20000D46FFF783FE28B920462946BDE83840A8
:108B300000F00AB8204605F1004100F005F8404277
:108B400061EB410138BD00BFD0B50C4B0022064699
:108B50000F46FFF7F9FBFFF7CFFE0446FFF77AFB5E
:108B6000074B0022FFF7F0FB02460B463046394622
:108B7000FFF732FAFFF7C0FE2146D0BD0000F03DFE
:108B80000000F0412DE9F047089D04468C46002B7B
:108B900040F083808A42174647D9B2FA82F242B146
:108BA000C2F1200024FA00F09140974040EA010C05
:108BB00094404FEA1748230CBCFBF8F61FFA87FED7
:108BC00008FB16C143EA014306FB0EF1994209D99D
:108BD000FB1806F1FF3080F01981994240F21681AE
:108BE000023E3B445B1AA4B2B3FBF8F008FB10331F
:108BF00044EA034400FB0EFEA64509D93C1900F1E6
:108C0000FF3380F00581A64540F2028102383C44E2
:108C100040EA0640A4EB0E0400261DB1D440002318
:108C2000C5E900433146BDE8F08702B9FFDEB2FA7C
:108C300082F2002A50D1CB1B4FEA174E1FFA87F859
:108C40000126B3FBFEFC210C0EFB1C3341EA034161
:108C500008FB0CF38B4207D979180CF1FF3002D2D4
:108C60008B4200F2E9808446C91AA3B2B1FBFEF040
:108C70000EFB101143EA014408FB00F8A04507D998
:108C80003C1900F1FF3302D2A04500F2D98018460A
:108C9000A4EB080440EA0C40BFE78B4209D9002D41
:108CA00000F0B1800026C5E9000130463146BDE83C
:108CB000F087B3FA83F6002E4AD18B4202D3824268
:108CC00000F2B880841A61EB030101208C46002D6C
:108CD000A8D0C5E9004CA5E7C2F1200320FA03F6AD
:108CE000974001FA02F04FEA174ED9403043030C87
:108CF000B1FBFEF61FFA87F80EFB161143EA01439B
:108D000006FB08F1994204FA02F409D9FB1806F1AE
:108D1000FF3C80F08D80994240F28A80023E3B44C5
:108D20005B1A81B2B3FBFEF00EFB103341EA034144
:108D300000FB08F38B4207D9791800F1FF3C73D28E
:108D40008B4271D902383944CB1A40EA064678E79B
:108D5000C6F1200C03FA06F422FA0CF31C4320FAA5
:108D60000CF701FA06F34FEA144E21FA0CF11F43F7
:108D70003B0CB1FBFEF91FFA84F80EFB191143EA14
:108D8000014109FB08FA8A4502FA06F200FA06F3E5
:108D900008D9611809F1FF3048D28A4546D9A9F1AE
:108DA00002092144A1EB0A01BFB2B1FBFEF00EFBA8
:108DB000101147EA014700FB08F8B84507D9E71941
:108DC00000F1FF312ED2B8452CD90238274440EAB1
:108DD0000940A7EB0807A0FB02894F45C646494654
:108DE0001AD317D05DB1B3EB0E0267EB010707FA98
:108DF0000CFCF2404CEA0202F740C5E900270026CD
:108E00003146BDE8F0872E4628460BE70646E9E6E0
:108E10001846FDE64345E5D2B8EB020E69EB0401C6
:108E20000138DFE70846D2E760468DE78146B9E7BB
:108E3000664675E730464AE7ACF1020C394413E761
:108E400002383C4424E700BF704700BF08B5062045
:108E500000F090FA012000F0F9FB000010B5054C7D
:108E600013462CB10A4601460220AFF3008010BD24
:108E70002046FCE70000000008B5074B044613B18C
:108E80000021AFF30080054B1868836A03B198474F
:108E9000204600F0DBFB00BF00000000BCDD04004A
:108EA00070B50D4D0D4C641BA4100026A64209D1CF
:108EB0000B4D0C4C00F0CCFB641BA4100026A6420A
:108EC00005D170BD55F8043B98470136EEE755F8DB
:108ED000043B98470136F2E78436002084360020B0
:108EE00084360020B436002010B50C4600F0D6F9C8
:108EF000A088638803EB004010BD0000024B0146D0
:108F00001868FFF7F1BF00BF2036002030B50139E7
:108F10000024A24201D1002005E0035D01340D5D73
:108F2000AB42F6D0581B30BD0A44914200F1FF33EA
:108F300000D1704710B511F8014B03F8014F914271
:108F4000F9D110BD884210B501EB020402D9844268
:108F5000234607D8431EA14208D011F8012B03F87D
:108F6000012FF8E7024401468A4200D110BD13F8F0
:108F7000014D02F8014DF7E702440346934200D148
:108F8000704703F8011BF9E7022B10B50AD09208CD
:108F9000013A03680C6840F8044B002A41F8043B8E
:108FA000F6DC10BD02440C78037800F8014B01F8A0
:108FB000013B131A002BF6DCF3E7F8B50F46144615
:108FC00006461D4698470028214638460CDAA84731
:108FD000002802DA3C462046F8BD21463046A84724
:108FE0000028F8DB3446F6E7A8470028F2DC2146E3
:108FF0003046A8470028EEDAF4E72DE9F04F9A460C
:1090000040EA02039B0797B0064614461AD1B2F114
:10901000040818BF4FF0010800230293331904FB22
:1090200001F70193062906EB070303932AD8019B56
:10903000039A934210D3029B002B40F01F8117B07C
:10904000BDE8F08F4FF00208E6E743462246394676
:109050002846FFF799FF0EE0019D0DE02F1B2946E2
:109060003846D047002809DDB8F1000FEDD12B6854
:109070003A682A603B603D46AE42EFD3019B2344F1
:109080000193D4E74FEA51093F1B072904FB096903
:10909000374422D0282945D9C90804FB01F5534695
:1090A00006EB450271193046FFF787FF494609EB89
:1090B000050253468346481BFFF77FFF3A46814629
:1090C0005346791BA7EB4500FFF777FF0246494659
:1090D00053465846FFF771FF8146B8F1000F24D17F
:1090E0003368D9F800203260C9F8003006EB040B71
:1090F000B9465D460023BB4535D8314658460493F2
:10910000D0470028049B3EDC0AD1B8F1000F13D1F0
:109110002B68DBF800202A60CBF8003025440123BF
:10912000A344E8E73A46B346D1E7434622464946D8
:109130003046FFF729FFD9E74346224659462846DD
:10914000FFF722FFEAE70BD1B8F1000F14D13B681B
:10915000D9F800203A60C9F80030A9EB04090123CE
:10916000049FBB450FD9002B43D1019B039A934227
:10917000BFF461AF019D36E043462246494638467A
:10918000FFF702FFE9E7314638460593D0473B1B1E
:1091900000280493059BD6DAB8F1000F06D04346A9
:1091A000224639465846FFF7EFFE05E0DBF800306F
:1091B0003A68CBF800203B60049FB0E74346224664
:1091C00039462846FFF7E0FE0CE02F1B29463846BB
:1091D000D047002809DDB8F1000FEFD12B683A68BD
:1091E0002A603B603D46AE42EFD3019B234401938E
:1091F000BBE7ABEB0503AA1B9A42A8BF1A46019333
:109200002AB14346ABEB02013046FFF7BDFE039B9C
:10921000A3EB0902A9EB0707121BBA4228BF3A4683
:109220002AB103994346891A5846FFF7ADFEDDF887
:109230000490039B4F45A3EB070004D93346B9467E
:10924000019F06461846A74221D9B7FBF4F1029BBD
:10925000072B0DD8B9FBF4F716AA02EBC30343F8AA
:10926000406C43F83C7C029B013302930646D5E6F2
:1092700053462246FFF7C1FEA1450BD8029B16AA12
:10928000013B029302EBC30353E91001EEE7A14552
:109290007FF6D1AEB9FBF4F13046E7E7F8B5836B62
:1092A00005460C46B3B91820FBF7B7FC0246A86385
:1092B00020B9174B17488B21FDF72CF91649174B8E
:1092C000C0E90013164B83600B238381002101202A
:1092D000C2E90401A86B2688B0F808C0C788658871
:1092E000A288818906FB0CF307FB053305FB0CF50F
:1092F00007FB0255428906FB071103EB114306FBEE
:10930000025202EB134221806380A280F8BD00BFAD
:10931000C0DD0400D7DD04000E33CDAB34126DE6A2
:10932000ECDE05001F2938B504460D4604D9162386
:1093300003604FF0FF3038BD426C12B152F821305B
:109340004BB9204600F030F82A4601462046BDE8D9
:10935000384000F017B8012B0AD0591C03D116234E
:1093600003600120E7E7002442F82540284698479B
:109370000020E0E7024B01461868FFF7D3BF00BFAB
:109380002036002038B5074D002304460846114614
:109390002B6000F053F9431C02D12B6803B123600A
:1093A00038BD00BFFC8F002000F040B9C9B20346B1
:1093B00010F8012B1AB18A42F9D1184670470029DA
:1093C00018BF0023F9E7034613F8012B002AFBD14D
:1093D000181A0138704700002DE9F04F85B091460A
:1093E000494A039088461E460D462B4615F8014B08
:1093F000A75C17F00807F8D12D2C4AD12C7801274B
:109400009D1C002E7CD0102E09D1302C07D12B783A
:1094100003F0DF03582B6ED16C78102602354FEA2B
:10942000E67B32465B464FF0FF304FF0FF31FFF7EF
:1094300023FBCDE9000132465B464FF0FF304FF091
:10944000FF31FFF719FBB2469646002300200021AA
:10945000A4F1300CBCF1090F20D86446A6422EDDE1
:10946000002B29DBDDE900238B4208BF824223D396
:1094700001D1A64520DB0AFB01F300FB0B33AAFB5D
:1094800000011944001941EBE471012315F8014B67
:10949000DEE72B2C04BF2C789D1CB2E7A4F1410C15
:1094A000BCF1190F01D8373CD8E7A4F1610CBCF12D
:1094B000190F04D8573CD1E74FF0FF33E6E7002BF4
:1094C0000CDA039A222313604FF0FF304FF0FF3184
:1094D000B9F1000F0AD105B0BDE8F08F17B14042D5
:1094E00061EB4101B9F1000FF5D00BB105F1FF3887
:1094F000C9F80080EFE73024002E90D108268EE7CF
:10950000302C84D00A268AE733DE040013460A464C
:10951000014602480068FFF75FBF00BF2036002009
:109520002DE9F0433B4E86468C4660461CF8014BC5
:10953000A55D15F00805F8D12D2C34D19CF800401C
:109540004FF0010800F1020C002B5ED0102B0CD163
:10955000302C0AD19CF8000000F0DF0058284FD1D1
:109560009CF8014010230CF1020C4FF0FF3700254E
:10957000B7FBF3F703FB07F96FEA09092846A4F1E3
:109580003006092E18D83446A34224DD002D1FDBF7
:1095900087421DD301D1A1451ADB00FB0340012501
:1095A0001CF8014BEBE72B2C08BF9CF80040A846A9
:1095B00008BF00F1020CC7E7A4F14106192E01D83B
:1095C000373CE1E7A4F16106192E04D8573CDBE7EC
:1095D0004FF0FF35E4E7002D07DA2223CEF8003004
:1095E0004FF0FF3042B9BDE8F083B8F1000F00D072
:1095F0004042002AF7D00DB10CF1FF311160F2E7C3
:109600003024002BB1D10823AFE7302CA2D00A239D
:10961000ABE700BF33DE040013460A4601460248AA
:109620000068FFF77DBF00BF20360020024B5822A4
:109630001A604FF0FF307047FC8F0020024B582219
:109640001A604FF0FF307047FC8F0020FEE700BF2C
:10965000F8B500BFF8BC08BC9E467047F8B500BF1F
:10966000F8BC08BC9E4670470000000001000000E6
:1096700002000000030000000400000005000000DC
:1096800006000000070000000800000009000000BC
:109690000A0000000B0000000C0000000D0000009C
:1096A0000E0000000F00000010000000110000007C
:1096B000120000001300000014000000150000005C
:1096C000160000001700000018000000190000003C
:1096D0001A0000001B0000001C0000001D0000001C
:1096E0001E0000001F0000002000000021000000FC
:1096F00022000000230000002400000025000000DC
:1097000026000000270000002800000029000000BB
:109710002A0000002B0000002C0000002D0000009B
:109720002E0000002F00000056616C766520482D49
:1097300062726964676520636F6E74726F6C206912
:109740006E697469616C697A6564202D20536C655B
:1097500065702073746174652028302B3029004FA8
:1097600050454E00434C4F534500496E76616C693D
:10977000642076616C7665206E756D6265723A2044
:109780000053657474696E672056616C76652000BD
:1097900020746F3A2000206F7065726174696F6E7B
:1097A00020636F6D706C65746500496E76616C69DD
:1097B000642076616C7665206E756D6265722066D8
:1097C0006F7220746F67676C653A20004641494CA0
:1097D0004544004752535643310031383046003239
:1097E0004131390031383141003241364500324192
:1097F00036460031323334353637382D3132333452
:109800002D313233342D313233342D31323334353E
:109810003637383941424300313233343536373800
:109820002D313233342D313233342D313233342D26
:1098300031323334353637383941424400313233EE
:1098400034353637382D313233342D313233342DEF
:10985000313233342D3132333435363738394142B1
:10986000450031323334353637382D313233342DEB
:10987000313233342D313233342D313233343536C5
:109880003738394142460031323334353637382D96
:10989000313233342D313233342D313233342D31B2
:1098A000323334353637383941433000313830417E
:1098B0000032413030003241323600312E302E300D
:1098C00000424C4520646576696365206163746974
:1098D00076652C206164766572746973696E6720A1
:1098E000737461727465643A200057616974696EBB
:1098F0006720666F7220636F6E6E656374696F6E4A
:10990000732E2E2E00436F6E6E6563746564004483
:109910006973636F6E6E656374656400426174742D
:109920006572793A200020562028002529005465C8
:109930006D703A200048756D3A2000466C6F7720B4
:1099400070756C7365733A20005553423A2000429B
:109950004C4520436F6E6E656374656420636C696B
:10996000656E74733A2000457865637574696E6737
:109970002064656C617965642061647665727469E0
:1099800073696E6720726573746172742E2E2E0077
:109990004164766572746973696E67207265737469
:1099A00061727420726573756C743A20004E6F207A
:1099B0006164766572746973696E67206465746545
:1099C00063746564202D2072657374617274696EAE
:1099D0006720696D6D6564696174656C792E2E2EE2
:1099E000000000000000000000000000F76202001C
:1099F000F96202006B7602006D7602006F7602005B
:109A0000717602008976020079760200797602008A
:109A1000797602007B760200000000000000000062
:109A2000F56202000563020011710200117102006B
:109A3000137102001571020062617369635F7374D0
:109A400072696E673A3A5F4D5F636F6E73747275D9
:109A50006374206E756C6C206E6F742076616C6917
:109A60006400000000000000000000000000000092
:109A700000000000356504003565040000000000AA
:109A8000000000004171020081710200FB700200C1
:109A9000237102000000000000000000F9700200C5
:109AA000177102001171020011710200137102009E
:109AB000157102000000000000000000DB720200CF
:109AC000DD720200D9720200D972020000000000AB
:109AD0000000000001730200157302002F730200E2
:109AE000000000000000000031760200377602001E
:109AF00033760200337602003576020076656374B1
:109B00006F723A3A5F4D5F7265616C6C6F635F694B
:109B10006E73657274000000000000000000000019
:109B2000697602007D7602006B7602006D76020097
:109B30006F76020071760200897602007976020063
:109B400079760200797602007B760200FB349B5F17
:109B500080000080001000000000000028287569C7
:109B60006E7433325F742964707472202620332936
:109B7000203D3D2030002E70696F5C6C6962646529
:109B800070735C70726F5F6D6963726F5F6E726627
:109B900035323834305C4E696D424C452D4172642B
:109BA00075696E6F5C7372635C6E696D626C655C27
:109BB0006E696D626C655C647269766572735C6E09
:109BC000726635785C7372635C626C655F7068792D
:109BD0002E63006368616E203C20424C455F504814
:109BE000595F4E554D5F4348414E530028284E5211
:109BF000465F524144494F5F547970652A292030AD
:109C0000783430303031303030554C292D3E455687
:109C1000454E54535F454E44207C7C202828675F86
:109C2000626C655F7068795F646174612E706879D9
:109C30005F7374617465203D3D20283129292026F9
:109C4000262021675F626C655F7068795F6461746C
:109C5000612E7068795F72785F7374617274656485
:109C600029004E52465F524144494F2D3E455645CC
:109C70004E54535F52535349454E4420213D2030AA
:109C8000007472616E736974696F6E203D3D20428D
:109C90004C455F5048595F5452414E534954494FC7
:109CA0004E5F4E4F4E4500626C655F7068795F7223
:109CB000787064755F636F707900626C655F70685F
:109CC000795F74785F656E645F69737200626C655A
:109CD0005F7068795F72785F656E645F6973720048
:109CE000626C655F7068795F69737200626C655F52
:109CF0007068795F7365746368616E000406080AB2
:109D00000C0E10121416181C1E20222426282A2C91
:109D10002E30323436383A3C3E40424446484A4C73
:109D20004E021A50110602111606021B0504030505
:109D30000304030975756964313620213D20300024
:109D40002E70696F5C6C6962646570735C70726FB1
:109D50005F6D6963726F5F6E726635323834305C86
:109D60004E696D424C452D41726475696E6F5C732E
:109D700072635C6E696D626C655C6E696D626C6568
:109D80005C686F73745C73657276696365735C6736
:109D900061705C7372635C626C655F7376635F674E
:109DA00061702E63007263203D3D203000626C655F
:109DB0005F7376635F6761705F6465766963655F33
:109DC0006E616D655F77726974655F61636365730A
:109DD0007300626C655F7376635F6761705F61706B
:109DE00070656172616E63655F77726974655F61EA
:109DF000636365737300626C655F7376635F67614D
:109E0000705F61636365737300626C655F73766333
:109E10005F6761705F696E69740000000100000097
:109E200020340020000000002C340020000000003E
:109E3000000000000000000000000000637478745F
:109E40002D3E6F70203D3D20424C455F47415454AC
:109E50005F4143434553535F4F505F524541445F19
:109E6000434852002E70696F5C6C69626465707360
:109E70005C70726F5F6D6963726F5F6E72663532B0
:109E80003834305C4E696D424C452D4172647569C1
:109E90006E6F5C7372635C6E696D626C655C6E693B
:109EA0006D626C655C686F73745C73657276696310
:109EB00065735C676174745C7372635C626C655F2C
:109EC0007376635F676174742E6300637478742DB6
:109ED0003E636872203D3D2026626C655F73766349
:109EE0005F676174745F646566735B305D2E636881
:109EF000617261637465726973746963735B305D09
:109F000000626C655F7376635F676174745F616341
:109F10006365737300626C655F7376635F6761741A
:109F2000745F696E6974000001000000A0340020B5
:109F300000000000B034002000000000000000001D
:109F40000000000000000000010000001595020064
:109F5000020000007FA1020003000000C79502007C
:109F6000040000006DA202000500000063960200DC
:109F70000600000089A302000700000055970200B8
:109F80000800000075A5020009000000F997020012
:109F90000A00000011A702000B000000AD980200AB
:109FA0000C0000008FA702000D000000ED980200D9
:109FB0000E00000011A802000F000000FB98020034
:109FC00010000000C1A90200110000005F9902000A
:109FD00012000000C9AB020013000000F399020058
:109FE00016000000D9AD0200170000005D9A0200C3
:109FF000180000004DAF020019000000CD9A0200C9
:10A000001B00000095B002001D000000E1B002003E
:10A010001E0000005B9B020020000000C3A802009D
:10A02000210000000F99020023000000DDB00200B3
:10A03000520000005BAC0200D20000008DAC0200B8
:10A040002E70696F5C6C6962646570735C70726FAE
:10A050005F6D6963726F5F6E726635323834305C83
:10A060004E696D424C452D41726475696E6F5C732B
:10A0700072635C6E696D626C655C6E696D626C6565
:10A080005C686F73745C7372635C626C655F61744F
:10A09000745F636D642E6300626C655F6174745FEE
:10A0A00074785F776974685F636F6E6E00626C6569
:10A0B0005F6174745F7376725F656E7472795F70DE
:10A0C0006F6F6C00626C655F6174745F7376725F52
:10A0D000707265705F656E7472795F706F6F6C001F
:10A0E0002E70696F5C6C6962646570735C70726F0E
:10A0F0005F6D6963726F5F6E726635323834305CE3
:10A100004E696D424C452D41726475696E6F5C738A
:10A1100072635C6E696D626C655C6E696D626C65C4
:10A120005C686F73745C7372635C626C655F6761BB
:10A13000702E6300626C655F6761705F757064614B
:10A14000746500626C655F6761705F72785F636FF2
:10A150006E6E5F636F6D706C657465002A6F6D0065
:10A160002E70696F5C6C6962646570735C70726F8D
:10A170005F6D6963726F5F6E726635323834305C62
:10A180004E696D424C452D41726475696E6F5C730A
:10A1900072635C6E696D626C655C6E696D626C6544
:10A1A0005C686F73745C7372635C626C655F67613B
:10A1B0007474632E630069203D3D2070726F632DBF
:10A1C0003E726561645F6D756C742E6E756D5F684F
:10A1D000616E646C657300636964203D3D20424C90
:10A1E000455F4C324341505F4349445F4154540002
:10A1F000626C655F67617474635F70726F635F70D8
:10A200006F6F6C0010000328100002281000002857
:10A21000626C655F67617474635F726561645F6DD2
:10A22000756C745F63625F76617200626C655F6714
:10A23000617474635F72785F6D747500EDCA0200BB
:10A2400023CB020063CB0200A1CB0200E3CB0200D0
:10A2500021CC020063CC0200A1CC0200FBCC0200A6
:10A2600031CD0200FBCF020001D0020071CE02000E
:10A2700051D00200A5D60200B7D2020000000000B3
:10A2800061D602003DD60200B9D5020095D5020084
:10A2900071D5020061D9020000000000000000003A
:10A2A00057D702000000000000000000000000007E
:10A2B000DFD40200BDD40200000000000D00000049
:10A2C00067CD02000E000000B5CD02000D000000B9
:10A2D00001D502000E000000C9D6020007000000F0
:10A2E000A7CC0200090000007BD702000300000099
:10A2F000DDD50200030000002FD80200040000009A
:10A3000003D8020005000000D7D7020008000000B3
:10A310006FD40200030000004DD3020004000000CF
:10A32000E5D2020005000000C5D3020008000000CD
:10A3300075D20200E3CA020019CB020059CB020019
:10A3400097CB0200D9CB020017CC020059CC0200F7
:10A3500097CC0200F1CC020027CD0200F1CF020021
:10A360009DCF020069CE02005FCD0200ADCD02009C
:10A370002DCE0200626C655F67617474735F636CFD
:10A38000745F6366675F706F6F6C00001000032876
:10A390002E70696F5C6C6962646570735C70726F5B
:10A3A0005F6D6963726F5F6E726635323834305C30
:10A3B0004E696D424C452D41726475696E6F5C73D8
:10A3C00072635C6E696D626C655C6E696D626C6512
:10A3D0005C686F73745C7372635C626C655F6873F6
:10A3E0002E6300626C655F68735F6863695F6576A2
:10A3F0005F706F6F6C00626C655F68735F74696D2E
:10A4000065725F65787000626C655F68735F657622
:10A41000656E745F73746172745F737461676532C3
:10A4200000626C655F68735F737461727400626C64
:10A43000655F68735F696E6974002E70696F5C6C2C
:10A440006962646570735C70726F5F6D6963726F6F
:10A450005F6E726635323834305C4E696D424C4501
:10A460002D41726475696E6F5C7372635C6E696DA9
:10A47000626C655C6E696D626C655C686F73745C60
:10A480007372635C626C655F68735F636F6E6E2E80
:10A490006300626C655F68735F636F6E6E5F706FA1
:10A4A0006F6C00626C655F68735F636F6E6E5F6197
:10A4B00064647273000000000000006F67663D3046
:10A4C00078253032782C206F63663D307825303423
:10A4D000782C20636F72655F6572723D307825302D
:10A4E00032582025730A006F67663D307825303278
:10A4F000782C206F63663D3078253034782C2068C6
:10A5000063695F6572723D3078253032582025735B
:10A510000A00626C655F68735F6863695F66726199
:10A5200067003A20424C455F4552525F554E4B4EB4
:10A530004F574E5F4843495F434D442028556E6B4B
:10A540006E6F776E2048434920436F6D6D616E6476
:10A5500029003A20424C455F4552525F554E4B5FB1
:10A56000434F4E4E5F49442028556E6B6E6F776E99
:10A5700020436F6E6E656374696F6E204964656E0B
:10A5800074696669657229003A20424C455F4552FC
:10A59000525F48575F4641494C20284861726477B2
:10A5A000617265204661696C75726529003A2042C6
:10A5B0004C455F4552525F504147455F544D4F20D7
:10A5C00028506167652054696D656F757429003A7C
:10A5D00020424C455F4552525F415554485F4641C9
:10A5E000494C202841757468656E746963617469AB
:10A5F0006F6E204661696C75726529003A20424C85
:10A60000455F4552525F50494E4B45595F4D495346
:10A6100053494E47202850494E206F72204B657990
:10A62000204D697373696E6729003A20424C455F7B
:10A630004552525F4D454D5F434150414349545946
:10A6400020284D656D6F7279204361706163697474
:10A650007920457863656564656429003A20424C39
:10A66000455F4552525F434F4E4E5F5350564E5FCB
:10A67000544D4F2028436F6E6E656374696F6E2072
:10A6800054696D656F757429003A20424C455F45E9
:10A6900052525F434F4E4E5F4C494D495420284320
:10A6A0006F6E6E656374696F6E204C696D6974209E
:10A6B000457863656564656429003A20424C455FCE
:10A6C0004552525F53594E43485F434F4E4E5F4C85
:10A6D000494D4954202853796E6368726F6E6F75C7
:10A6E0007320436F6E6E656374696F6E204C696D85
:10A6F000697420546F204120446576696365204564
:10A700007863656564656429003A20424C455F457D
:10A7100052525F41434C5F434F4E4E5F4558495341
:10A720005453202841434C20436F6E6E6563746917
:10A730006F6E20416C72656164792045786973742D
:10A740007329003A20424C455F4552525F434D44C5
:10A750005F444953414C4C4F5745442028436F6D4B
:10A760006D616E6420446973616C6C6F77656429F8
:10A77000003A20424C455F4552525F434F4E4E5F78
:10A7800052454A5F5245534F555243455320284343
:10A790006F6E6E656374696F6E2052656A6563746F
:10A7A00065642064756520746F204C696D697465FB
:10A7B00064205265736F757263657329003A204295
:10A7C0004C455F4552525F434F4E4E5F52454A5F84
:10A7D00053454355524954592028436F6E6E656363
:10A7E00074696F6E2052656A656374656420447590
:10A7F0006520546F205365637572697479205265C2
:10A8000061736F6E7329003A20424C455F45525286
:10A810005F434F4E4E5F52454A5F42445F4144445E
:10A82000522028436F6E6E656374696F6E205265A7
:10A830006A65637465642064756520746F20556E65
:10A8400061636365707461626C652042445F41447A
:10A85000445229003A20424C455F4552525F434FD3
:10A860004E4E5F4143434550545F544D4F20284363
:10A870006F6E6E656374696F6E204163636570749B
:10A880002054696D656F75742045786365656465EE
:10A890006429003A20424C455F4552525F554E5361
:10A8A0005550504F525445442028556E7375707062
:10A8B0006F727465642046656174757265206F728D
:10A8C00020506172616D657465722056616C7565AA
:10A8D00029003A20424C455F4552525F494E565F2F
:10A8E0004843495F434D445F5041524D53202849EE
:10A8F0006E76616C69642048434920436F6D6D61D9
:10A900006E6420506172616D657465727329003ADE
:10A9100020424C455F4552525F52454D5F5553456D
:10A92000525F434F4E4E5F5445524D202852656D45
:10A930006F74652055736572205465726D696E6120
:10A9400074656420436F6E6E656374696F6E290071
:10A950003A20424C455F4552525F52445F434F4E4E
:10A960004E5F5445524D5F52455352435320285237
:10A97000656D6F7465204465766963652054657202
:10A980006D696E6174656420436F6E6E6563746992
:10A990006F6E2064756520746F204C6F7720526550
:10A9A000736F757263657329003A20424C455F45A9
:10A9B00052525F52445F434F4E4E5F5445524D5F7B
:10A9C0005057524F4646202852656D6F746520449B
:10A9D0006576696365205465726D696E617465643E
:10A9E00020436F6E6E656374696F6E2064756520B9
:10A9F000746F20506F776572204F666629003A2089
:10AA0000424C455F4552525F434F4E4E5F54455254
:10AA10004D5F4C4F43414C2028436F6E6E6563740D
:10AA2000696F6E205465726D696E61746564204251
:10AA300079204C6F63616C20486F737429003A2051
:10AA4000424C455F4552525F524550454154454442
:10AA50005F415454454D50545320285265706561F0
:10AA600074656420417474656D70747329003A20B4
:10AA7000424C455F4552525F4E4F5F5041495249EB
:10AA80004E47202850616972696E67204E6F7420AE
:10AA9000416C6C6F77656429003A20424C455F45F4
:10AAA00052525F554E4B5F4C4D502028556E6B6E89
:10AAB0006F776E204C4D502050445529003A20426B
:10AAC0004C455F4552525F554E535550505F52456D
:10AAD0004D5F464541545552452028556E7375705B
:10AAE000706F727465642052656D6F746520466581
:10AAF0006174757265202F20556E737570706F725A
:10AB0000746564204C4D50204665617475726529EA
:10AB1000003A20424C455F4552525F53434F5F4FCE
:10AB20004646534554202853434F204F666673656D
:10AB3000742052656A656374656429003A20424C4A
:10AB4000455F4552525F53434F5F4954564C20284E
:10AB500053434F20496E74657276616C2052656A6A
:10AB6000656374656429003A20424C455F45525242
:10AB70005F53434F5F4149525F4D4F444520285337
:10AB8000434F20416972204D6F64652052656A65AC
:10AB90006374656429003A20424C455F4552525F18
:10ABA000494E565F4C4D505F4C4C5F5041524D20CA
:10ABB00028496E76616C6964204C4D50205061725A
:10ABC000616D6574657273202F20496E76616C69C2
:10ABD00064204C4C20506172616D657465727329FC
:10ABE000003A20424C455F4552525F554E53504506
:10ABF0004349464945442028556E7370656369662C
:10AC0000696564204572726F7229003A20424C4592
:10AC10005F4552525F554E535550505F4C4D505FFB
:10AC20004C4C5F5041524D2028556E737570706FBB
:10AC300072746564204C4D5020506172616D657472
:10AC400065722056616C7565202F20556E73757086
:10AC5000706F72746564204C4C20506172616D6538
:10AC60007465722056616C756529003A20424C4526
:10AC70005F4552525F4E4F5F524F4C455F434841D4
:10AC80004E47452028526F6C65204368616E6765AA
:10AC9000204E6F7420416C6C6F77656429003A20F8
:10ACA000424C455F4552525F4C4D505F4C4C5F5299
:10ACB00053505F544D4F20284C4D502052657370B7
:10ACC0006F6E73652054696D656F7574202F204C0D
:10ACD0004C20526573706F6E73652054696D656F9B
:10ACE000757429003A20424C455F4552525F4C4DE5
:10ACF000505F434F4C4C4953494F4E20284C4D50C8
:10AD0000204572726F72205472616E736163746950
:10AD10006F6E20436F6C6C6973696F6E29003A2007
:10AD2000424C455F4552525F4C4D505F5044552058
:10AD3000284C4D5020504455204E6F7420416C6C6F
:10AD40006F77656429003A20424C455F4552525F57
:10AD5000454E4352595054494F4E5F4D4F44452044
:10AD600028456E6372797074696F6E204D6F6465EB
:10AD7000204E6F742041636365707461626C652955
:10AD8000003A20424C455F4552525F4C494E4B5F62
:10AD90004B45595F4348414E474520284C696E6BEF
:10ADA000204B65792063616E6E6F7420626520436D
:10ADB00068616E67656429003A20424C455F4552E0
:10ADC000525F554E535550505F514F532028526596
:10ADD0007175657374656420516F53204E6F7420D4
:10ADE000537570706F7274656429003A20424C4547
:10ADF0005F4552525F494E5354414E545F50415348
:10AE00005345442028496E7374616E7420506173F9
:10AE100073656429003A20424C455F4552525F55A4
:10AE20004E49545F4B45595F50414952494E472066
:10AE30002850616972696E67205769746820556E81
:10AE40006974204B6579204E6F7420537570706F54
:10AE50007274656429003A20424C455F4552525F46
:10AE6000444946465F5452414E535F434F4C4C2039
:10AE700028446966666572656E74205472616E73EB
:10AE8000616374696F6E20436F6C6C6973696F6E78
:10AE900029003A20424C455F4552525F514F535F63
:10AEA0005041524D2028516F5320556E61636365A8
:10AEB000707461626C6520506172616D6574657259
:10AEC00029003A20424C455F4552525F514F535F33
:10AED00052454A45435445442028516F53205265FA
:10AEE0006A656374656429003A20424C455F4552A7
:10AEF000525F4348414E5F434C41535320284368BF
:10AF0000616E6E656C20436C617373696669636121
:10AF100074696F6E204E6F7420537570706F727409
:10AF2000656429003A20424C455F4552525F494EC4
:10AF300053554646494349454E545F53454320289F
:10AF4000496E73756666696369656E7420536563DF
:10AF5000757269747929003A20424C455F45525216
:10AF60005F5041524D5F4F55545F4F465F52414EC7
:10AF700047452028506172616D65746572204F7578
:10AF800074204F66204D616E6461746F7279205237
:10AF9000616E676529003A20424C455F4552525F19
:10AFA00050454E44494E475F524F4C455F535720E2
:10AFB00028526F6C65205377697463682050656E02
:10AFC00064696E6729003A20424C455F4552525FE2
:10AFD00052455345525645445F534C4F54202852D6
:10AFE0006573657276656420536C6F742056696F63
:10AFF0006C6174696F6E29003A20424C455F45527E
:10B00000525F524F4C455F53575F4641494C202891
:10B01000526F6C6520537769746368204661696C70
:10B02000656429003A20424C455F4552525F494EC3
:10B03000515F5253505F544F4F5F4249472028455C
:10B040007874656E64656420496E717569727920E3
:10B05000526573706F6E736520546F6F204C617210
:10B06000676529003A20424C455F4552525F53457F
:10B07000435F53494D504C455F504149522028533E
:10B0800065637572652053696D706C6520506169E8
:10B0900072696E67204E6F7420537570706F727492
:10B0A000656420427920486F737429003A20424C2D
:10B0B000455F4552525F484F53545F425553595F65
:10B0C000504149522028486F73742042757379208B
:10B0D0002D2050616972696E6729003A20424C4503
:10B0E0005F4552525F434F4E4E5F52454A5F434861
:10B0F000414E4E454C2028436F6E6E656374696FF8
:10B100006E2052656A656374656420647565207499
:10B110006F204E6F205375697461626C65204368BF
:10B12000616E6E656C20466F756E6429003A204230
:10B130004C455F4552525F43544C525F4255535900
:10B140002028436F6E74726F6C6C65722042757349
:10B150007929003A20424C455F4552525F434F4E99
:10B160004E5F5041524D532028556E6163636570A8
:10B170007461626C6520436F6E6E656374696F6E97
:10B1800020506172616D657465727329003A2042C6
:10B190004C455F4552525F4449525F4144565F54AB
:10B1A0004D4F20284469726563746564204164765C
:10B1B0006572746973696E672054696D656F757423
:10B1C00029003A20424C455F4552525F434F4E4E54
:10B1D0005F5445524D5F4D49432028436F6E6E6565
:10B1E0006374696F6E205465726D696E6174656415
:10B1F0002064756520746F204D4943204661696C59
:10B2000075726529003A20424C455F4552525F43B2
:10B210004F4E4E5F45535441424C4953484D454E65
:10B22000542028436F6E6E656374696F6E204661AB
:10B23000696C656420746F20626520457374616277
:10B240006C697368656429003A20424C455F455239
:10B25000525F4D41435F434F4E4E5F4641494C2044
:10B26000284D414320436F6E6E656374696F6E2095
:10B270004661696C656429003A20424C455F45523D
:10B28000525F434F415253455F434C4B5F41444AE9
:10B290002028436F6172736520436C6F636B20419C
:10B2A000646A7573746D656E742052656A65637443
:10B2B0006564206275742057696C6C205472792023
:10B2C000746F2041646A757374205573696E6720CA
:10B2D000436C6F636B204472616767696E67290016
:10B2E0003A20424C455F4552525F54595045305FB9
:10B2F0005355424D41505F4E444546202854797085
:10B300006530205375626D6170204E6F7420446506
:10B3100066696E656429003A20424C455F45525289
:10B320005F554E4B5F4144565F494E44454E542055
:10B3300028556E6B6E6F776E204164766572746906
:10B3400073696E67204964656E7469666965722900
:10B35000003A20424C455F4552525F4C494D49549A
:10B360005F5245414348454420284C696D6974202B
:10B370005265616368656429003A20424C455F4527
:10B3800052525F4F5045524154494F4E5F43414ED8
:10B3900043454C4C454420284F7065726174696F79
:10B3A0006E2043616E63656C6C6564206279204831
:10B3B0006F737429003A20424C455F4552525F50EA
:10B3C00041434B45545F544F4F5F4C4F4E472028ED
:10B3D0005061636B657420546F6F204C6F6E6729EA
:10B3E000003A20424C455F4552525F4D4158003A69
:10B3F00020424C455F48535F45414741494E202814
:10B4000054656D706F72617279206661696C7572D6
:10B41000653B2074727920616761696E29003A206A
:10B42000424C455F48535F45414C52454144592089
:10B43000284F7065726174696F6E20616C7265610E
:10B44000647920696E2070726F6772657373206F04
:10B450007220636F6D706C6574656429003A2042D8
:10B460004C455F48535F45494E56414C20284F6E2E
:10B4700065206F72206D6F726520617267756D65F2
:10B480006E74732061726520696E76616C696429DF
:10B49000003A20424C455F48535F454D534753495E
:10B4A0005A4520285468652070726F766964656417
:10B4B0002062756666657220697320746F6F2073F1
:10B4C0006D616C6C29003A20424C455F48535F45E2
:10B4D0004E4F454E5420284E6F20656E7472792071
:10B4E0006D61746368696E67207468652073706548
:10B4F000636966696564206372697465726961294C
:10B50000003A20424C455F48535F454E4F4D454DF4
:10B5100020284F7065726174696F6E206661696C76
:10B5200065642064756520746F207265736F757231
:10B5300063652065786861757374696F6E29003A78
:10B5400020424C455F48535F454E4F54434F4E4E4B
:10B5500020284E6F206F70656E20636F6E6E65637E
:10B5600074696F6E207769746820746865207370E1
:10B57000656369666965642068616E646C6529004D
:10B580003A20424C455F48535F454E4F5453555007
:10B5900020284F7065726174696F6E2064697361F1
:10B5A000626C656420617420636F6D70696C6520E6
:10B5B00074696D6529003A20424C455F48535F45E8
:10B5C00041505020284170706C69636174696F6EDE
:10B5D0002063616C6C6261636B2062656861766593
:10B5E0006420756E65787065637465646C79290094
:10B5F0003A20424C455F48535F45424144444154E0
:10B60000412028436F6D6D616E642066726F6D20FE
:10B610007065657220697320696E76616C69642952
:10B62000003A20424C455F48535F454F5320284D18
:10B63000796E657774204F53206572726F7229009E
:10B640003A20424C455F48535F45434F4E54524F5A
:10B650004C4C455220284576656E742066726F6D9D
:10B6600020636F6E74726F6C6C65722069732069F1
:10B670006E76616C696429003A20424C455F4853FC
:10B680005F4554494D454F555420284F70657261B0
:10B6900074696F6E2074696D6564206F757429001C
:10B6A0003A20424C455F48535F45444F4E45202861
:10B6B0004F7065726174696F6E20636F6D706C6539
:10B6C000746564207375636365737366756C6C79F8
:10B6D00029003A20424C455F48535F454255535933
:10B6E00020284F7065726174696F6E2063616E6EA1
:10B6F0006F7420626520706572666F726D6564207C
:10B70000756E74696C2070726F6365647572652004
:10B71000636F6D706C6574657329003A20424C4507
:10B720005F48535F4552454A45435420285065655C
:10B73000722072656A6563746564206120636F6E50
:10B740006E656374696F6E20706172616D6574659A
:10B7500072207570646174652072657175657374AB
:10B7600029003A20424C455F48535F45554E4B4EA9
:10B770004F574E2028556E65787065637465642058
:10B780006661696C7572653B2063617463682061F2
:10B790006C6C29003A20424C455F48535F45524F3C
:10B7A0004C4520284F7065726174696F6E20726518
:10B7B00071756972657320646966666572656E7419
:10B7C00020726F6C652028652E672E2C2063656EB5
:10B7D0007472616C2076732E207065726970686572
:10B7E00072616C2929003A20424C455F48535F45FD
:10B7F00054494D454F55545F4843492028484349D3
:10B8000020726571756573742074696D6564206F4D
:10B8100075743B20636F6E74726F6C6C657220750B
:10B820006E726573706F6E7369766529003A204297
:10B830004C455F48535F454E4F4D454D5F4556540F
:10B840002028436F6E74726F6C6C6572206661693C
:10B850006C656420746F2073656E64206576656E18
:10B86000742064756520746F206D656D6F7279202A
:10B8700065786861757374696F6E29003A20424C6F
:10B88000455F48535F454E4F4144445220284F7016
:10B8900065726174696F6E20726571756972657326
:10B8A00020616E206964656E7469747920616464D6
:10B8B0007265737320627574206E6F6E6520636F9E
:10B8C0006E6669677572656429003A20424C455F6F
:10B8D00048535F454E4F5453594E434544202841E9
:10B8E0007474656D707420746F207573652074684E
:10B8F0006520686F7374206265666F726520697475
:10B900002069732073796E63656420776974682099
:10B91000636F6E74726F6C6C657229003A20424CD2
:10B92000455F48535F4541555448454E2028496E70
:10B9300073756666696369656E74206175746865A0
:10B940006E7469636174696F6E29003A20424C45D8
:10B950005F48535F45415554484F522028496E7304
:10B96000756666696369656E7420617574686F7267
:10B97000697A6174696F6E29003A20424C455F48CC
:10B98000535F45454E43525950542028496E7375B4
:10B990006666696369656E7420656E63727970743A
:10B9A000696F6E206C6576656C29003A20424C45C3
:10B9B0005F48535F45454E43525950545F4B45597C
:10B9C0005F535A2028496E73756666696369656EB0
:10B9D00074206B65792073697A65003A20424C4582
:10B9E0005F48535F4553544F52455F4341502028B1
:10B9F000424C455F48535F4553544F52455F464163
:10BA0000494C2C29003A20424C455F48535F45532E
:10BA1000544F52455F4641494C202853746F726120
:10BA2000676520494F206572726F7229003A204283
:10BA30004C455F48535F45505245454D5054454431
:10BA400020286174696F6E2077617320707265655C
:10BA50006D7074656429003A20424C455F48535F1D
:10BA60004544495341424C454420284F706572611A
:10BA700074696F6E2064697361626C656429003A51
:10BA800020424C455F48535F455354414C4C45441C
:10BA900020284F7065726174696F6E207374616CD9
:10BAA0006C6564290000000001000000EFB3040091
:10BAB000020000001EB40400030000005DB4040096
:10BAC0000400000091B4040005000000C6B40400A6
:10BAD0000600000001B50400070000003FB50400A7
:10BAE0000800000080B5040009000000B6B504009D
:10BAF0000A000000F0B504000B00000021B60400AD
:10BB00000C00000040B604000D00000078B60400F0
:10BB10000E000000A0B604000F000000D2B6040022
:10BB2000100000001BB704001100000062B7040001
:10BB30001200000094B7040013000000E6B70400F0
:10BB4000140000002DB80400150000007CB80400AB
:10BB500016000000CAB80400170000001CB9040059
:10BB6000180000004BB904001900000079B9040066
:10BB70001A000000ABB904001B000000DBB9040090
:10BB80001C00000005BA04001D0000002DBA0400CE
:10BB90001E00000057BA04001F0000007FBA040016
:10BBA0000102000022A504000202000052A50400C8
:10BBB0000302000088A5040004020000ADA50400F3
:10BBC00005020000CFA5040006020000FCA5040049
:10BBD000070200002AA60400080200005CA6040078
:10BBE0000902000089A604000A020000BAA60400A7
:10BBF0000B02000009A704000C02000043A7040088
:10BC00000D02000071A704000E020000BDA7040091
:10BC10000F02000007A804001002000054A804004E
:10BC20001102000093A8040012020000D2A8040030
:10BC3000130200000FA904001402000050A9040020
:10BC400015020000A9A9040016020000FEA90400C4
:10BC5000170200003EAA0400180200006EAA0400A9
:10BC60001902000099AA04001A020000BDAA0400EB
:10BC70001B02000011AB04001C0200003CAB0400DE
:10BC80001D02000067AB04001E02000096AB04001A
:10BC90001F020000E1AB0400200200000BAC040016
:10BCA000210200006BAC0400220200009EAC0400E4
:10BCB00023020000E4AC0400240200001EAD0400D6
:10BCC0002502000046AD04002602000081AD0400FC
:10BCD00027020000B8AD040028020000EBAD04000C
:10BCE0002902000015AE04002A02000056AE04002E
:10BCF0002C02000092AE04002D020000C2AE04002F
:10BD00002E020000E8AE04002F02000024AF040061
:10BD10003002000057AF04003202000096AF04006A
:10BD200034020000C6AF040035020000F8AF040082
:10BD30003602000024B004003702000064B00400A2
:10BD400038020000ACB0040039020000DBB004008F
:10BD50003A0200002DB104003B02000053B1040080
:10BD60003C0200008DB104003D020000C2B104009D
:10BD70003E02000005B204003F02000048B2040089
:10BD80004002000078B2040041020000E0B204006A
:10BD90004202000017B304004302000051B3040044
:10BDA0004402000079B3040045020000B5B304006A
:10BDB000FF020000E1B304003E0000009900030010
:10BDC0000C00000037010300130000001F030300F4
:10BDD00005000000ED02030008000000230103003D
:10BDE000300000000F01030010000000FB00030002
:10BDF000FF000000E70003001D000000D900030061
:10BE00001E000000CB0003001F000000BD00030067
:10BE100033000000D900030034000000CB00030011
:10BE2000000000001D040300E5010300D902030027
:10BE3000C5020300B10203009D0203008902030052
:10BE400000000000000000007D0303005F0103000C
:10BE50004B010300B9000300A3040300A70403007F
:10BE6000AB040300B30403009B0403009F0403001E
:10BE700000000000000000000000000000000000C2
:10BE8000AF0403000000000000002E70696F5C6CBE
:10BE90006962646570735C70726F5F6D6963726F05
:10BEA0005F6E726635323834305C4E696D424C4597
:10BEB0002D41726475696E6F5C7372635C6E696D3F
:10BEC000626C655C6E696D626C655C686F73745CF6
:10BED0007372635C626C655F6C326361702E6300C9
:10BEE000626C655F6C326361705F6368616E5F7026
:10BEF0006F6F6C00626C655F6C326361705F617064
:10BF000070656E645F727800626C655F6C3263614D
:10BF1000705F7369675F70726F635F706F6F6C00E3
:10BF2000000000000D120300000000009511030046
:10BF30000000000095110300951103009511030006
:10BF4000000000009511030000000000951103009F
:10BF5000000000009511030000000000951103008F
:10BF60000000000095110300E112030021120300FC
:10BF7000951103009511030095110300951103001D
:10BF8000951103009511030095110300626C655F24
:10BF9000736D5F70726F635F706F6F6C0001010192
:10BFA0000A020000000000002122030029250300EE
:10BFB00083240300E92603009D1903009521030053
:10BFC0000D2103008720030001200300751F0300DB
:10BFD0008D2F0300B53F030093410300711603004A
:10BFE000192603004B1903003D190300AB18030089
:10BFF000F71803001D1803000F180300651A03004B
:10C00000B3160300FD3E0300C54003000062746CDC
:10C0100065000000000000000000000000000000BB
:10C020000000000000000000000000000000000010
:10C0300000000000000000000000000000000001FF
:10C04000003F49F6D4A3C55F3874C9B3E3D2103FAB
:10C05000504AFF607BEB40B7995899B8A6CD3C1A7F
:10C06000BD6C888391AAF5A53860370BDB5A6083D5
:10C07000BE000002000200000200020303020003EF
:10C08000000000000003030200030000030003009F
:10C09000000300030202020002000000000002028E
:10C0A0000300020000020002000402000403030275
:10C0B000000300000000000304020004000003006D
:10C0C000030004030004020202000200000000005A
:10C0D0000204030004010203080607006172725F94
:10C0E00073697A65203C3D206275665F737A002E25
:10C0F00070696F5C6C6962646570735C70726F5FAD
:10C100006D6963726F5F6E726635323834305C4EC3
:10C11000696D424C452D41726475696E6F5C737236
:10C12000635C6E696D626C655C6E696D626C655CAA
:10C13000686F73745C73746F72655C636F6E66694D
:10C14000675C7372635C626C655F73746F72655F6A
:10C15000636F6E6669675F636F6E662E6300626C05
:10C16000655F73746F72655F636F6E6669675F7337
:10C17000657269616C697A655F617272002E7069BF
:10C180006F5C6C6962646570735C70726F5F6D691F
:10C1900063726F5F6E726635323834305C4E696D33
:10C1A000424C452D41726475696E6F5C7372635CBD
:10C1B0006E696D626C655C6E696D626C655C7472F3
:10C1C000616E73706F72745C7372635C7472616EB3
:10C1D00073706F72742E63007472616E73706F721D
:10C1E000745F706F6F6C5F636D64007472616E7307
:10C1F000706F72745F706F6F6C5F657674007472CD
:10C20000616E73706F72745F706F6F6C5F65767460
:10C210005F6C6F00626C655F7472616E73706F72D9
:10C22000745F6672656500626C655F7472616E73DF
:10C23000706F72745F696E69740074696D657220E5
:10C24000213D204E554C4C002E70696F5C6C69622C
:10C25000646570735C70726F5F6D6963726F5F6E3F
:10C26000726635323834305C4E696D424C452D4132
:10C27000726475696E6F5C7372635C6E696D626C1B
:10C28000655C706F7274696E675C6E696D626C6517
:10C290005C7372635C6F735F63707574696D652E38
:10C2A0006300667020213D204E554C4C006F735F3B
:10C2B00063707574696D655F74696D65725F696ED1
:10C2C0006974006E65775F6275662D3E6F6D5F6C99
:10C2D000656E203D3D2030002E70696F5C6C696298
:10C2E000646570735C70726F5F6D6963726F5F6EAF
:10C2F000726635323834305C4E696D424C452D41A2
:10C30000726475696E6F5C7372635C6E696D626C8A
:10C31000655C706F7274696E675C6E696D626C6586
:10C320005C7372635C6F735F6D6275662E63005F32
:10C330006F735F6D6275665F636F7079706B746841
:10C340006472006D7379735F31002E70696F5C6C7D
:10C350006962646570735C70726F5F6D6963726F40
:10C360005F6E726635323834305C4E696D424C45D2
:10C370002D41726475696E6F5C7372635C6E696D7A
:10C38000626C655C706F7274696E675C6E696D6219
:10C390006C655C7372635C6F735F6D7379735F69F7
:10C3A0006E69742E63006F735F6D7379735F696E6E
:10C3B00069745F6F6E6365006C6C00686F73740006
:10C3C000746D6F203D3D2030002E70696F5C6C698C
:10C3D00062646570735C70726F5F6D6963726F5FCA
:10C3E0006E726635323834305C4E696D424C452D84
:10C3F00041726475696E6F5C7372635C6E696D62C5
:10C400006C655C706F7274696E675C6E706C5C6694
:10C4100072656572746F735C7372635C6E706C5F6F
:10C420006F735F6672656572746F732E63007265F9
:10C4300074203D3D20706450415353207C7C207219
:10C440006574203D3D2065727251554555455F45E7
:10C450004D50545900726574203D3D207064504128
:10C46000535300636F006D752D3E68616E646C659B
:10C470000073656D2D3E68616E646C650074696D56
:10C48000656F7574203D3D2030006E706C5F667284
:10C49000656572746F735F6576656E74715F6765ED
:10C4A00074006E706C5F6672656572746F735F6541
:10C4B00076656E74715F707574006E706C5F667215
:10C4C000656572746F735F6576656E74715F7265B2
:10C4D0006D6F7665006E706C5F6672656572746F05
:10C4E000735F6D757465785F696E6974006E706CEA
:10C4F0005F6672656572746F735F6D757465785F82
:10C5000070656E64006E706C5F6672656572746FE4
:10C51000735F6D757465785F72656C6561736500D6
:10C520006E706C5F6672656572746F735F73656D54
:10C530005F696E6974006E706C5F667265657274B7
:10C540006F735F73656D5F70656E64006E706C5FB6
:10C550006672656572746F735F73656D5F72656C2B
:10C5600065617365006F735F63616C6C6F75745F99
:10C5700074696D65725F636200766563746F723AA9
:10C580003A5F4D5F72616E67655F696E7365727465
:10C590000063616E6E6F74206372656174652073F1
:10C5A00074643A3A766563746F72206C6172676581
:10C5B00072207468616E206D61785F73697A652896
:10C5C000290000000000000000000000CD6B030007
:10C5D000EB6B0300DF6B0300E16B0300E16B030017
:10C5E000E36B0300F96B0300DF6B0300056C0300D2
:10C5F000DF6B0300E76B0300E96B03000000000042
:10C60000000000010000000200000004000000081B
:10C61000000000100000002000000040000000802A
:10C620000000001B00000036637C777BF26B6FC557
:10C630003001672BFED7AB76CA82C97DFA5947F025
:10C64000ADD4A2AF9CA472C0B7FD9326363FF7CC01
:10C6500034A5E5F171D8311504C723C31896059A9E
:10C66000071280E2EB27B27509832C1A1B6E5AA0C1
:10C67000523BD6B329E32F8453D100ED20FCB15BAC
:10C680006ACBBE394A4C58CFD0EFAAFB434D338515
:10C6900045F9027F503C9FA851A3408F929D38F5E9
:10C6A000BCB6DA2110FFF3D2CD0C13EC5F97441720
:10C6B000C4A77E3D645D197360814FDC222A908897
:10C6C00046EEB814DE5E0BDBE0323A0A4906245C23
:10C6D000C2D3AC629195E479E7C8376D8DD54EA988
:10C6E0006C56F4EA657AAE08BA78252E1CA6B4C654
:10C6F000E8DD741F4BBD8B8A703EB5664803F60EAD
:10C70000613557B986C11D9EE1F8981169D98E949B
:10C710009B1E87E9CE5528DF8CA1890DBFE64268B4
:10C7200041992D0FB054BB1608200001FFFFFFFFF9
:10C73000FFFFFFFFFFFFFFFF000000000000000001
:10C740000000000001000000FFFFFFFF512563FC17
:10C75000C2CAB9F3849E17A7ADFAE6BCFFFFFFFF7C
:10C76000FFFFFFFF00000000FFFFFFFF96C298D809
:10C770004539A1F4A033EB2D817D0377F240A4630A
:10C78000E5E6BCF847422CE1F2D1176BF551BF3713
:10C790006840B6CBCE5E316B5733CE2B169E0F7CE6
:10C7A0004AEBE78E9B7F1AFEE242E34F4B60D227B3
:10C7B0003E3CCE3BF6B053CCB0061D65BC869876A9
:10C7C00055BDEBB3E7933AAAD835C65A057C0300AA
:10C7D000577D0300A97803007478706475002E708B
:10C7E000696F5C6C6962646570735C70726F5F6DB9
:10C7F0006963726F5F6E726635323834305C4E69D1
:10C800006D424C452D41726475696E6F5C73726345
:10C810005C6E696D626C655C6E696D626C655C63B3
:10C820006F6E74726F6C6C65725C7372635C626C59
:10C83000655F6C6C2E63007068795F6D6F64652056
:10C840003C2028342900626C655F6C6C5F74785FF3
:10C850006D6275665F706475636200626C655F6CC3
:10C860006C5F7461736B00626C655F6C6C5F7064AD
:10C87000755F6D61785F74785F6F63746574735F03
:10C88000676574006164765F646174615F6C656E96
:10C89000203C3D2028333129002E70696F5C6C6983
:10C8A00062646570735C70726F5F6D6963726F5FF5
:10C8B0006E726635323834305C4E696D424C452DAF
:10C8C00041726475696E6F5C7372635C6E696D62F0
:10C8D0006C655C6E696D626C655C636F6E74726FC3
:10C8E0006C6C65725C7372635C626C655F6C6C5FD0
:10C8F0006164762E63007363616E5F7273705F6C48
:10C90000656E203C3D202833312900286164767310
:10C910006D2D3E666C616773202620307830303391
:10C920003029203D3D203000616476736D2D3E61DD
:10C9300064765F656E61626C656400616476736DD8
:10C940002D3E636F6E6E5F636F6D705F6576202145
:10C950003D202828766F6964202A29302900626CDE
:10C96000655F6C6C5F6164765F6163746976655F57
:10C970006368616E7365745F7365745F707269007C
:10C98000626C655F6C6C5F6164765F6C6567616348
:10C99000795F7064755F6D616B6500626C655F6C7B
:10C9A0006C5F6164765F7363616E5F7273705F6CFE
:10C9B00065676163795F7064755F6D616B65006267
:10C9C0006C655F6C6C5F6164765F74785F737461D3
:10C9D00072745F636200626C655F6C6C5F61647649
:10C9E0005F72657363686564756C655F6576656EB7
:10C9F0007400626C655F6C6C5F6164765F646F6E1F
:10CA00006500626C655F6C6C5F6164765F73656E18
:10CA1000645F636F6E6E5F636F6D705F65760075E8
:10CA200073656373203C202828313030303030303B
:10CA3000202B2028333237363829202D2031292049
:10CA40002F202833323736382929002E70696F5C41
:10CA50006C6962646570735C70726F5F6D6963723C
:10CA60006F5F6E726635323834305C4E696D424CA1
:10CA7000452D41726475696E6F5C7372632F6E69C8
:10CA80006D626C652F6E696D626C652F636F6E747D
:10CA9000726F6C6C65722F696E636C7564652F6361
:10CAA0006F6E74726F6C6C65722F626C655F6C6C0C
:10CAB0005F746D722E68002E70696F5C6C696264C1
:10CAC0006570735C70726F5F6D6963726F5F6E72B9
:10CAD0006635323834305C4E696D424C452D4172BA
:10CAE0006475696E6F5C7372635C6E696D626C65B0
:10CAF0005C6E696D626C655C636F6E74726F6C6C9A
:10CB000065725C7372635C626C655F6C6C5F636FB3
:10CB10006E6E2E6300636F6E6E736D006576656E6C
:10CB2000745F636E74725F64696666203E203000D5
:10CB3000657662756620213D202828766F6964201D
:10CB40002A2930290061646472642D3E7270615F2D
:10CB5000696E646578203E3D2030007461726765BF
:10CB60007461002821212828686472292D3E72787A
:10CB7000696E666F2E666C61677320262028307898
:10CB800030303830292929005F6F735F6D62756618
:10CB90005F6C656164696E67737061636528727844
:10CBA00070647529203E3D203200626C655F6C6CBC
:10CBB0005F746D725F6164645F7500626C655F6C69
:10CBC0006C5F696E69745F6765745F636F6E6E5FDB
:10CBD000636F6D705F657600626C655F6C6C5F6340
:10CBE0006F6E6E5F74785F70647500626C655F6C09
:10CBF0006C5F636F6E6E5F6576656E745F73746194
:10CC000072745F636200626C655F6C6C5F636F6E11
:10CC10006E5F6E6578745F6576656E7400626C65D4
:10CC20005F6C6C5F636F6E6E5F6372656174656489
:10CC300000626C655F6C6C5F636F6E6E5F657665DE
:10CC40006E745F656E6400626C655F6C6C5F636FD1
:10CC50006E6E5F707265706172655F636F6E6E6538
:10CC600063745F696E6400626C655F6C6C5F636FB8
:10CC70006E6E5F63656E7472616C5F737461727403
:10CC800000626C655F6C6C5F636F6E6E5F72785F85
:10CC9000646174615F70647500626C655F6C6C5F89
:10CCA000636F6E6E5F72785F6973725F656E64004A
:10CCB0006576627566002E70696F5C6C696264658A
:10CCC00070735C70726F5F6D6963726F5F6E7266B6
:10CCD00035323834305C4E696D424C452D417264BA
:10CCE00075696E6F5C7372635C6E696D626C655CB6
:10CCF0006E696D626C655C636F6E74726F6C6C658F
:10CD0000725C7372635C626C655F6C6C5F636F6EA8
:10CD10006E5F6863692E6300675F626C655F6C6C51
:10CD20005F636F6E6E5F636F6D705F657600636FDC
:10CD30006E6E736D2D3E636F6E6E5F68616E646CB8
:10CD400065203D3D20282875696E7431365F742951
:10CD500028636D642D3E636F6E6E5F68616E646CF8
:10CD600065292900636F6E6E736D2D3E666C616779
:10CD7000732E7465726D696E6174655F7374617230
:10CD8000746564203D3D203000626C655F6C6C5FB3
:10CD9000636F6E6E5F636F6D705F6576656E745FF7
:10CDA00073656E6400626C655F6C6C5F636F6E6E62
:10CDB0005F70726F636573735F636F6E6E5F7061D8
:10CDC00072616D7300626C655F6C6C5F636F6E6E39
:10CDD0005F6863695F75706461746500626C655F4C
:10CDE0006C6C5F636F6E6E5F6863695F63616E63D7
:10CDF000656C5F636F6E6E5F636F6D706C6574659D
:10CE00005F6576656E7400626C655F6C6C5F636F06
:10CE10006E6E5F6863695F646973636F6E6E65638E
:10CE2000745F636D64006863752D3E68616E646C49
:10CE30006520213D2030002E70696F5C6C69626452
:10CE40006570735C70726F5F6D6963726F5F6E7235
:10CE50006635323834305C4E696D424C452D417236
:10CE60006475696E6F5C7372635C6E696D626C652C
:10CE70005C6E696D626C655C636F6E74726F6C6C16
:10CE800065725C7372635C626C655F6C6C5F63742B
:10CE9000726C2E6300636F6E6E736D2D3E646973EA
:10CEA000636F6E6E6563745F726561736F6E202170
:10CEB0003D2030006374726C5F70726F6320213D9F
:10CEC0002028352900626C655F6C6C5F6374726C3E
:10CED0005F72785F73746172745F656E635F7265B1
:10CEE0007100626C655F6C6C5F6374726C5F72780A
:10CEF0005F70617573655F656E635F72737000620A
:10CF00006C655F6C6C5F6374726C5F72785F737476
:10CF10006172745F656E635F72737000626C655FEF
:10CF20006C6C5F6374726C5F636F6E6E5F70617266
:10CF3000616D5F7064755F6D616B6500626C655FEC
:10CF40006C6C5F6374726C5F636F6E6E5F70617246
:10CF5000616D5F7265706C7900626C655F6C6C5FAF
:10CF60006374726C5F72785F72656A6563745F691F
:10CF70006E6400626C655F6C6C5F6374726C5F7290
:10CF8000785F636F6E6E5F706172616D5F72657105
:10CF900000626C655F6C6C5F6374726C5F70726F63
:10CFA000635F696E697400626C655F6C6C5F63746B
:10CFB000726C5F7465726D696E6174655F737461C4
:10CFC000727400626C655F6C6C5F6374726C5F702E
:10CFD000726F635F7374617274000B0701160C004B
:10CFE00000010808000005010817170200000808E2
:10CFF0000202040201002201012A080F03030404B3
:10D000000A0A030A73697A656F66282A6863695F8A
:10D01000657629202B206863695F65762D3E6C65F7
:10D020006E677468203C3D20282837302929002E5F
:10D0300070696F5C6C6962646570735C70726F5F5D
:10D040006D6963726F5F6E726635323834305C4E74
:10D05000696D424C452D41726475696E6F5C7372E7
:10D06000635C6E696D626C655C6E696D626C655C5B
:10D07000636F6E74726F6C6C65725C7372635C620A
:10D080006C655F6C6C5F6863692E6300636D642020
:10D09000213D202828766F6964202A2930290072D2
:10D0A00063203E3D2030006863695F636D645F709C
:10D0B0006F73745F6362203D3D202828766F69643A
:10D0C000202A29302900626C655F6C6C5F68636997
:10D0D0005F6576656E745F73656E6400626C655F34
:10D0E0006C6C5F6863695F706F73745F636D645FBE
:10D0F00063625F73657400626C655F6C6C5F68632C
:10D10000695F636D645F70726F6300200080000070
:10D11000C000000000000000002822000000000005
:10D1200000000000F7FFFF0F00000000F0F90F0003
:10D130000080070000000000000000000000000068
:10D140000000000000000000000000636D64732D0B
:10D150003E636220213D202828766F6964202A29B9
:10D160003029002E70696F5C6C6962646570735C55
:10D1700070726F5F6D6963726F5F6E7266353238A1
:10D1800034305C4E696D424C452D41726475696E58
:10D190006F5C7372635C6E696D626C655C6E696D09
:10D1A000626C655C636F6E74726F6C6C65725C73DD
:10D1B00072635C626C655F6C6C5F6863695F7673F9
:10D1C0002E6300626C655F6C6C5F6863695F767389
:10D1D0005F66696E645F62795F6F636628636D6422
:10D1E000732D3E6F636629203D3D202828766F69A8
:10D1F00064202A29302900626C655F6C6C5F68636B
:10D20000695F76735F726567697374657200CE01DA
:10D2100050002C00D0027801280018007801100876
:10D2200004407263203D3D20424C455F4552525FB1
:10D2300053554343455353002E70696F5C6C6962CC
:10D24000646570735C70726F5F6D6963726F5F6E3F
:10D25000726635323834305C4E696D424C452D4132
:10D26000726475696E6F5C7372635C6E696D626C1B
:10D27000655C6E696D626C655C636F6E74726F6C19
:10D280006C65725C7372635C626C655F6C6C5F7220
:10D2900065736F6C762E6300706F736974696F6E5F
:10D2A000203C3D20675F626C655F6C6C5F726573EC
:10D2B0006F6C765F646174612E726C5F636E740074
:10D2C000726C20213D202828766F6964202A29303D
:10D2D00029006164647220213D202828766F6964EA
:10D2E000202A29302900726C2D3E726C5F686173B0
:10D2F0005F6C6F63616C00726C2D3E726C5F686175
:10D30000735F7065657200626C655F6C6C5F7265FF
:10D31000736F6C765F6C6973745F61646400626CD8
:10D32000655F6C6C5F7265736F6C765F6C6973744C
:10D330005F726D7600626C655F6C6C5F7265736FB7
:10D340006C765F6765745F707269765F6164647242
:10D3500000626C655F6E706C5F68775F69735F69B0
:10D360006E5F637269746963616C2829002E70694D
:10D370006F5C6C6962646570735C70726F5F6D691D
:10D3800063726F5F6E726635323834305C4E696D31
:10D39000424C452D41726475696E6F5C7372635CBB
:10D3A0006E696D626C655C6E696D626C655C636F05
:10D3B0006E74726F6C6C65725C7372635C626C65C8
:10D3C0005F6C6C5F72666D676D742E6300626C6576
:10D3D0005F6C6C5F72666D676D745F656E61626CC9
:10D3E0006500626C655F6C6C5F72666D676D745F23
:10D3F00064697361626C65007363616E736D2D3E69
:10D400007363616E5F7273705F70656E64696E677F
:10D41000203D3D2030002E70696F5C6C6962646550
:10D4200070735C70726F5F6D6963726F5F6E72664E
:10D4300035323834305C4E696D424C452D41726452
:10D4400075696E6F5C7372635C6E696D626C655C4E
:10D450006E696D626C655C636F6E74726F6C6C6527
:10D46000725C7372635C626C655F6C6C5F7363614A
:10D470006E2E63007064755F74797065203C20289F
:10D480003729007278696E666F2D3E7270615F6930
:10D490006E646578203E3D2030007363616E736D6D
:10D4A0002D3E7363616E70007363616E736D2D3E0C
:10D4B0006261636B6F66665F636F756E74203D3D7E
:10D4C0002030007363616E736D2D3E6261636B6F1C
:10D4D00066665F636F756E74203C3D2032353600A2
:10D4E0002861646472642D3E7270615F696E646568
:10D4F00078203C203029207C7C2028626C655F6C81
:10D500006C5F616464725F737562747970652861C1
:10D51000646472642D3E616476612C20616464727F
:10D52000642D3E616476615F7479706529203D3DAC
:10D530002028312929006520262620652D3E747972
:10D540007065203D3D207479706520262620216D70
:10D55000656D636D7028652D3E616464722C206179
:10D560006464722C20362900626C655F6C6C5F739A
:10D5700063616E5F6475705F706F6F6C006572726F
:10D58000203D3D203000626C655F6C6C5F736361B1
:10D590006E5F7265715F6261636B6F666600626C7D
:10D5A000655F6C6C5F7363616E5F6475705F7570EF
:10D5B000646174655F6C656761637900626C655F67
:10D5C0006C6C5F7363616E5F737461727400626C24
:10D5D000655F6C6C5F7363616E5F736D5F737461C5
:10D5E000727400626C655F6C6C5F7363616E5F6523
:10D5F00076656E745F70726F6300626C655F6C6CF1
:10D600005F7363616E5F6765745F616464725F64BA
:10D610006174615F66726F6D5F6C656761637900ED
:10D62000626C655F6C6C5F7363616E5F72785F667E
:10D63000696C74657200626C655F6C6C5F736361CA
:10D640006E5F72785F636865636B5F696E697400B3
:10D65000626C655F6C6C5F7363616E5F73656E6453
:10D660005F7363616E5F72657100626C655F6C6CA5
:10D670005F7363616E5F72785F706B745F696E5F1A
:10D68000726573746F72655F616464725F64617404
:10D690006100626C655F6C6C5F7363616E5F727872
:10D6A0005F706B745F696E5F6F6E5F6C65676163FF
:10D6B0007900626C655F6C6C5F7363616E5F696E4D
:10D6C0006974007363682D3E73636865645F747981
:10D6D0007065203D3D20283329002E70696F5C6CF9
:10D6E0006962646570735C70726F5F6D6963726F9D
:10D6F0005F6E726635323834305C4E696D424C452F
:10D700002D41726475696E6F5C7372635C6E696DD6
:10D71000626C655C6E696D626C655C636F6E747281
:10D720006F6C6C65725C7372635C626C655F6C6C71
:10D730005F73636865642E63007363682D3E736373
:10D740006865645F6362007363682D3E656E717522
:10D75000657565640073636800707265656D7074EB
:10D760005F616E795F6578636570745F636F6E6E1D
:10D7700000626C655F6C6C5F73636865645F707298
:10D7800065656D707400626C655F6C6C5F73636877
:10D7900065645F696E7365727400626C655F6C6C62
:10D7A0005F73636865645F636F6E6E5F72657363FA
:10D7B000686564756C6500626C655F6C6C5F736353
:10D7C0006865645F636F6E6E5F63656E7472616CD3
:10D7D0005F6E657700626C655F6C6C5F7363686534
:10D7E000645F6164765F6E657700626C655F6C6C28
:10D7F0005F73636865645F726D765F656C656D000D
:10D80000626C655F6C6C5F73636865645F657865A7
:10D81000637574655F6974656D002E70696F5C6C0B
:10D820006962646570735C70726F5F6D6963726F5B
:10D830005F6E726635323834305C4E696D424C45ED
:10D840002D41726475696E6F5C7372635C6E696D95
:10D85000626C655C6E696D626C655C636F6E747240
:10D860006F6C6C65725C7372635C626C655F6C6C30
:10D870005F7574696C732E6300626C655F6C6C5FBE
:10D880007574696C735F6368616E5F6D61705F7200
:10D89000656D617000626C655F6C6C5F7574696C5E
:10D8A000735F637361325F6368616E3272656D616D
:10D8B0007000626C655F6C6C5F7574696C735F633C
:10D8C0007361325F72656D6170326368616E000012
:10D8D000F401FA00960064004B0032001E001400B0
:10D8E0002E70696F5C6C6962646570735C70726FD6
:10D8F0005F6D6963726F5F6E726635323834305CAB
:10D900004E696D424C452D41726475696E6F5C7352
:10D9100072635C6E696D626C655C706F7274696E67
:10D92000675C6E696D626C655C7372635C68616C88
:10D930005F74696D65722E630068616C5F74696DF8
:10D9400065725F7265616400000000000000000005
:10D95000000000000000000000000000908D00208A
:10D960000338FDD8704700000000000000000000F0
:10D97000FD0A04001F0B0400FF0A04001B0B040037
:10D98000130B0400090B0400030B04000D0A006EC6
:10D99000616E00696E66006F766600000000000030
:10D9A00000000000791204009B12040061120400C0
:10D9B000E7120400951204008F1204007B12040089
:10D9C000C7120400A712040071110400F0FFFFFF4A
:10D9D00000000000591204001D1504008D150400FC
:10D9E000B1150400951604005D160400ED16040040
:10D9F00000000000417204005172040061720400D2
:10DA0000E17204003D730400497504000000000049
:10DA1000396C0400296C0400416C0400FD6C0400A6
:10DA20003D6E0400856E0400000000001D6F0400C0
:10DA3000716F0400916F0400817004007D70040018
:10DA400085700400000000007D780400D178040097
:10DA5000F178040000000000000000006979040073
:10DA6000000000000001010154696E795553422005
:10DA700053657269616C0075736264002530386C9F
:10DA8000582530386C580041424344454647484980
:10DA90004A4B4C4D4E4F505152535455565758596E
:10DAA0005A6162636465666768696A6B6C6D6E6F04
:10DAB000707172737475767778797A303132333465
:10DAC00035363738392B2F0049444C4500546D7298
:10DAD0002053766300666E6900666E692B00666E81
:10DAE000692D00296C6C756E2800296C696E280000
:10DAF000000000000000F03F000000000000244093
:10DB000000000000000059400000000000408F406D
:10DB1000000000000088C34000000000006AF840D8
:10DB20000000000080842E4100000000D0126341FC
:10DB30000000000084D797410000000065CDCD4172
:10DB4000000000205FA00242000000E87648374253
:10DB5000000000A2941A6D42000040E59C30A242F1
:10DB60000000901EC4BCD64200003426F56B0C4366
:10DB70000080E03779C3414300A0D885573476430D
:10DB80006D6C7400010000005461736B3A202573C2
:10DB90002C20737461636B206F766572666C6F778F
:10DBA0000A004D616C6C6F63206661696C6564008E
:10DBB000556E68616E646C65642065786365707429
:10DBC000696F6E2030782530386C7820002C206505
:10DBD0007863657074696F6E2073702030782530BB
:10DBE000386C780A0052303A2030782530386C781A
:10DBF0002C202C2052313A2030782530386C782077
:10DC00002C2052323A2030782530386C782C205233
:10DC1000333A2030782530386C782C205231323A23
:10DC20002030782530386C780A004C523A20307811
:10DC30002530386C782C2050433A20307825303805
:10DC40006C782C205053523A2030782530386C783C
:10DC50000A00417373657274696F6E204661696C66
:10DC600065643A202573206174206C696E652025F7
:10DC700064202C20696E2066756E6374696F6E3A3D
:10DC80002025730050757265207669727475616C19
:10DC90002066756E6374696F6E2063616C6C656479
:10DCA0000068775F636C6F636B5F6866786F5F7245
:10DCB0006566636E74203C203078666600433A5C8B
:10DCC00055736572735C6D6C617370696E615C2E07
:10DCD000706C6174666F726D696F5C7061636B61AB
:10DCE0006765735C6672616D65776F726B2D6E2D03
:10DCF00061626C652D61726475696E6F2D70726FF3
:10DD00002D6D6963726F2D6E726635323834305CFA
:10DD1000636F7265735C6E5246355C776972696ECB
:10DD2000672E630068775F636C6F636B5F6866780C
:10DD30006F5F726566636E7420213D2030006877E6
:10DD40005F636C6F636B5F6866786F5F7265717538
:10DD50006573740068775F636C6F636B5F68667888
:10DD60006F5F72656C65617365006E696365216ED6
:10DD7000616E6F0050726F204D6963726F206E523A
:10DD80004635323834300012010002EF0201400003
:10DD9000000000000101020301090200000001006F
:10DDA000A03262617369635F737472696E673A3A35
:10DDB0005F4D5F637265617465000000243600206A
:10DDC0005245454E54206D616C6C6F6320737563D2
:10DDD000636565646564002F486F73742F686F6DA9
:10DDE000652F696C672F576F726B2F61726D2D6E87
:10DDF0006F6E652D656162692D6763632D392E3302
:10DE00002E312D312E312F736F75726365732F6E26
:10DE100065776C69622F6E65776C69622F6C6962D9
:10DE2000632F7374646C69622F72616E6434382E70
:10DE300063000020202020202020202028282828BF
:10DE400028202020202020202020202020202020CA
:10DE5000202020881010101010101010101010101A
:10DE6000101010040404040404040404041010102A
:10DE700010101010414141414141010101010101D6
:10DE80000101010101010101010101010101101064
:10DE900010101010424242424242020202020202AA
:10DEA0000202020202020202020202020202101036
:10DEB0001010200000000000000000000000000022
:10DEC0000000000000000000000000000000000052
:10DED0000000000000000000000000000000000042
:10DEE0000000000000000000000000000000000032
:10DEF0000000000000000000000000000000000022
:10DF00000000000000000000000000000000000011
:10DF10000000000000000000000000000000000001
:10DF200000000000000000000000000000000000F1
:08DF30000000000000000000E9
:08DF38000883FD7F01000000D9
:10DF4000000000009C9A0400BC9A040010340020D9
:10DF5000D49A040040E20100E89A0400209B0400E7
:10DF6000100000181000002A1000012A243400209C
:10DF7000D19002000000000000000000020000003C
:10DF8000000000000000000028340020D1900200B2
:10DF9000000000000000000002000000000000007F
:10DFA0000000000000000000000000000000000071
:10DFB0000000000000000000000000000000000061
:10DFC0006E696D626C6500000000000000000000DA
:10DFD0000000000000000000000000000000000041
:10DFE000100001181000052A10003A2B1000292BF0
:10DFF000A434002045920200000000000000000050
:10E0000020000000BA3B002000000000A8340020DF
:10E01000E591020000000000000000000200000086
:10E020000000000000000000AC3400200592020057
:10E0300000000000000000000A00000000000000D6
:10E0400000000000000000000000000000000000D0
:10E0500000000000000000000000000000000000C0
:10E0600010000028100001281000022810000328CA
:10E0700010000229100004291000052903000000E7
:10E080000000000000000000030A00000000000083
:10E090000000000000000000000000000000000080
:10E0A0000000000000000000000000000000000070
:10E0B000FB349B5F80000080001000000000000027
:10E0C000000000008035002000000000883500209E
:10E0D000CCC504000100000005DC030000000000C6
:10E0E00002000000A9DB030000000000080000009F
:10E0F00041DB0300000000000100000070D90400B3
:10E1000010000C00DC670020000000000000000090
:10E1100000000000000000000000000000000000FF
:10E1200000000000000000000000000000000000EF
:10E1300000000000000000000000000000000000DF
:10E1400000000000000000000000000000000000CF
:10E15000040000000090D0030A000000010000004D
:10E160002436002000000000000000000000000035
:10E17000000000000000000000000000000000009F
:10E18000000000000000000000000000000000008F
:10E19000000000000000000000000000000000007F
:10E1A000000000000000000000000000000000006F
:10E1B000000000000000000000000000000000005F
:10E1C0000000000025620200AD6C0200C172020076
:10E1D000E9720200F975020051760200397E0200F0
:10E1E000B17003009D0B040055130400716404001A
:08E1F0001D6C04000162020035
:0400000340005FCD8D
:00000001FF
