:020000022000DC
:10600000000004202564040065640400A569040000
:10601000696404006B6404006D6404000000000007
:106020000000000000000000000000009D8004004F
:106030007164040000000000BD8004007564040069
:1060400091660400216A0300776404007764040009
:106050007764040077640400053404007764040066
:10606000776404007764040077640400396A0300ED
:10607000776404002D6A03007764040077640400E9
:1060800077640400513704007764040077640400E7
:106090007764040077640400776404007764040084
:1060A0007764040077640400776404007764040074
:1060B0007764040077640400000000000000000022
:1060C0007764040077640400776404007764040054
:1060D000776404007764040077640400C932040024
:1060E0007764040077640400776404000000000013
:1060F00000000000776404000000000077640400E2
:10610000000000000000000000000000000000008F
:10611000000000000000000000000000000000007F
:10612000000000000000000000000000000000006F
:10613000000000000000000000000000000000005F
:10614000000000000000000000000000000000004F
:10615000000000000000000000000000000000003F
:10616000000000000000000000000000000000002F
:10617000000000000000000000000000000000001F
:10618000000000000000000000000000000000000F
:1061900000000000000000000000000000000000FF
:1061A00000000000000000000000000000000000EF
:1061B00000000000000000000000000000000000DF
:1061C00000000000000000000000000000000000CF
:1061D00000000000000000000000000000000000BF
:1061E00000000000000000000000000000000000AF
:1061F000000000000000000000000000000000009F
:1062000010B5054C237833B9044B13B10448AFF3F0
:1062100000800123237010BDB8360020000000006C
:1062200054E5040008B5034B1BB103490348AFF321
:10623000008008BD00000000BC36002054E50400CA
:10624000A3F5803A704700BF174B002B08BF134BD4
:106250009D46FFF7F5FF00218B460F461348144A71
:10626000121A23F0B5F80E4B002B00D098470D4BB7
:10627000002B00D098470020002104000D000D489D
:10628000002802D00C48AFF3008023F035F820003E
:10629000290020F087F823F01BF800BF0000080059
:1062A000000000000000000000000420B8360020BC
:1062B00018900020000000000000000008B5012137
:1062C0000F2020F0EBFC00210F2020F025FD012104
:1062D0000D2020F0E3FCBDE8084001210D2020F056
:1062E0001BBD0000024A136801331360704700BFF2
:1062F0003037002070477047704710B5044620F0D3
:106300008DF8204610BD10B5044620F087F82046D1
:1063100010BD10B5044620F081F8204610BD00F1F4
:10632000080373B50360044608460D4623F077FA68
:106330000F2805EB0006019007D9002201A920468D
:1063400022F03AF8019B2060A3602068324629467B
:1063500022F065F8019B2268636000212046D15439
:1063600002B070BD13B504460846019123F057FAF8
:10637000019982B204F11C0002B0BDE8104001F0A6
:106380000EBB000008B50121152020F087FC01217B
:10639000162020F083FC0121172020F07FFC012132
:1063A000182020F07BFC0121052020F077FC002143
:1063B000152020F0B1FC0021162020F0ADFC0021BA
:1063C000172020F0A9FC0021182020F0A5FC0021B6
:1063D000052020F0A1FCBDE80840024902481AF05F
:1063E000AFBF00BF809B040008640020F8B5431EC7
:1063F000012B04460D460AD9304931481AF090FF66
:1064000021462F48BDE8F8400A221BF003B82D4969
:106410002B481AF085FF0A22214629481AF0F8FF76
:10642000294927481AF07CFF284B29492448002D88
:1064300008BF19461AF084FF012C4FF005004FF0F9
:1064400001010BBF152717271626182620F064FC1C
:106450000A201DF00DF955B30021384620F05CFCF0
:106460000121304620F058FC32201DF001F9384659
:10647000002120F051FC3046002120F04DFC00218D
:10648000052020F049FC012C0CBF124B124B134984
:106490001D700B481AF044FF214609480A221AF0E1
:1064A000B7FFBDE8F8400E4905481AF049BF012181
:1064B000384620F031FC2946D3E700BFC29B0400D8
:1064C00008640020D99B0400E89B0400BC9B0400E6
:1064D000B79B04003C37002044370020E19B0400B8
:1064E000EE9B0400012810B5044607D10B4B197828
:1064F000BDE8104081F00101FFF778BF022801D10B
:10650000074BF4E7074908481AF00AFF21460648F6
:10651000BDE810400A221AF07DBF00BF3C370020C2
:1065200044370020029C040008640020002102205F
:1065300020F0B4BB0000000008B5022020F0FAFAF9
:1065400022F0C4F80CA3D3E9002322F053FA0CA3E1
:10655000D3E9002322F024F922F01AFC22F0C8F833
:1065600009A3D3E9002322F01BF922F011FC00EE6D
:10657000100A08BDAFF300800000000000F88F4053
:106580006666666666660A40EE7C3F355EBA024025
:1065900038B510EE100A2DED028BB0EE408A22F0D5
:1065A000A7F815A3D3E9002304460D4622F07EFB8D
:1065B000E0B9F0EE087AB4EEE78AF1EE10FA12D9FB
:1065C0000FA3D3E900232046294621F031FF084BD1
:1065D000002222F0E5F8074B4FF0333222F00AFA9E
:1065E00022F0B6FBC0B2BDEC028B38BD6420FAE7E6
:1065F000000059403333F33F6666666666661040B6
:106600003333333333330740014837211AF012BB99
:10661000E8360020002238B505460C4606481146EB
:106620001AF0B6FB044885ED000A00211AF050FC70
:1066300084ED000A38BD00BFE836002008B502210D
:106640000D2020F02BFB02210F2020F027FBBDE8BE
:1066500008400221102020F021BB000038B51CF0BA
:10666000FFFF04460D2020F07BFB60B90D4D2B6829
:10667000E31AC82B07D90C4B1978012081F00101CE
:10668000FFF7B4FE2C600F2020F06AFB40B9074DE5
:106690002B68E31AC82B03D90220FFF723FF2C60D5
:1066A00038BD00BF103700203C37002014370020D1
:1066B00008B50021082020F0F1FABDE808400249A1
:1066C000042208201CF038BEE562020001210420EB
:1066D00020F0E4BA08B50121042020F01DFB64205D
:1066E0001CF0C6FF0420002120F016FBBDE8084086
:1066F0004FF461701CF0BCBF0021112020F0CEBA15
:1067000008B5112020F02CFB003818BF012008BD6F
:1067100070B52DED048B464C86B023688DF80700CC
:10672000F0EE408AB0EE608A002B7CD0414D2868A4
:1067300001220DF107011C3001F031F9206801F050
:10674000ABFC20B128684FF6FF7101F011FA9FED04
:106750003A9A3A4D68EE898A2868FDEEE88A022264
:1067600018EE903A04A91C30ADF8103001F017F97A
:10677000206801F091FC20B128684FF6FF7101F00C
:10678000F7F928EE098A2E4DBCEEC88A286818EE63
:10679000103A02220DF112011C30ADF8123001F056
:1067A000FEF8206801F078FC20B128684FF6FF71F0
:1067B00001F0DEF9234D244B28681B680593042261
:1067C00005A91C3001F0EBF8206801F065FC20B150
:1067D00028684FF6FF7101F0CBF91C4B1C4E1B785B
:1067E00030688DF80E301B4B1B4D1B788DF80F3029
:1067F00001220DF10E011C3001F0D1F828680122B0
:106800000DF10F011C3001F0CAF8206801F044FCC2
:1068100048B14FF6FF71306801F0AAF928684FF6C9
:10682000FF7101F0A5F906B0BDEC048B70BD00BF8F
:106830002C370020D83600200000C842383700200E
:106840000C37002004370020303700203C37002070
:1068500040370020443700204837002010B5094C4D
:10686000094920461AF06CFD084920461AF068FDD7
:10687000074920461AF064FD20460649BDE810404D
:106880001AF05EBD08640020249C04003C9C0400B7
:10689000739C0400AA9C040038B5084B1D785DB9B0
:1068A000074C206840B11EF0EAFB25600549064808
:1068B000BDE838401AF044BD38BD00BF2437002081
:1068C00018370020DE9C04000864002010B5044640
:1068D000006808B11FF0A2FD204610BD2DE9F0416F
:1068E0002DED028B90B001A96846FFF793FEFFF7EC
:1068F00023FEB0EE408AFFF74BFE8046FFF7AEFE68
:10690000FFF7E8FE80498148814F1AF009FD18EE33
:10691000100A21F0EDFE41EC100B02217B481AF029
:1069200045FE7C4979481AF0FBFC0A22414677482B
:106930001AF06EFD784975481AF002FD77497348E0
:106940001AF0EEFC009821F0D3FE41EC100B02216E
:106950006E481AF02EFE72496C481AF0E1FC01985C
:1069600021F0C6FE41EC100B022168481AF021FE0E
:106970006C4966481AF0D4FC6B4B644819680A22CB
:106980001AF052FD694961481AF0CAFCFFF7B8FED7
:10699000674A6849002818BF11465C481AF0D0FCC5
:1069A0003B68002B00F09C8063495848634E1AF006
:1069B000B7FC386801F070FB0A22014653481AF010
:1069C00029FD3378002B78D01CF04AFE5C4B1B6805
:1069D000984272D35B494D481AF0B2FC01F07AF943
:1069E00000F01BFEC8201CF043FE01F073F92021CB
:1069F000054600F00EFEA021284600F00CFE52498C
:106A00000AA8FFF78CFC0AA9284600F041FE0AA854
:106A100021F0F4FC00244C4904940AA8CDE9024476
:106A2000FFF77DFC01220AA902A800F0D0FB0AA80A
:106A300021F0E4FC45490AA8FFF771FC0AA905A862
:106A400002F08AF805A902A800F02EFC0AA821F09D
:106A5000D5FC02A9284600F098FE3B4907940AA8F5
:106A6000CDE90544FFF75BFC01220AA905A800F067
:106A7000AEFB0AA821F0C2FC05A9284600F0AEFE34
:106A8000204601F037F93249044620481AF048FC04
:106A90003049314B1D48002C08BF19461AF050FCF4
:106AA0001CB12E4919481AF04BFC002305A833707D
:106AB000FFF70CFF02A8FFF709FF386801F0ECFAB6
:106AC00070B9337863B901F005F900F0AFFD044601
:106AD00030B923490D481AF033FC204601F00AF979
:106AE000DDED010A9DED000A4046B0EE481AFFF7C1
:106AF0000FFEFFF7D1FE4FF47A701CF0B9FD10B015
:106B0000BDEC028BBDE8F0811C9D040008640020F0
:106B10002C370020269D04002B9D04002E9D040090
:106B2000359D04003B9D040030370020499D040042
:106B3000FE9C0400089D04004F9D04003437002093
:106B4000D4360020679D0400909D0400979D0400AA
:106B50009C9D040044D80400159D0400B99D0400C8
:106B6000EF9D04002DE9F04F93B0B849B84CB94FF0
:106B7000B94EDFF88493DFF88483DFF884B3DFF85D
:106B800084A30CA8FFF7CBFB0CA801F065F90CA8B7
:106B900021F034FC0021082001F00EF901F07EF80C
:106BA0000546206004201FF035FCAC4B0360014615
:106BB0000122284601F0E4FAA9492068A94D01F014
:106BC0006CFBA94BA949186012224FF4007301F025
:106BD000AAFFA74BA7491860206801F05EFBA649F1
:106BE00038604FF40073122201F09DFFA34BA449BB
:106BF000186012224FF40073386801F094FFA14B23
:106C0000A1491860206801F048FBA04AA049106023
:106C10004FF40073122201F086FF9E4B9E491860CC
:106C2000206801F03AFB9D4930604FF400731A224E
:106C300001F079FF4FF400731A229949C9F8000056
:106C4000306801F070FF9749C8F80000206801F033
:106C500024FB954928604FF40073022201F063FF82
:106C60004FF4007302229149CBF80000286801F02C
:106C70005AFF8F49CAF8000020688E4C01F00DFBC6
:106C80008D4920604FF40073082201F04CFF8B49BE
:106C90000C2208604FF400738949206801F043FF1B
:106CA000884B6A491860DBF80000FFF75BFB8649F8
:106CB000DAF80000FFF756FB844AD9F80000127892
:106CC0008DF80E20824A12788DF80F200DF10E01FA
:106CD00001221C3000F063FED8F8000001220DF103
:106CE0000F011C3000F05BFE04201FF093FB794A7B
:106CF000026001460190D9F8000000F043FF0199BD
:106D0000D8F8000000F03EFF04201FF083FB724A19
:106D10000260014601906948006800F033FF694B4A
:106D20000199186800F02EFF4F4B186801F05CFDC8
:106D3000386801F059FD554A106801F055FD30687A
:106D400001F052FD286801F04FFD206801F04CFD74
:106D500000F0C0FF4249044600F085FC454920464A
:106D600000F081FC4C49204600F07DFC5049204653
:106D700000F079FC2046202100F04BFC2046A021A9
:106D800000F049FC31490CA8FFF7C9FA0CA92046CC
:106D900000F07EFC0CA821F031FB00252B49069564
:106DA0000CA8CDE90455FFF7BAFA01220CA904A8F2
:106DB00000F00DFA0CA821F021FB29490CA8FFF7DF
:106DC000AEFA0CA907A801F0C7FE07A904A800F0B5
:106DD0006BFA0CA821F012FB294604A800F098FBDE
:106DE00004A9204600F0D1FC184909950CA8CDE96A
:106DF0000755FFF794FA01220CA907A800F0E7F95C
:106E00000CA821F0FBFA07A9204600F0E7FC284671
:106E100000F070FF3149044631481AF081FA3149D7
:106E2000314B2F48AC4208BF19461AF089FA002CA2
:106E30006AD02E492A481AF083FA2D4928481AF0B8
:106E40007FFA2C4926481AF07BFA5DE0909D0400F9
:106E50002C370020FC3600204C370020E09F040037
:106E6000979D0400E4360020DC360020239E0400B9
:106E7000D8360020289E04002D9E040038370020BC
:106E8000329E04000C370020379E04000837002093
:106E90005C9E040004370020819E0400A69E04002E
:106EA000CB9E0400F09E0400F59E0400FA9E0400B0
:106EB0004E9C040028370020859C04001C370020CD
:106EC000B99C040020370020FF9E04003C370020BE
:106ED0004437002014A0040034A00400059F0400DF
:106EE0000864002044D80400159D04002E9F04006F
:106EF000499F04008F9F040040370020483700203E
:106F0000E03600200037002007A8FFF7DFFC04A8C8
:106F1000FFF7DCFC13B0BDE8F08F00BF08B5FFF74A
:106F200031FAFFF703FBFFF76FFBFFF787FBFFF774
:106F3000BFFBFFF7CBFBFFF7DFFBFFF713FEFFF70E
:106F40008DFCBDE8084002484FF4E1311AF01EBC48
:106F500008640020062302481622194619F05ABE7A
:106F6000E836002008B11FF059BA70472DE9F04704
:106F7000194C1A4BA2EB010806464FEAA8004443FD
:106F80009C428946924602D9154821F00AFA1CB162
:106F900040461FF03FFA044604EB08033460B36038
:106FA0004FF0000C09EB0C05AA4508D00FCD04EBFF
:106FB0000C070FC72B683B600CF1140CF2E7094B70
:106FC0004FEA980803FB08F323F04043142000FB2A
:106FD00003447460BDE8F087CDCCCCCC6666660611
:106FE0004CA00400CDCCCC0C10B5D0E9002400207E
:106FF000A41AA04207D213185B788B4205D0135C09
:1070000001331844F5E74FF0FF3010BD091A08B5F9
:10701000531A29B10A460146184622F0BFF9034621
:10702000184608BD10B504461046D4E900236FF099
:1070300000449B1AE21A8A4201D221F0B2F9994225
:1070400038BF1946C91805D20029ACBF08466FF0F1
:10705000004010BD2046FCE710B50C1A134605D0C1
:1070600001462246184622F099F90346181910BD28
:1070700010B50C1A134605D001462246184622F0D8
:107080008DF90346181910BD70B5D1E90035ED1A18
:1070900000239D42C0E9003304460E46836011D0B0
:1070A00001DA21F078F928461FF0B4F902461544B8
:1070B000C4E90022D6E90001A560FFF7D9FF6060AE
:1070C000204670BD2A46F2E710B50446FFF7DCFF04
:1070D000204610BD9A422DE9F84F04460D4617464A
:1070E00099461ED09E1AD0E90183A3EB0803B34250
:1070F0002FD3A8EB010A564515D2A8EB060A424643
:1071000041465046FFF7B4FF626816445146424676
:1071100066602846FFF77AFF2A4649463846FFF759
:10712000A7FFBDE8F88F02EB0A0B494642465846D6
:10713000FFF79EFF6268A6EB0A0632446260414692
:107140002846FFF795FF6368534463602A46594613
:10715000E4E7134A3146FFF765FFB0F100081DD0A0
:1071600001DA21F018F91FF055F906463246294692
:107170002068FFF771FF494602463846FFF778FF5F
:10718000616802462846FFF767FF05462068FFF75B
:10719000E9FEC4E900654644A660C2E74646E5E765
:1071A0007DA0040037B5D0E900452C1B14441F2CEA
:1071B0000BD84FF000038DF800308B180A46294693
:1071C000FFF788FF012003B030BD0020FBE730B59A
:1071D0004B6809681E2B044638BF1046DAB228BF38
:1071E00000201D2A89B028BF1D22531C002802F14F
:1071F00002058DF80030EDB214BF092308230DF10C
:1072000002008DF8013022F0BBF82A46694620467C
:10721000FFF7C8FF09B030BD2DE9F04FD3E9007A80
:1072200089B080460D4614464FEAD20902265745DA
:1072300017D0384601F005FDA0420FD106EB090B2F
:10724000BBF11E0F0CDC384601F0FDFC4A4601463E
:107250000DEB060022F094F85FFA8BF61437E6E7A0
:107260000025731E202C8DF8003011D0802C14D0F6
:10727000102C17D1002D14BF032302233246694678
:1072800040468DF80130FFF78DFF09B0BDE8F08F63
:10729000002D14BF05230423F0E7002D14BF07239E
:1072A0000623EBE70020F0E7F0B5064689B0084674
:1072B0000C4601F0C6FC07460FCC03AD0FC5236892
:1072C0002B6008AA002303A96846CDE90033029386
:1072D000FFF74CFE6B463A4601213046FFF79CFF14
:1072E0000446009808B11FF099F8204609B0F0BD97
:1072F0002DE9F04706468AB008468A4601F0A1FC0F
:10730000C0F3C704042C38D0102C38D0022C4CD138
:107310000327FFB239463046FFF766FE421C08BF1E
:1073200004F102083146054602A80CBF5FFA88F84E
:10733000A046FFF7A9FEDDE902031B1A03EB0809CB
:10734000FFF710FEB9F11F0F2FD8504601F07BFC5C
:107350006B1C014615D1631C22460DF10A008DF805
:1073600008308DF8097022F00BF8424602A9304629
:10737000FFF718FF0AB0BDE8F0870527C9E7072720
:10738000C7E73368585D5F1901304FF000038DF88F
:1073900000300A460B1939183046FFF79BFE336858
:1073A000585D04445C550120E4E70020E2E700005A
:1073B00093422DE9F84F04460D46174699461ED0D4
:1073C0009E1AD0E90183A3EB0803B3422FD3A8EBA5
:1073D000010A564515D2A8EB060A424641465046D8
:1073E000FFF746FE626816445146424666602846EC
:1073F000FFF70CFE2A4649463846FFF739FEBDE83E
:10740000F88F02EB0A0B494642465846FFF730FE1A
:107410006268A6EB0A063244626041462846FFF7DE
:1074200027FE6368534463602A465946E4E7134ADB
:107430003146FFF7F7FDB0F100081DD001DA20F06A
:10744000AAFF1EF0E7FF0646324629462068FFF7EE
:1074500003FE494602463846FFF70AFE61680246C7
:107460002846FFF7F9FD05462068FFF77BFDC4E9D4
:1074700000654644A660C2E74646E5E77DA00400F5
:1074800070B588B00446FFF7AFFD431C05464FF0CA
:10749000000338D0266807939842CDE9053306EB00
:1074A000000102DA194820F07CFF2AD003911EF077
:1074B000B1FF039902465319304605920793FFF72F
:1074C000D7FD22680690535D1D4401354FF000033F
:1074D00001462A448DF8003005A86368FFF768FF6D
:1074E000DDE905126568079B20680695C4E900126E
:1074F000A568A36005900795FFF734FD012008B04B
:1075000070BD0246D7E71846F9E700BF4CA004005B
:1075100007B529B91921FFF7B3FF03B05DF804FBE4
:10752000042241F60313ADF806100DEB0201ADF88D
:107530000430FFF737FEF0E737B50C46012105466A
:10754000FFF752FD431C0DD03CB12B68184444F0AA
:1075500004048470012003B030BD01212846FFF7E8
:107560008FFFF8E74FF4817344F00404032201A96C
:107570002846ADF804308DF80640FFF713FEEAE721
:1075800000F1080373B5044603600D46E1B10846F7
:1075900022F045F90F2805EB0006019007D90022DB
:1075A00001A9204620F008FF019B2060A36020680D
:1075B0003246294620F033FF019B22686360002198
:1075C0002046D15402B070BD014820F0E7FE00BF54
:1075D00095A0040038B50023C0E90633C0E90033A4
:1075E000C0E90233C0E904330384C36243636FF02C
:1075F0000043836390F83C300446022523F00303E4
:1076000080F83C3005762946FFF796FF65762046E0
:1076100038BD418370478183704708B504F0E0FEB0
:1076200030F002030CBF0120002008BD08B505F0B2
:1076300003F8003818BF012008BD38B504460D46D0
:10764000FFF756FE38B194F83C306FF3410384F8ED
:107650003C30012038BD294604F10C00FFF748FEFC
:107660000028F0D1F6E710B58CB0044606A8FFF765
:1076700087FF06A901A801F06FFA01A92046FFF7CC
:10768000DCFF044606A820F0B9FE20460CB010BD71
:1076900038B590F83C30DB0704460D460CD5012286
:1076A0000C30FFF794FD38B194F83C306FF3410390
:1076B00084F83C30012038BD012229462046FFF7DE
:1076C00086FD0028F0D1F6E707B5826801910AB976
:1076D00020F06AFEC36801A9984703B05DF804FB77
:1076E00008B50378092B09D14068162808D8084A3C
:1076F00001238340134203D000F06EFA002008BD3E
:10770000CB6A002BFAD001F12400FFF7DDFFF5E78B
:10771000001848008142F7B504460D461FD0D1E954
:10772000007102688368CE1B9B1AB3421AD2002EE6
:1077300001DA20F030FE304601911EF06BFE019917
:10774000024605463846FFF793FC206808B11EF054
:1077500065FE25603544A56023681E4466602046AA
:1077600003B0F0BD43689B1A9E4203D83846FFF72A
:107770007FFCF1E7F9183846FFF77AFCD4E90002FC
:10778000D5E90031101A1844F1E770B586B00D46FE
:1077900004466846FFF798FC294603A8009EFFF7B9
:1077A00093FCDDE903313046C91A04F003FF0646B5
:1077B00003A8FFF78BF86846FFF788F866B92946F3
:1077C0002046FFF7A7FF94F83C3043F0020384F80B
:1077D0003C30012006B070BD0020FBE770B586B0DC
:1077E0000C4605466846FFF76FFC214603A8009E3D
:1077F000FFF76AFCDDE903313046C91A04F0FBFEED
:10780000064603A8FFF762F86846FFF75FF83EB93F
:10781000214605F10C00FFF77DFF012006B070BD89
:107820000020FBE72DE9F0432C4B1F7889B004467C
:107830000E46154627B90027384609B0BDE8F08343
:1078400004F0FAFE0028F7D100F03EFA074608B12E
:1078500000F0D3FB94F83C309A071CD42146204614
:10786000FFF793FF0028E6D094F83C30DB0712D5F1
:1078700004F10C0105A80391FFF726FCDDE9058959
:1078800005A8FFF723F8C14505D003992046FFF767
:10789000A5FF0028CFD0124BA663002E93F80080DE
:1078A00008BF6FF000461DB128460FF0A7FB054644
:1078B0000C480D4B002F14BF07461F46CDE900743E
:1078C00004F1180332462946404604F099FD30F091
:1078D00002030CBF01270027AEE700BF743700206A
:1078E0006937002021840200E176020008B590F893
:1078F0003C30826B6FF34103014680F83C3022B983
:10790000BDE808401146FFF78DBFC36A13B12430AC
:10791000FFF7DAFE08BD70B50E4601210446701867
:1079200015461DF0A8FBB5F5007F28BF4FF4007584
:1079300000232060A580E3802681204670BD10B51D
:107940000446006808B11DF09AFB204610BD2DE9E1
:10795000F041044688461746F2B1C588838815442D
:107960009D4219DC03890668ADB2AB4205D23046B0
:10797000691C1DF082FB258106466EB11BF0C8FE16
:10798000E0883A464146304421F0FAFC0023266064
:10799000E58073551BF0C4FE2046BDE8F081F8B5C4
:1079A0000368054600240F461646C4801C70FFF786
:1079B000CEFF28683246394621F0D4FC20B9EB8846
:1079C0009B1B58425841F8BD2046FCE77047C36AEC
:1079D0000A46196810B48C680146184623465DF8BB
:1079E000044B184770477047704710B504461EF0A7
:1079F00015FD204610BD70B504461C301D46FFF72E
:107A0000CEFFE06A03682A462146DB68BDE8704085
:107A10001847000070B5D0E90D560C4B03600446C2
:107A2000B54207D055F8040B0028F9D003685B680D
:107A30009847F5E7606B08B11EF0F0FC2046044B58
:107A400040F81C3BFFF77BFF204670BDE0A0040020
:107A5000C8A0040010B50446FFF7DCFF20461EF066
:107A6000DDFC204610BD0000F8B50D4604469C46DE
:107A70001746061D0FCD0FC62B68336000252583E2
:107A8000A5766246142104F11C00FFF744FF064B63
:107A90002360064BE362069B2785C4E90C35C4E9E5
:107AA0000E552046F8BD00BFE0A0040004340020BD
:107AB000008D7047016370472DE9FF471E46BDF8F2
:107AC00030400746154688464FF6FF7300293ED0E2
:107AD000002A3CD09C420DD091B2404609F052FBA6
:107AE0000246F0B1398B2046002E39D006F068FCF2
:107AF000044628E000F0E8F8014601A800F030FC58
:107B0000DDE9019A0024ADB2D14518D0294640469E
:107B100009F038FB024638B9019808B11EF07EFC26
:107B2000002004B0BDE8F08739F8020B398B1EB194
:107B300006F046FC0446E7E706F090FCFAE70198F9
:107B400008B11EF06BFCB4FA84F04009E9E79C42EE
:107B5000398B08D016B100222046C7E732462046AE
:107B600006F07CFCC4E7084607F0DAFC0120D8E701
:107B700007B50022009101231146FFF79DFF03B0D6
:107B80005DF804FB024B002908BF1946C16270472B
:107B900004340020024A0349034820F0F7BB00BF29
:107BA00000340020CD790200043400207047704773
:107BB00010B504461EF032FC204610BD024A0349AF
:107BC000034820F0E3BB00BF00340020AF7B02007D
:107BD0000834002070470000024B1A780AB10022D6
:107BE0001A7070477437002010B504461EF016FC5A
:107BF000204610BD08B50EF077F9BDE808400EF03C
:107C0000FDBE084611460DF005BA0000054B1B6885
:107C10000A46196810B48C680146184623465DF878
:107C2000044B18470C34002010B5134C207810BBBF
:107C30000EF00DF8F8B901200EF009F80246D0B99F
:107C4000014609F03DFA10B10C4B01221A700120D7
:107C50001CF022FD01232370094B1B785BB1094BFB
:107C6000186808B100F057F9074B186818B1BDE85B
:107C70001040FFF73BBE10BD74370020693700206D
:107C800068370020703700206C37002010B504469C
:107C9000006808B11EF0C2FB204610BD38B5094C83
:107CA000236863B920201EF0B5FB054600F08CF96F
:107CB000256007F043FF01F0E1FE01F06FFF20684F
:107CC00038BD00BF78370020014B1868704700BFEF
:107CD0007837002038B5064C236833B940201EF0B1
:107CE00099FB0546FFF776FC2560206838BD00BF8C
:107CF0006C37002007B50190FFF7ECFF01990022D7
:107D000003B05DF804EBFFF78DBD08B5FFF7E2FFA8
:107D1000BDE80840FFF781BC70B5044670B3194B4D
:107D200003201E4653F8042B944228D120460FF01E
:107D3000E1FB356858B195F8283043F0020385F827
:107D4000283028461321BDE870400FF0F9B92369A7
:107D500053B195F8283043F0040385F828302846BD
:107D6000BDE870400FF0FBB92DB128460FF094F933
:107D700028461EF053FB00233360012070BD0138FC
:107D8000CFD1FBE750370020F7B50A4F0646032551
:107D900057F8044B44B1214668460FF0EBF93146E1
:107DA00068460FF02CF910B9013DF1D12C46204660
:107DB00003B0F0BD5037002008B501F079FAB0FAF1
:107DC00080F0400908BD0000014B1868704700BFF3
:107DD0001434002010B50C4604F024FF04B12060D8
:107DE00030F002030CBF0120002010BD30B5044666
:107DF00087B00D461422002101A821F0E9FA0223E0
:107E0000208C8DF8043001A902950BF099FDB0FA91
:107E100080F0400907B030BD30B587B004460D464C
:107E20001422002101A821F0D3FA0423208C8DF81C
:107E300004300DEB03018DF808500BF081FDB0FA12
:107E400080F0400907B030BD08B5006801F000FEC1
:107E5000B0FA80F0400908BD37B5154C2278E2B978
:107E600001900EF023F8134B134A1A61134A5A611A
:107E7000134A9A621A89019822F46F6222F00F0263
:107E800042F003021A810322DA721A73FFF7DCFF51
:107E90000DF04CFD0B480EF07DFD0B4D2B780120B5
:107EA00013B91CF0F9FBF9E7207003B030BD00BF37
:107EB0006837002040350020D97B0200297C020071
:107EC0000D7C0200F57B02007437002008B5084ADB
:107ED0000849094820F05AFA0848054A0849002389
:107EE000C0E900338360BDE8084020F04FBA00BF0E
:107EF00000340020D57B0200103400205C370020C5
:107F00008D7C020070477047704710B504461EF024
:107F100085FA204610BD0146162251F80C0B036865
:107F20001B691847024A0349034820F02FBA00BFD3
:107F300000340020057F020018340020704770478D
:107F4000704770470048704740E201007047704733
:107F500010B504461EF062FA204610BD0846012105
:107F6000FFF75ABF00F1080373B5044603600D46DE
:107F7000E1B1084621F053FC0F2805EB0006019003
:107F800007D9002201A9204620F016FA019B2060A3
:107F9000A36020683246294620F041FA019B2268FE
:107FA000636000212046D15402B070BD014820F02A
:107FB000F5F900BF95A0040010B52C22044600215D
:107FC00021F006FA204610BD027822F00F0202705E
:107FD000054A42600022C0E90222C26102614FF0FC
:107FE000FF324261028370471C3400200378DA07B5
:107FF00044BF43F002030370704703782DE9F74F45
:10800000D907044645D407F02DF9002841D1D4E919
:108010000259A9452ED02868837D0BB32B68D3E97C
:10802000067ABA4524D057F8043BD3E90D6B5E4578
:10803000F7D0286800F016FE804657F8040C04308C
:1080400000F010FE01903068043000F00BFE56F88E
:10805000043B019902461833404607F07DFCE6E7F1
:1080600000F000FE2968143107F068FC0028D5D024
:108070000435CEE723789A0707D56FF341032370C1
:108080004FF6FF71012001F07BFD237843F00103DF
:10809000237003B0BDE8F08F10B500F11402002387
:1080A0001A304FF6FF71824205D032F8024B8C42F3
:1080B000F9D00133F7E7D8B210BD2DE9F0478CB005
:1080C00000AF14460646381D1D46FFF775FF391DE3
:1080D000304603F0F9FE2378032B4FD8DFE803F096
:1080E000022002206368DB8843B14FF6FF739E4293
:1080F00004D02B68391D9B68284698471BF008FB65
:108100006A8CE96960680EF036F804461BF008FBDB
:10811000002C18BF112420463037BD46BDE8F0873B
:108120006468B5F82090E6884E45E84602D90D24EB
:10813000C546F0E709F10703DB08A8EBC3039D463A
:10814000216832466846EA4621F01AF9E46864B1CB
:10815000E288B3189945EADB0AEB0600216821F0B2
:108160000FF9E3881E44B6B2F0E72B683246D3F825
:108170000C9051463B1D2846C847D9E70E24CAE754
:10818000037821B1416062F3820303707047024AB1
:10819000426061F38203F8E71C34002007B50191C7
:1081A000FFF798FD0199002203B05DF804EBFFF79B
:1081B00039BB00002DE9F84FD0E9009893466FF0E5
:1081C0006043A8EB0902B3EBA20F07468A464FEAC9
:1081D000A20402D11D4820F0E4F8012C224638BF49
:1081E0000122A418A1EB09052DD23CB19C4228BF65
:1081F0001C46A0001EF00EF9064600E02646DBF8FD
:1082000000307351002D04DD2A464946304621F0E6
:10821000C5F8A8EB0A080435B8F1000F354404DDB1
:1082200042465146284621F0ABF84544B9F1000FCB
:1082300002D048461EF0F2F806EB8404C7E9006558
:10824000BC60BDE8F88F1C46D3E700BF58A104000E
:1082500010B50A46D0E90114A14204D0126841F8D1
:10826000042B416010BDFFF7A5FFFBE730B585B0DB
:108270000446442001911EF0CDF80199054600F016
:108280007BFA03A904F108000395FFF7E1FF2046FC
:10829000FFF7ACFE039805B030BD10B58CB00446B6
:1082A00006A8FFF75FFE06A901A800F055FC01A98A
:1082B0002046FFF7DBFF044606A820F09FF8204683
:1082C0000CB010BD2DE9F84FD0E9009893466FF03F
:1082D0004043A8EB0902B3EB620F07468A464FEA18
:1082E000620402D11D4820F05CF8012C224638BF00
:1082F0000122A418A1EB09052DD23CB19C4228BF54
:108300001C4660001EF086F8064600E02646BBF8D4
:1083100000307353002D04DD2A464946304621F0D3
:108320003DF8A8EB0A080235B8F1000F354404DD2A
:1083300042465146284621F023F84544B9F1000F42
:1083400002D048461EF06AF806EB4404C7E900650F
:10835000BC60BDE8F88F1C46D3E700BF58A10400FD
:10836000F8B50023C0E900330446836001F1140628
:1083700001F11A054FF6FF77AE4232460FD036F8BC
:10838000023BBB42F8D0D4E90110814203D021F86E
:10839000023B6160F0E72046FFF794FFECE72046E0
:1083A000F8BD42680B4604318A4210B5044604D039
:1083B0001846521A20F0F2FF03466268043A6260DF
:1083C000184610BDF8B50546FFF766FE38BB2F46C8
:1083D000FFF79BFC07F0B2FB01F050FB01F0DEFB66
:1083E00057F8084FEB68A34215D02668B37D6BB1F0
:1083F000022B0ED1304600F0D8F930461EF00EF8B0
:1084000021463846FFF7CDFF0446EBE7304600F043
:10841000EBF90434E6E72B786FF300032B70F8BD1B
:108420002DE9F04393B0054607A80191FFF7C4FD7D
:10843000FFF74AFC2B7801990646122B1BD8DFE880
:1084400013F013003D001A00E8001A001A001A0089
:108450001A001A00E300020135011A00C100800071
:10846000B2001B01F60026016B681A2B05D023B160
:108470000020FFF73FFC00241CE0288907A903F037
:1084800023FD04460028F6D106F1140306F11A076D
:108490004FF6FF719F421A4606D01088884203F1BA
:1084A0000203F7D12B8913807068036807AA9B68C1
:1084B00031469847204613B0BDE8F0836868162817
:1084C00006D8904A01238340134201D0FFF784FB72
:1084D00006F1140306F11A04A3421A4608D01088C4
:1084E000298D884203F10203F6D14FF6FF73138002
:1084F000F36933B12A8D998C914204BF4FF6FF7214
:108500009A843378990702D53046FFF75BFF05F16F
:1085100008070FCF07AC0FC40FCF0FC497E80700B1
:1085200084E807007068036807AADC686B68314656
:10853000A04733781A079ED500213046FFF72EFE5C
:1085400099E7D0E90267B74295D056F8043BD3E9E2
:108550000648A045F7D02368EA881B8B9A4220D1B1
:10856000A88807A903F0B0FC0028ECD12068FFF729
:108570009FFA079911F0010105D110F4606F02D044
:10858000A888FFF727FC21686A7AC86A0368C2F3E3
:10859000C00CC2F34002D3F8149002EB4C0307AABC
:1085A000C8470434D5E7A88807A903F08DFC044622
:1085B00000287FF460AF70682989036807AA1B69E7
:1085C000984777E7D0E90227002197420DD052F86B
:1085D000043BD3E9063C9C45F7D053F8040B6E8965
:1085E000048BA64208BF0146F5E700293FF443AFDC
:1085F0002B7B6A68DB0702D5002A3FF43CAFC86AD0
:1086000003681B69984736E72846FFF769F8044670
:1086100050E7288907A903F057FC044600287FF497
:108620002AAF706803685B6A07A9984742E7A88881
:1086300007A903F049FC002861D10DF127000CF0D7
:1086400092FC012436E7288907A903F03DFC044683
:108650000028F6D17068036807A9DB699847F169BB
:1086600000293FF408AF8A8C2B899A427FF403AF2C
:1086700028460EF099FD1DE7A88807A903F024FC01
:1086800004460028DDD1706803681B6ACCE728899E
:1086900007A903F019FC04460028D2D17068AA7A11
:1086A000036807A99E6AEB7AB04703E7142200210A
:1086B00002A820F08DFE2B79032B11D18DF8083004
:1086C000FFF782FB104B0390984204D17068036857
:1086D0005B6998470390A88902A90BF031F9CAE6B3
:1086E000042B7FF4C8AEA88907A903F0EDFB00288E
:1086F000A7D17068AA68036807A99B6982E702246A
:10870000D8E600BF0018480040E20100024A0349D1
:1087100003481FF03BBE00BF003400203D7F020035
:108720001C34002000F1080373B5044603600D46B5
:10873000E1B1084621F073F80F2805EB000601901F
:1087400007D9002201A920461FF036FE019B2060B8
:10875000A3602068324629461FF061FE019B226813
:10876000636000212046D15402B070BD01481FF063
:1087700015FE00BF95A0040070B50D4604460646E0
:108780000FCD0FC62B6833600021C4E90611A1820A
:10879000A1752162202204F1240020F019FE204658
:1087A00000F060FAA062204670BD036B70B504460D
:1087B0003BB1D86808B11DF033FE206B08B11DF045
:1087C0002FFED4E90656AE4207D055F8040B002818
:1087D000F9D003685B689847F5E7A06908B11DF018
:1087E0001DFE204670BD00002DE9F04F036B87B0E1
:1087F000044673B9236BABB9D4E9063200259A421B
:10880000194619D00968897E04330029F7D101354A
:10881000F5E7FFF759FA03789B07EBD4012007B07F
:10882000BDE8F08FD86808B11DF0FAFD206B002874
:10883000E2D01DF0F5FDDFE7002D00F09980544AED
:108840006B1C93429ABF1C2058434FF0FF301DF021
:10885000E3FD06460346002D08DB18461C220021D6
:1088600020F0B6FD03461C33013DF4E7E369A5693A
:1088700001934FF000094FF01C0B019BAB4276D0E7
:108880002B689A7E002A70D1D3E90D319046994227
:108890001A4607D01268927E0433002AF7D108F1F5
:1088A0000108F4E7B8F1000F46D008F10100B0F17B
:1088B000006F34BF00014FF0FF301DF0ADFD0746E3
:1088C0000346B8F1000F09DB18461022002120F002
:1088D0007FFD0346103308F1FF38F2E72B689A6BEF
:1088E000D3F8348002924FF0000A029B434520D017
:1088F000D8F80000827E0592C2B94FEA0A1107EB50
:108900000A1304300491039300F0ACF90499039B1B
:108910007850D8F80010059A098D19715A711D4ABE
:108920009A60D8F80020DA600AF1010A08F1040818
:10893000DBE70BFB0963DF602868043000F092F985
:108940000BFB09F806EB0807124B46F808007B60A2
:108950002B68BB602868FFF7ABF80023BB742B685B
:10896000388218337B6109F10109043585E72663F4
:10897000012304F8243F204607F03CF830B9204694
:1089800007F010F8B0FA80F0400948E7002046E709
:1089900024499204BB8002002DE9F843D0E906582F
:1089A00089461646002445452F460FD0386849466B
:1089B0000430043500F058F90028F4D0B44202D154
:1089C0003868BDE8F8830134A4B2ECE70020F8E78A
:1089D0002DE9F84FD0E9009893466FF06043A8EB7B
:1089E0000902B3EBA20F07468A464FEAA20402D15E
:1089F0001D481FF0D6FC012C224638BF0122A418C6
:108A0000A1EB09052DD23CB19C4228BF1C46A00019
:108A10001DF000FD064600E02646DBF800307351ED
:108A2000002D04DD2A464946304620F0B7FCA8EB6D
:108A30000A080435B8F1000F354404DD42465146BA
:108A4000284620F09DFC4544B9F1000F02D048466D
:108A50001DF0E4FC06EB8404C7E90065BC60BDE8DA
:108A6000F88F1C46D3E700BF58A1040010B50A4692
:108A7000D0E90114A14204D0126841F8042B4160EE
:108A800010BDFFF7A5FFFBE773B58B7E0191044690
:108A9000084673B1D4E906250023194695421646C7
:108AA00007D03668B04202F10402F7D18176012383
:108AB000F4E7D4E906259542114609D009688842B1
:108AC00002F10402F7D12146FEF7F4FF02B070BDB7
:108AD00023B901A904F11800FFF7C8FF2146019846
:108AE000FEF7E8FFFFF7F0F8FFF780FAEEE77FB553
:108AF000044640200391164602931DF08BFC029B16
:108B000003990094B2B205460291FEF7ADFF0299B7
:108B100000222046FFF740FF20462946FFF7B4FF1A
:108B2000284604B070BD10B58EB0044608A8CDE943
:108B30000032FFF7F7FD08A903A800F00DF8DDE902
:108B4000003203A92046FFF7D2FF044608A81FF011
:108B500055FC20460EB010BDF0B50D4687B014226E
:108B60000021044620F034FC6B68042B09D110224C
:108B700028682270002120F07BFF6080204607B02B
:108B8000F0BD082B08D12023286823701022002173
:108B900020F06EFF6060F1E7102B0CD12B68621C97
:108BA00003F1100153F8040B42F8040B8B42F9D186
:108BB00080232370E2E7242B41D12868102201A9E9
:108BC00020F0D0FE05460198102201A9013020F0C6
:108BD000C9FE0F042B4647EA1047050401980026FA
:108BE00075194FF0100201A900F1010043EB0707CE
:108BF00020F0B8FE281847EB0101CDE902010198E9
:108C0000102201A9013020F0ADFE05460198102286
:108C10003146013020F0A6FE2A04301842EB010153
:108C200002ABCDE9040103CB04ABC4F80900C4F8DE
:108C30000D1003CBC4F80100C4F80510B8E70023F9
:108C4000B7E7007870470378202B05D0802B05D03C
:108C5000102B05D102307047043070470130704747
:108C600000207047704700002DE9FF410578064657
:108C70000C46002D60D00A78002A5DD0AA4234D07C
:108C80002E4B6F4603F1100EB84618685968BC4663
:108C9000ACE80300083373456746F6D1802D15D143
:108CA0002046FFF7D0FF102A01460CBF0222042203
:108CB00003A820F065FB3046FFF7C5FF10224146B0
:108CC00020F050FBB0FA80F040091BE0802A33D13D
:108CD0003046FFF7B8FF102D01460CBF02220422D8
:108CE00003A820F04DFB2046E6E7102A0DD1FFF740
:108CF000AAFF02460846FFF7A6FF138800881B1A42
:108D00005842584104B0BDE8F081202A08D1FFF74D
:108D10009AFF02460846FFF796FF13680068EEE7E1
:108D2000802A09D1FFF78FFF05460846FFF78BFF22
:108D3000102201462846C3E70020E3E7A8A104006B
:108D400010B5C0E90012836004461BF003FEE0602A
:108D5000204610BD70471FB54A1C08461AD1029123
:108D6000002403AB00944FF00042214620461BF044
:108D7000D7FE039BA34211DB029B00934FF00042FE
:108D80002346214620461BF0CBFE431E5842584145
:108D900004B010BD02A90EF010F9E1E70120F7E7D9
:108DA00007B54160C06830B10021009101234FF048
:108DB00000421BF00BFF03B05DF804FB064BD3F839
:108DC00050253AB122F00801042903D1D3F85015F7
:108DD0009142FAE7704700BF00100040F0B5283913
:108DE00022B11F4B1F4A9B7AD35CC91A1E4DD5F87E
:108DF0004035D5F804259B1A23F07F4311F11D0F50
:108E000003F1FF33B5BF841E00F1FF343D271E2759
:108E1000022B24F07F461FD9B31A13F4000023F06D
:108E20007F4219D1022A17D9104B012239441A6006
:108E3000C3F83415C3F834014FF48033C5F840014A
:108E4000C5F84065C5F84433094B4FF00042C3F8FC
:108E50000425034B1C63F0BD4FF0FF30FBE700BF60
:108E60007C37002088A3040000B000400C80004044
:108E700000F00140314A3249D079324BF0B13248EA
:108E8000C3F8040503F56043C3F80C05C3F81015D7
:108E90002E49C3F814152E49C3F804152D49C3F8FB
:108EA00008150021C3F80012C3F80811C3F8041113
:108EB0000121196003F580334FF00071C3F80415E8
:108EC000137AA3B3244B0321C3F800152349C3F835
:108ED00008152349C3F814150021C3F80011C3F87D
:108EE0000411C3F808111F4B4FF48011C3F8081583
:108EF0004FF40001C3F808150123D3700021114B72
:108F0000917151730822C3F8602540F25312C3F8DF
:108F10000411C3F81411C3F82811C3F81C11C3F8C5
:108F20003011C3F800221222C3F804237047D3790A
:108F3000002BD8D10849C1F80035D4E77C37002090
:108F4000BB38002000100040B4370020C03A002099
:108F5000010000019882002000F00040648D002094
:108F60008C37002000F001400A4A43F2FF43C2F868
:108F7000083301210023C2F800321161064A074973
:108F8000C2F80815064A0221C2F88011054AD370BA
:108F9000704700BF0010004000F00140F000B082B8
:108FA00000E100E07C37002010B51AF0B1FB114B56
:108FB000012200241A60C3F83425C3F834410CF0B0
:108FC000CBFF0D4B033020F07F42C3F84041C3F884
:108FD00040254FF48032C3F8442303F5A0334FF00B
:108FE0000042C3F80425054B18631AF099FB20468C
:108FF00010BD00BF0C80004000B000407C37002056
:1090000083072DE9F04106D0234B244A24484FF42E
:10901000F9711DF0ABFC8B684D79B3F800E00A8A5A
:10902000AEEB0505043D0F46AA42944628BFAC4668
:109030002CF0030C3E68A7F806C0A2EB0C02E04639
:10904000444603E050F8083046F80830B8F1040808
:10905000F8D500193619032A03D8A5EB0C05AA4246
:1090600002D9FF687546DFE7FB881344FB8001E007
:10907000835CB354013AFBD50A4C01F1180304F1A7
:109080001005224603CAAA4218605960144603F12B
:109090000803F6D1BDE8F081B8A1040003A30400E1
:1090A000D2A104009437002010B5154B01289C7AFA
:1090B000144B05BF144AD3F84835D3F84035525CF9
:1090C00012490CBF993328331A44114B1B5D114CC4
:1090D00028331A440B4BC3F84C250022C3F84C210B
:1090E00030200122C1F804052260D3F84445D3F8AA
:1090F0004C359C4282BF084BC1F808051A6010BD70
:109100007C370020008000408CA3040000F0014068
:1091100080A3040044800040101000402DE9F84373
:10912000334F344D344840F201137B812823BB7008
:10913000324B0024012643F2FF423E734FF00308F6
:10914000C3F8FC4FC3F8FC6FC3F808232C4AC3F8DC
:109150001085C3F814252B4AC3F81825D3F85026D8
:109160003243C3F8502640F20312C3F82C45C3F82B
:109170003065C3F8342540F25B62C3F838254FF000
:10918000FF399622C3F844252146C5F808934FF4C9
:109190008672C5F80062C5F8084120F019F91A4B2B
:1091A0003C61C5F80835194BC5F808930422C5F889
:1091B0000041C5F80441C5F80841C5F80445144DFF
:1091C0001E60DE60C3F80485C3F80045C3F80C25B3
:1091D00000F098FB0F4985F8014330460DF032FC52
:1091E00002232B603B7803B93E700020BDE8F88372
:1091F0007C37002000F00040C03A00200010004002
:1092000008011000FF000302648D0020048000406C
:1092100000E100E065930200094B00F1100250F8F4
:10922000041B43F8041B9042F9D1064B0122DA716A
:10923000054B0022C3F800250222C3F80025704721
:10924000988200207C37002000F00040034A036829
:10925000C2F819304368C2F81D3070479882002068
:10926000024B186159611A76704700BF988200203E
:10927000094B4FF00072C3F80825A3F57F43F83B74
:1092800001221A60054A0023C2F80831C2F80035ED
:10929000034AD371704700BF00F0014000F0004066
:1092A0007C370020014BC3E90A1070477C3700204F
:1092B00010B540B200F04CFB044600F043FB024BFB
:1092C0005C70002010BD00BF7C37002008B540B2A4
:1092D00000F03EFB08BD0000272810B506D9104B52
:1092E000104A114840F642011DF040FB0F4B0C02A2
:1092F000C3F81C45D3F8244524F0FF0444EA116464
:10930000C3F824450A4C6161C3F83C25094AA070A2
:10931000125CC3F80825C3F85405002010BD00BF37
:109320002FA2040048A30400D2A1040000100040B2
:109330007C37002058A30400074A08B501231360B6
:10934000D360064B4FF48032C3F84823FFF70CFE7E
:10935000034B00225A7108BD0480004000B0004059
:109360007C370020F8B5B04BB04CD3F8047317F03D
:10937000020F47D0D3F80421002A43D0002502224F
:10938000C3F80451C3F8082303F5F0333022C3F8BF
:1093900008250FF005FD226BA378A5492262A3766C
:1093A0000123E5766377D1F84455A37AA149A377E1
:1093B000CB5C208328339D4238BF1E35A5EB0305C7
:1093C00038BF02F1FF32284638BF22630CF0C8FDD7
:1093D00006460CF0CDFD2D1A1F2D206A924B04BFBE
:1093E000013600253044C4E90805D3F85025D3F8E8
:1093F0002811F9B9002AF8D143F2FF41C3F8081344
:10940000C3F80022FB063FD5874BD3F81021002A72
:109410003AD0D3F80C21E178002A38D1012902D1C1
:10942000A279002A33D0844B844A40F2D551844833
:109430001DF09CFA237AF3B1824AD37859061AD5E3
:1094400003F00F03072B0CBF02230023D91C0A448F
:109450007D49C1F81025A1F560410022C1F82821FD
:109460007A4A4FF40000C2F80405627B083302EB2D
:10947000C303C1F86035764AA17876480FF020FC26
:10948000002878DB0123A37100236371F8BD00225B
:1094900010200129C3F80C21C3F81021C3F80803D8
:1094A00006D002296DD06C4B644A4FF4BE61BEE712
:1094B000A079002862D0654A4FF40011C2F808155F
:1094C000D3F81C2122B9654B654A40F2BB41AEE797
:1094D000D3F84825D3F83031524213F0FF0F2277EA
:1094E0001BD0238B43F080022283E279AAB1564A33
:1094F000D2F804110029FBD05249097929B1D2F8D8
:10950000002412B943F0A00323834F4BD3F8083152
:109510001BB1238B23F080032383454AA17F51484D
:10952000D2F84835415C5048504E6E335B1AA17AF0
:10953000415C46485B1A0021C2F840354FF4801563
:10954000C2F840110121C0F804553160D2F84C65D1
:10955000B34205D2D2F8403113B9C0F80855617151
:1095600038483B4903794371C37800F8043F0FF052
:1095700033FC002888DAFFF7DFFE85E70FF082FB77
:1095800082E7E379A77A2BB12F4BD3F8081109B101
:10959000C3F80821E36A25790BB1A06A9847022D28
:1095A000234E17D1FFF766FC002239460120FFF752
:1095B0007BFD2F4BD6F84825DB5D6C321344C6F893
:1095C00040350023C6F84031204B4FF40012C3F859
:1095D000042559E7032D57D1254BDD5D94F836302E
:1095E000002B47D0D6F84835A08E1844A37A1E4ADF
:1095F000D35C283DED1A0E4B28440022C3F84005E9
:10960000C3F840211948114A4FF480110125C2F8CE
:1096100004150560D3F84C05D3F8403598427FF621
:1096200033AFC2F808152FE7001000407C37002048
:109630000080004080A3040048A204003CA3040072
:10964000D2A10400B838002000F0004000F0014032
:1096500094370020BB3800209AA30400BEA2040067
:1096600029A3040084A3040088A304004C800040C4
:109670008CA304003846D6F8446514F061FDA38E2F
:1096800033442B44181AB1E70B4A012313603361AA
:109690000A4B3022C3F808254FF48012C3F808257E
:1096A0004FF00042C3F80825002D3FF4EDAE044B07
:1096B000044A40F28A41BAE60480004000F00140CA
:1096C000DDA2040016A3040010B5094C4FF40013EA
:1096D000C4F808350122FFF781FB18B1FFF72CFE13
:1096E000052010BD4FF48013C4F80435F9E700BF1E
:1096F00000F0014010B5FFF761FB0E4AD2F850159B
:10970000134649B1D2F8502502F00702022A03D0CD
:10971000FFF712FE012010BD002443F2FF42C3F800
:109720000823C3F80C41C3F81041FFF7A3FB204600
:10973000F1E700BF0010004038B50C4D4FF4801326
:10974000C5F808350022FFF749FB68B1FFF72CFC8C
:1097500001244FF40013C5F80435FFF7CBFF10B90F
:10976000002C18BF062038BD0446F2E700F0014087
:109770000B4A08B501231360D3600A4B4FF48032C3
:10978000C3F84823FFF7F0FBFFF70EFC064B4FF43E
:109790000012C3F80425BDE80840FFF7ABBF00BFC7
:1097A0000480004000B0004000F001402DE9FF417E
:1097B000334C80466079164628B1FFF7BDFD052081
:1097C00004B0BDE8F0810191FFF7F8FA2D4B2E4F60
:1097D00001993022C3F808254FF40002C3F8082588
:1097E0004FF00072C3F80825E279A3F58033002A10
:1097F0003CD00122C3F80022244D254AC3F80C5561
:10980000C3F81075C3F814254FF08072C3F808012F
:10981000C3F804251F4AC3F808250DF10F02E81C00
:10982000C0479DF80F302B700023AB70E379687050
:1098300013B1194B01221A60184900230322C1F801
:109840000475C1F80031C1F80C31C1F81031C1F80C
:1098500000221022C1F8042326716072D1F850252D
:109860000B2A08D00222E2701846A9E70C4AC3F876
:1098700008253D46D1E7FFF75FFD0120A0E700BFC7
:109880007C37002000F00140BC390020B4370020B4
:10989000C03A00209882002000F0004000100040F4
:1098A000648D0020014B5869704700BF7C37002051
:1098B000014B9879704700BF7C370020024BD3F8EA
:1098C0005005C0B2704700BF00100040FB20704739
:1098D000044B1A78044BC3F80425044B01221A7276
:1098E000704700BF608D002000F000407C370020F2
:1098F000014B00221A7270477C3700201DF0A4B87B
:109900001DF0DEB80D4B4FF08062C3F804254FF018
:109910000062C3F804250A4AC3F8302502F5DE4286
:109920004832C3F8342502F58072C3F83825A2F511
:10993000E2423C3AC3F83C25704700BF00F00140CA
:1099400004110040014BC3F80C05704700100040A3
:1099500007281ADC25D0062823D0052821D0042882
:109960001FD003281DD0002811DA031D11DA10F1D1
:10997000080F11DA10F10C0F11DA10F1140FB4BF47
:109980006FF027006FF01300704708207047002029
:1099900070476FF0030070476FF0070070476FF07B
:1099A0000B007047936813B5186814460BF08AFBD8
:1099B00028B91F4B1F4AF1211F481CF0D7FFB0F5F3
:1099C000285F08D042F6012398421CD01B4B194A4D
:1099D0004FF49471F0E7237863B919481FF01FFF23
:1099E000174982B260680CF0C6FB002818BF11202E
:1099F00002B010BD012B114B02D1124A8721DBE7C7
:109A00000C4AFA21D8E723783BB90F4B1B88ADF8F5
:109A1000063002220DF10601E4E7012B08BF0B4AD4
:109A2000064B16BF034AB02140F20511C4E700BF40
:109A300090A3040052A404009CA304009AA3040071
:109A40008034002009A40400CC3B00202EA4040094
:109A500037B501901FF0E3FE1F2804460AD8064DD3
:109A60000199024628461FF08BFC00232B5518460F
:109A700003B030BD0320FBE78034002008B50A485E
:109A800005F0B8FF30B1094B094A40F26F1109489F
:109A90001CF06CFF044805F085FF20B1034B044A1D
:109AA0004FF4B971F3E708BD78A4040001A40400E1
:109AB00065A404009CA3040010B51478134634B9BF
:109AC0000449586801220CF056FB204610BD0320C3
:109AD000FCE700BFD23B002037B5137815467BB9B1
:109AE00001220DF1070105F06DFD044678B96868A3
:109AF00001220DF107010CF03EFB204603B030BD02
:109B0000012B06D1516805F07BFD0446F5E70E24D4
:109B1000F3E70024F1E7000070B5147815462CB186
:109B2000104B114A942111481CF020FF5068042169
:109B30000CF040FD064690B1AA680D4B9A4203D046
:109B40000C4B094A9C21EEE70B4B19880CF02CF9C1
:109B50000A4BB01C19880CF027F9204670BD06206E
:109B6000FCE700BF98A404005DA50400C0A40400A5
:109B7000B034002027A50400D43B0020D03B0020B7
:109B8000034B1880034B1980034B188805F0C8BCA1
:109B9000D43B0020D03B0020CE3B002008B5094834
:109BA00005F028FF28B1084B084AE72108481CF0B7
:109BB000DDFE044805F0F6FE18B1034B034AEA2126
:109BC000F4E708BD84A5040001A4040071A5040005
:109BD000C0A404002DE9F34110F0400805460E46EC
:109BE00017461C460ED11868018A0CF06FFB06233D
:109BF000CDE9008322682B463946304600F0DAFE74
:109C0000C4F8008002B0BDE8F08107F0EEBA7047FA
:109C1000172938BF17218181704710B5044607F016
:109C200013FE30B1A38923B16089984228BF18463A
:109C300010BD1720FCE710B50C46FFF7EEFF218A98
:109C40000B1A002B05DD411A2046BDE810400CF030
:109C50003DBB10BD1FB5CDE9001006F09FF8DDE952
:109C6000001002AB03AA07F0C0FA40B90298FFF750
:109C7000D4FF044606F094F8204604B010BD00243A
:109C8000F8E7000008B507F0BFFD38B104230381F1
:109C9000C380034B1B884381024B836108BD00BF17
:109CA000D63B0020119D020002381E2811D8DFE8A3
:109CB00000F01210121012101210121012101210C6
:109CC000121012101010121012101010101210108A
:109CD000120000207047012070470138202812D858
:109CE000DFE800F0131113111311131113111311E5
:109CF0001311131113111311111113111311111148
:109D0000111311111300002070470120704700004B
:109D10002DE9FF41044607F0C7FD4FF6FF73984257
:109D200005463BD0206926890DF107030122002159
:109D300004F110070CF0A4FA70BB042E16D19DF8A4
:109D40000700FFF7CAFF88B106F028F802AA03ABA4
:109D50003146284607F061FA024638B9029803995D
:109D600080F8742000F08EFB06F01AF89DF80700CA
:109D7000DFF86080002398F80020904210D004D3D0
:109D800001331F2B08F10808F5D13B46324629461E
:109D9000FFF720FF082418E0042416E0072414E04D
:109DA000206901210CF092FAD8F804303A46314685
:109DB00028469847044640B1082C06D19DF8070074
:109DC0003B4632462946FFF705FF204604B0BDE872
:109DD000F08100BFA4A50400024B4FF480721A80EA
:109DE00000207047D63B0020F8B506460F461046C7
:109DF0000421154607F0DAF9044640B92B681A68C1
:109E00003946D378B2F80120304604F02DFB2046C5
:109E1000F8BD30B5162985B005460C463BD905F08E
:109E2000BDFF01AB02AA04212846FFF7EEFE28B1D0
:109E300005F0B6FF0724204605B030BD019B9B7B93
:109E4000DB0709D405F0ACFF022103AA084600F0A5
:109E500006FB28B90624EEE705F0A2FF0224EAE794
:109E60000480039A0421284600F04EFB0446002893
:109E7000E1D105F093FF01AB02AA04212846FFF7C8
:109E8000C4FE044620B9019A937B43F00103937307
:109E900005F086FFCFE70324CDE7F7B506460F466A
:109EA00010460221154607F081F9044630BB2B68A5
:109EB0001D6805F073FF224601AB39463046FFF7B7
:109EC000A4FE0446C0B929880198FFF7A1FE0198B5
:109ED000FFF7A3FE054605F063FF24B92A460421D7
:109EE000304603F0B2F830462B462246042104F0F7
:109EF000D5FA204603B0F0BD0025ECE70025F2E7D7
:109F0000F7B506460F461D46144682B19A420ED852
:109F1000042101AA084600F0A2FA50B1048045804D
:109F2000019A3946304600F0EFFA03B0F0BD032045
:109F3000FBE70620F9E72DE9F047074686B088469B
:109F400010460121144607F031F9054640B9206852
:109F50000121D0F800A00CF0B9F923681B8A43B99D
:109F600038462A46414604F0E6FA284606B0BDE8DF
:109F7000F0879AF80060012E1CD0022E25D14FF0F8
:109F800012094946204607F011F918BB23681868E2
:109F90000BF025FF012EADF800000ED0022E16D0DA
:109FA000206849460CF092F96A464146384604F06A
:109FB00099FAD2E74FF00409E3E702231A46216831
:109FC00001A80BF0A1F80028EAD00A25C8E7102361
:109FD0003246F4E70546C3E72DE9F341DDF8288072
:109FE00006460F461D461446D2B19A4218D801AA19
:109FF00008F10601062000F032FA98B1BDF82030D1
:10A000000999048045808380424606301FF0B8F9E4
:10A01000019A3946304600F077FA02B0BDE8F08187
:10A020000320FAE70620F8E773B505460E46144606
:10A0300023681A8A32B92846314604F0C9FA00204A
:10A0400002B070BD0421204607F0B0F8B0B9206816
:10A05000036859781A7842EA0122ADF804209A7808
:10A06000DB78042142EA0323ADF806300CF02EF928
:10A0700001AA3146284604F080FAD9E70A22DAE735
:10A080002DE9F341DDF8208006460F461D461446B3
:10A09000C2B19A4216D840460BF072F801AA011DCF
:10A0A000082000F0DCF978B1011D048045804046AD
:10A0B0000BF03CF8019A3946304600F025FA02B020
:10A0C000BDE8F0810320FAE70620F8E72DE9F04328
:10A0D000064685B00F4610460121144607F066F883
:10A0E000054670B92068036893F8008001210CF0E0
:10A0F000EDF8B8F1010F28D9A8F1020923681B8AED
:10A1000043B930462A46394604F09EFA284605B03F
:10A11000BDE8F0834146204607F048F8B8B9236807
:10A120001B6859781A78CDF8089042EA0122ADF8F8
:10A13000042002333946304601AA039304F06CFA36
:10A14000206841460CF0C2F8D8E70A25D9E7054651
:10A15000D7E773B505460E4614466AB101AA022137
:10A160000A2000F07CF948B10480019A3146284663
:10A1700000F0CAF902B070BD0320FBE70620F9E742
:10A1800008B51346002204F0C9FA002008BDF7B54F
:10A1900005460E461F46144672B101AA04210C2042
:10A1A00000F05DF950B104804780019A314628469D
:10A1B00000F0AAF903B0F0BD0320FBE70620F9E7A1
:10A1C00008B51346002204F0C1FA002008BD13B5FB
:10A1D000002413460094224604F0CBFA204602B035
:10A1E00010BD082070472DE9F341DDF820800646B8
:10A1F0000F461D461446C2B19A4216D840460AF090
:10A20000BFFF01AA011D102000F029F978B1011D3E
:10A210000480458040460AF089FF019A394630465D
:10A2200000F072F902B0BDE8F0810320FAE70620E1
:10A23000F8E72DE9F043064685B00F4610460121A8
:10A24000144606F0B3FF054658B92068036801219B
:10A2500093F800800CF03AF8A8F1040923681B8AEF
:10A2600043B930462A46394604F034FA284605B048
:10A27000BDE8F083B8F1040F21DD4146204606F029
:10A2800095FFF0B9236818680BF0A9FD2368ADF8B5
:10A290000400186802300BF0A2FD2368ADF8060038
:10A2A0001B68CDF8089004333946304601AA039361
:10A2B00004F0E2F9206841460CF008F8CEE70425E6
:10A2C000CFE70546CDE708B504F06DFA002008BDDC
:10A2D0002DE9F341089D074688461C46164602B301
:10A2E0002B8A2344B3F5007F1BDCFFF7B3FC2B8ADA
:10A2F0000438984215DD01AA0421162000F0AFF8B9
:10A30000A0B144800680294601980CF037F9019AE3
:10A310004146384600F0F8F80446204602B0BDE851
:10A32000F081032428460BF013FFF6E70624F9E733
:10A330002DE9F74306460F4610460421154606F060
:10A3400035FF0446A0B9286803680421B3F80090DB
:10A35000B3F802800BF0BAFF3046CDE900854B46DA
:10A360002246394604F030FA204603B0BDE8F083B7
:10A370004FF00008C146EFE773B504460D46164698
:10A38000012101AA182000F06AF838B10670019A7C
:10A390002946204600F0B8F802B070BD0620FBE761
:10A3A00008B5002204F02EFA002008BD73B5064659
:10A3B00015460C4699B101AA02211B2000F04FF866
:10A3C00090B10480294601980CF0D8F8019A042134
:10A3D000304600F099F80446204602B070BD0324D0
:10A3E00028460BF0B5FEF7E70624F9E7F7B5064671
:10A3F0000F461D4614469AB101AA02211D2000F005
:10A400002EF890B10480294601980CF0B7F8019A13
:10A410003946304600F078F80446204603B0F0BDD7
:10A42000032428460BF094FEF7E70624F9E708B565
:10A4300004F000FA002008BD013170B589B206466B
:10A44000104615460CF0B6F8044620B928460BF025
:10A450007FFE204670BD2C6804F8016BF9E737B524
:10A4600015460446019106F087FE0246286030B189
:10A470000199204603B0BDE83040FFF7DDBF03B0CF
:10A4800030BD000070B505460E4614465AB990F826
:10A490007430C3B9C46EB4B16368C36613B900F154
:10A4A0006C030367103C23681878FFF7FDFB78B155
:10A4B00095F874304BB1002363612B6F04F11002E7
:10A4C00014341A602C67002070BD012385F87430A5
:10A4D00023681878FFF79BFB21463046FFF7ABFB5C
:10A4E00022463146284607F081FA0028EBD0034B7C
:10A4F000034A04485B211CF039FA00BF01A40400A0
:10A50000F4A604009CA6040030B585B01546019061
:10A5100005F044FC019802AB03AA042106F07DFE7D
:10A52000044638B105F03CFC28460BF011FE2046ED
:10A5300005B030BDDDE902102A46FFF7A3FF04464F
:10A5400005F02EFCF3E710B5144606F02FFE0628A2
:10A550000CBF1123002304B1237010BDF8B5069F72
:10A560001D463B78102B038A16460CBF0622142288
:10A5700013448B4211DC11460CF01CF8044670B1F8
:10A5800031460BF011FC2946A01C0BF00DFC211DDF
:10A5900038460AF0CBFD0020F8BD0420FCE7062079
:10A5A000FAE7000010B5034C20681AF068FD00239C
:10A5B000236010BDD83B002013B50C46019005F078
:10A5C000EDFB019805F086FE836D236002B0BDE8C7
:10A5D000104005F0E5BB00002DE9F0470646147A6F
:10A5E000A0B017461D468846A1B1E00705D4022356
:10A5F0002B70102020B0BDE8F08704F0040A04F0AE
:10A60000080904F0100444EA090353EA0A030CD1D0
:10A610000020EFE7A10701D40323E9E704F0200AB3
:10A6200004F0400904F08004EDE769463046FFF786
:10A63000C3FF364B5B7A13F0100F9DF8003011D03A
:10A6400003F00302032A04D005232B7040F2051007
:10A65000D0E703F0F802802A04D00C232B704FF4CB
:10A660008670C7E759EA0A0231D013F0010A29D1EE
:10A6700005F094FB304605F015FE78B103A905F00E
:10A6800047FEDDF81300BDF817209DF819308DF84E
:10A690000BA00190ADF808208DF80A3005F080FB82
:10A6A0000AA901A80AF02BFB50B99DF8503013F00D
:10A6B000010F0CBF05200F20287000F5807099E76E
:10A6C0000520F9E7B9F1000F01D09A07BCD57A7AD5
:10A6D000B2EBD30FC1D8002C9AD005F05FFB304607
:10A6E00005F0E0FD044605F05BFB94F85930DB070C
:10A6F0008ED479894246304602F0D7FC022887D1B1
:10A7000008232B704FF4847074E700BF403500209D
:10A710002DE9F04186B00546039300238DF81730EC
:10A720004FF6FF7398420C9F0C4616460FD12369D3
:10A73000019303AB0093D4F80C8061893346012266
:10A740002846C04778B18DF81700092007E00A466F
:10A750000DF117030121FFF73FFF0028E7D017B1E4
:10A760009DF817303B7006B0BDE8F08173B5044624
:10A770000DF1060015461E460BF016FB02220DF1E8
:10A78000060120460BF0F7FC20B1112333700620A0
:10A7900002B070BD29460DF106000BF005FB022248
:10A7A0000DF1060120460BF0E6FC0028EDD101205A
:10A7B000EEE7000010B5044640B180680BF0C8FC1D
:10A7C00021460348BDE810400CF094B810BD00BF0E
:10A7D000483C0020F0B51D4685B04FF6FF730C468F
:10A7E00098424FF00001064617468DF80F100DD124
:10A7F00023696189CDE900730222E76800233046AE
:10A80000B84750B18DF80F00092006E00DF10F0395
:10A810002246FFF7E1FE0028EAD015B19DF80F307F
:10A820002B7005B0F0BD2DE9F04385B00446DDF88E
:10A830003490039190461F4606F09EFC054600B3F7
:10A8400003460399CDF8009020460022FFF760FFF1
:10A85000044630B92E8A46450AD90E2389F80030BD
:10A86000042428460BF074FC204605B0BDE8F083B4
:10A870003B460146324628460BF002FD0C9B1E80EB
:10A88000EFE70624EDE700002DE9F041804612488D
:10A890000F4616461D460CF006F80446B8B10F4B9D
:10A8A000C0F804801A880772013292B21A80069B9F
:10A8B000C360079B03610A4B4672596842810020BE
:10A8C00020600C605C6025B12A80BDE8F081062024
:10A8D000FBE72846F9E700BFDC3B0020003C0020F6
:10A8E000043C0020014B1888704700BF003C00204A
:10A8F000044A0346106800B9704742899A42FBD067
:10A900000068F8E7043C002037B505460846019288
:10A910001C46FFF7EDFF019A014628B90CB101234F
:10A920002370052003B030BD2346284603B0BDE8A0
:10A930003040FFF74FBF000070B50D46164640B9D6
:10A940000A4B1C681CB16389B34204D90024204619
:10A9500070BD0468F6E7002DF9D0606829460AF05A
:10A9600096FB0028F3D02468ECE700BF043C0020ED
:10A97000026822B14068401A20EAE07070476FF028
:10A980000040704737B504460846CDE90032FFF76E
:10A99000AFFF069DDDE90032014628B90DB1012364
:10A9A0002B70052003B030BD204603B0BDE8304019
:10A9B000FFF7AEBE2DE9F84304460D460120042101
:10A9C000BDF820909DF8248016461F46FFF734FD01
:10A9D00058B1077080F80380A0F8019032462946EC
:10A9E0002046BDE8F843FFF78FBD0620BDE8F88399
:10A9F0002DE9F34106469DF824800F461C46154676
:10AA000042B1B8F1000F1DD05BB1218A20460BF096
:10AA10005DFC0AE01A46FFF777FD054688B14FF066
:10AA20000E0806F0A9FB044660B1BDF8283000937B
:10AA3000CDF804809DF82030224639463046FFF795
:10AA4000B9FF002420460BF083FB284602B0BDE886
:10AA5000F0812DE9F043042989B006460D46904661
:10AA60004FF000096AD10DF1170202214046FFF7AD
:10AA70006AFD044600285ED1D8F800301B681F88A4
:10AA80008DF8170005F08AF9224607AB29463046B3
:10AA9000FFF7BBF8044610B9079BB3F80A9005F01E
:10AAA0007FF9002C45D1D8F80050C8F80040298A19
:10AAB00028460BF00BFC2A4602210320FFF7BCFCC2
:10AAC000A0BB11238DF817300624002302939DF8B4
:10AAD000173001930223009322462B46042130466F
:10AAE000FFF786FF0446E8B905F058F906AB07AA58
:10AAF00004213046FFF789F8044658B939460698CC
:10AB0000FFF786F80698837B43F001038373FFF712
:10AB100084F8074605F044F924B93A460421304642
:10AB200002F093FA204609B0BDE8F083A0F8009047
:10AB3000CBE70025C9E74D464F46C6E70824F1E7B5
:10AB40002DE9F04F16468BB081468A4600240DF160
:10AB50002702042130468DF82740FFF7F4FC054614
:10AB6000002876D134682368B3F800805B880593A9
:10AB7000984502D8B8F1000F14D101238DF8273081
:10AB800000240A259DF82730019304230093CDF873
:10AB9000088023462A4651464846FFF729FF0BB056
:10ABA000BDE8F08F218A306020460BF08FFB2246F3
:10ABB00001210520FFF740FC074620B911238DF83D
:10ABC00027300625DEE751464846FFF743F8224B7B
:10ABD0003D701E680690AB461EB17389059A9A4275
:10ABE00005D2BBF1000F16D04FF00008CAE7984518
:10ABF0002DD871683B780978102914D183B90123C5
:10AC00003B700421238A069A0B449342E9DC2046D8
:10AC10000BF0D0FC80B90A238DF827300525B1E769
:10AC2000012BEED0DDE723B94FF002033B70122178
:10AC3000E8E7022BFBD0D4E7718907900BF0B4F85A
:10AC4000079B7068991C0AF071FA0BF1010B3668CA
:10AC5000C2E7A04696E700BF043C00202DE9F04F74
:10AC60002DED028B14468FB082468B4600250DF1E8
:10AC70002102062120468DF82150FFF764FC06468C
:10AC8000002840F0DA8023681B685A88B3F80080F7
:10AC90000592904502D8B8F1000F16D101238DF826
:10ACA000213000250A269DF82130019306230093C8
:10ACB000CDF808802B46324659465046FFF798FE9D
:10ACC0000FB0BDEC028BBDE8F08F9F8806F054FA00
:10ACD000054650B1024631460720FFF7ADFB60B98B
:10ACE00011238DF821300626DDE7112325688DF824
:10ACF0002130266006242646D5E759465046FEF701
:10AD0000A9FF2368ADF8267008EE103A10238DF8DD
:10AD100024304C4B06901F68B146344697B9C4B1F5
:10AD20002B8A06991A1D914214DB21460DF121034D
:10AD30004A462846FFF71AFD0128044609D0002C90
:10AD4000D9D106E07B89984515D854B9059A9A421D
:10AD500041D22B8A012B72D80A238DF82130052489
:10AD6000C9E79DF82430102B20D17A681378102B76
:10AD700003D0B7F80A903F68D0E709A807920AF015
:10AD8000A1F942F601018842079A0BD8B0F5205F7D
:10AD90000CD310460AF096F9A0F5205080B2012895
:10ADA000E7D803E042F60301884237D02B8A069A9F
:10ADB00004339A42CDDB21460DF121034A46284651
:10ADC000FFF7D4FC01280446B9D17B89059A934248
:10ADD000BFD84FF00009786809A90AF058F950BBAC
:10ADE0000DF1210301930DF12203009310220AAB10
:10ADF00039465046FFF717FD044600287FF47BAF25
:10AE0000BDF8223018EE100A0AAA06210BF0AAFAA1
:10AE10000028B0D1B7F80A904C46ACE7079010462E
:10AE20000AF050F9A0F5205292B2012ABED9079B30
:10AE300098429ED1BAE700249DE7A84633E74FF039
:10AE4000000830E7043C00202DE9F04F13682DED99
:10AE5000028B1E8A97B00025062E08EE101A814636
:10AE600017468DF82D5001D0142E13D10DF12D0A57
:10AE7000524631463846FFF766FB044650BB3968F8
:10AE80000B681D885B8808939D4200D8B5B90123E3
:10AE90008DF82D3000260A249DF82D3001930823CB
:10AEA000009318EE101A0295334622464846FFF7E3
:10AEB0009FFD17B0BDEC028BBDE8F08F0DF1440B88
:10AEC000331F042258460AF01FF9044628B104240F
:10AED0008DF82D4000252E46DEE73E688DF82D00CA
:10AEE000318A386030460BF0F1F9324601210920F1
:10AEF000FFF7A2FA059030B91123059D8DF82D308A
:10AF000006200446C8E718EE101A4846FEF7A2FECF
:10AF1000A046069007942746CDF824A03846089A04
:10AF20005946FFF709FD0746002855D04389AB4233
:10AF3000F4D3099B01930DF12E03009301460CAB52
:10AF400013224846FFF76FFC60B17D89079B73BBF6
:10AF50009DF82D3013B90A238DF82D300028D0D15B
:10AF6000052499E7069BBDF82E20033B9342DEBFE4
:10AF7000069B043BADF82E30BDF82EA0B8F1000FB3
:10AF800001D0D045E2D1328A069B0232524493422C
:10AF900024DB0AF1020189B230460BF00BFB78B9D1
:10AFA000079B7D8911228DF82D20CBB1D04600233F
:10AFB0008DF82D30059B08F1020883F800806BE7BF
:10AFC0007A8920F8022B0CA9BDF82E201EF0D8F9A2
:10AFD0000123D0460793A1E70520B7E7D046B5E7A0
:10AFE00006208EE72DE9F04786B017460DF1170AC7
:10AFF0008046894600265246022138468DF8176061
:10B00000FFF7A1FA044650BB3D682B68298A1E88C9
:10B01000386028460BF05AF92A4621460B20FFF7E4
:10B020000BFA90B911238DF8173006249DF81730CC
:10B0300001930A23009302962B4622464946404636
:10B04000FFF7D6FC06B0BDE8F0872246CDF800A099
:10B050002B4631464046FFF795FC0446E6E7354669
:10B06000E4E72DE9F04F87B017460DF1170A804647
:10B07000894600265246042138468DF81760FFF7AE
:10B0800062FA044660BB3D682B68298A1E88B3F8C3
:10B0900002B0386028460BF019F92A4621460D20E7
:10B0A000FFF7CAF990B911238DF8173006249DF8DF
:10B0B000173001930C23009302962B4622464946F3
:10B0C0004046FFF795FC07B0BDE8F08FCDF800A033
:10B0D0002B465A4631464046FFF754FC0446E6E705
:10B0E0003546E4E72DE9F04F87B000240F461546BA
:10B0F00006468DF81740FEF7ADFD804606F03CF899
:10B10000814698B1024621460F20FFF795F9044683
:10B1100078B10DF1170B2B681B8A012B03D9B9F8F5
:10B120001030434519D30024A24607E0D5F800901B
:10B130002C6011238DF817304FF0060A9DF8173058
:10B1400001930E23009302944B46524639463046F3
:10B15000FFF74EFC07B0BDE8F08F5A4602212846A3
:10B16000FFF7F1F98246A0B92B6818680AF037FE9C
:10B170000221044628680BF0A9F85246CDF800B029
:10B180004B4621463046FFF7FDFB82460028C2D0E1
:10B19000D4E70024D2E72DE9F04F89B00024894696
:10B1A000174680468DF81D40FEF754FD824605F097
:10B1B000E3FF054650B1024621462120FFF73CF946
:10B1C000C0B911238DF81D30044604E011233D68F9
:10B1D0008DF81D303C6006229DF81D300193202320
:10B1E000009302942B4649464046FFF701FC09B004
:10B1F000BDE8F08F214602200AF080FF0DF11D0B03
:10B2000006463B681B8A012B02D92B8A534502D381
:10B210000024224636E05A4602213846FFF793F9C9
:10B22000024670BB3B68059018680AF0D8FD022101
:10B23000044638680BF04AF8059ACDF800B033465A
:10B2400021464046FFF79EFB0246D8B9338AADF847
:10B250001E3002220DF11E0128460AF08CFF024624
:10B2600090B9BDF81E30002BCBD0314628460AF0ED
:10B27000E0FF024640B9BDF81E1030460BF026F83C
:10B28000BFE70024002EA7D0304605920AF060FFE9
:10B29000059AA1E72DE9F04F13682DED028B894641
:10B2A000198A97B00025062908EE100A17468DF86E
:10B2B0001D5001D0142913D10DF11D023846FFF79E
:10B2C00042F90446002840F0DF8039680B681D8889
:10B2D0005B8804939D4200D8B5B901238DF81D30D9
:10B2E00000260A249DF81D3001931023009318EEC8
:10B2F000100A0295334622464946FFF779FB17B0FC
:10B30000BDEC028BBDE8F08F0B8A0DF1300B043BD6
:10B310000422584609F0F8FE08B10423DEE7059040
:10B32000584609F0CFFEA0F5205080B20128059BB9
:10B3300005D9102326468DF81D301C46D2E7494614
:10B3400018EE100A05938DF81D40FEF783FC3E6849
:10B350003C60318A824630460AF0B8FF324601210D
:10B360001120FFF769F8059B804620B911238DF85D
:10B370001D300624B6E7484A037017681C461A4673
:10B3800097B9002A6CD04FF6FF7411AB0093514669
:10B3900023463046FFF7E2F8062808BF112304468B
:10B3A00008BF8DF81D305CE07B899D420ED8049962
:10B3B00099426CD3E2B17868059209F083FEA0F55A
:10B3C000205080B20128059A02D97C893F68D7E7CE
:10B3D00011AB0093514623463046FFF7BFF80446B1
:10B3E00030B106287D8921D111238DF81D3079E7F0
:10B3F0007868594609F04BFE00283FD10DF11D0336
:10B4000001930DF11E030093102208AB39464FF64D
:10B41000FF70FFF708FA044638B9BDF81E2008A9E6
:10B4200011A809F010FE044620B17D89042C08BF44
:10B43000002457E798F80030062B0DD0142B18D0B5
:10B440007BB99DF84430102B0CBF0623142388F8D9
:10B4500000307A891446B9E79DF84430102BF8D0B3
:10B460000024338A022B0BD80A238DF81D300524C3
:10B4700038E79DF84430102BEBD1F1E70022A5E727
:10B48000002C3FF42FAFD1E700252E462AE7002AF3
:10B490007FF47BAFE4E700BF043C00202DE9F043DC
:10B4A000904687B006460F4600250DF1170202218F
:10B4B00040468DF81750FFF746F80446A8BBD8F869
:10B4C00000301B68B3F8009005F056FE0546C8B181
:10B4D000024621461320FEF7AFFFC0B911238DF8B5
:10B4E000173006249DF81730019312230093CDF8EE
:10B4F00008902B46224639463046FFF779FA07B0C6
:10B50000BDE8F083D8F80050C8F80040E6E7D8F866
:10B51000000002210AF0DAFE0DF117034246494607
:10B520003046FFF7F1F90446DCE7A946DAE773B5E0
:10B53000144605460DF1070202212046FFF703F8E5
:10B5400060B9206803681E8802210AF0BFFE0DF171
:10B550000703224631462846FFF7D6F902B070BDF0
:10B560002DE9F047B0B00FA98046164600F0ACFCBC
:10B570000446002840F08B808DF80F000546DDF86A
:10B580004700BDF84B209DF84D3002901AA902A843
:10B59000ADF80C208DF80E3009F0B1FB0446002800
:10B5A0006ED19DF8B25015F0010572D00DF1070271
:10B5B00002213046FEF7C7FF0446002863D13068F9
:10B5C0000368018AB3F800900C2204AB0C390AF02E
:10B5D00057FE6FF00B0130680AF078FED6F800A035
:10B5E000BAF810700537BFB2384619F042FD03466D
:10B5F000D22203F8012B05462146BAF81020504606
:10B600000AF03EFE33682D9A1B8A2B443946C3F854
:10B61000012028460AF0F1FB10220DF1A2010BA82F
:10B620000AF0FCFB2146102207A81DF0D1FE07AB53
:10B630003A4629460BA808F03EFB044600BB102101
:10B6400007A80AF0DAFB04222DA904A81DF08AFE3F
:10B65000F8B9082209A905A81DF084FEC8B940461A
:10B6600007F0E9FC044658B9306802210AF02EFEC2
:10B670000DF10703324649464046FFF745F90446B7
:10B68000284619F0FCFC204630B0BDE8F0870025C4
:10B69000F6E71724F4E710B50446206800B910BD9A
:10B6A00003682360FFF786F8F7E700002DE9F04F05
:10B6B0002DED028B16468BB008EE101A07464FF0A0
:10B6C000000B0DF12702042130468DF827B0FEF75C
:10B6D0003AFF0446002840F09C8033681D68B5F8A6
:10B6E00000904846FFF704F98046B0B901238DF871
:10B6F000273005249DF8273001931623009318EE78
:10B70000101ACDF80890434622463846FFF770F9E4
:10B710000BB0BDEC028BBDE8F08F024621460DF167
:10B7200027033846FEF758FF0446002874D104F07A
:10B7300035FBB5F800B0D6F800A01FFA8BF30693DE
:10B740006B88ADF8143038469BB2079304F0C2FD05
:10B75000804632480BF0A7F80546A0B909238DF8BA
:10B760002730062404F01CFB0023D6F80080336049
:10B77000002CBFD1012140460AF083FED8F80030EA
:10B7800017221A70B6E704604460846005F0F4FC88
:10B79000A86020B92846FFF70DF81123DFE7BDF8B0
:10B7A0001430EB80BAF81030A5F804B0043B9BB21B
:10B7B000042251460AF03DFD044630B12846FEF70A
:10B7C000F9FF09238DF82730CCE7D8F844C00246AA
:10B7D00063461BB19888069981420ED2AAB9C5F872
:10B7E00000C0C8F8445018F063FE00F5EA4030305D
:10B7F000C8F8480004F00AFBB4E703D1D8880799D9
:10B800008842EBD81A461B68E3E713682B60156083
:10B81000E9E7D946D8466DE7D8466BE7483C0020B3
:10B820002DE9F04F154689B081468A460DF1160282
:10B8300001212846FEF787FE0446002840F0838059
:10B840002F683B68398A1E78286038460AF03EFD2A
:10B850003A4621461920FEF7EFFD002876D1112344
:10B8600025468DF8163006249DF8163001931823CE
:10B87000009302953B46224651464846FFF7B8F8EA
:10B8800009B0BDE8F08F069E224606BB069D002D3E
:10B8900035D0AD884FF0000BDDF81880B8F1000FFF
:10B8A00039D12846CDF81CB0FFF722F80DF1170367
:10B8B000014607AA4846FEF78DFF804607980AF022
:10B8C00047FCB8F1000FE1D09DF8174017E0F18870
:10B8D0001AB1B5889088A84203D041B1B588072431
:10B8E0000DE09068D288008A02448A42F7D1B2689B
:10B8F000128A0A44B2F5007F0ADDB5880D24002CB7
:10B900008DF8164018BF092406A8FFF7C4FEABE760
:10B9100032463668B9E7B8F80430AB42C1D1BBF162
:10B92000000F0AD1D8F808B0069BC8F808601B6859
:10B9300006934046FEF73EFFAEE7D8F8081058469B
:10B940000AF01CFEF0E700273D468DE704F026FADA
:10B95000484604F0BFFC436C4464069304F020FAAC
:10B96000002E90D12546CFE7F7B5154606460022B2
:10B9700002212846FEF7E7FD0446A8B92B681B689C
:10B980001F889FB101A93046FEF716FE28680221E4
:10B990000AF09CFC2A6823463946304601F0D7FA63
:10B9A0002C60204603B0F0BD0624FAE70A24F8E72D
:10B9B000082070472DE9F043154687B08046894638
:10B9C000002202212846FEF7BEFD044660B92B681E
:10B9D0001B681F8867B105F0CFFB064660B92E686B
:10B9E0002C60112306241EE000231E461F461AE089
:10B9F0003B463E460A2416E0024621461E20FEF73C
:10BA00001BFD0028EDD005A94046FEF7D5FD2868AE
:10BA100002210AF05BFC01232A683946404601F006
:10BA200096FA2C602346CDE901371D230093224668
:10BA3000334649464046FEF7DBFF07B0BDE8F083DA
:10BA400038B50D4C0D4D216831B90D4C0B4D2168A9
:10BA500051B90C4B198038BD0B68236003B9646081
:10BA600028460AF047FFEEE70B68236003B96460DD
:10BA700028460AF03FFFEAE7043C0020DC3B0020B8
:10BA8000F83B0020003C002037B5FEF78BFD0F4B44
:10BA90001C881CB90024204603B030BD142505FBCA
:10BAA00004F019F0E6FA0A4B186068B1094B0093EC
:10BAB0002A460346214608480AF0B0FE0028E9D08D
:10BAC0000B24FEF76FFDE6E70624FAE70C8300205F
:10BAD000D83B002009A70400DC3B002007B50B4B36
:10BAE00000930B480B4B0C2205210AF097FE50B92E
:10BAF000094BC3E90003094BC3E90003084B188055
:10BB000003B05DF804FB0B20FAE700BF20A7040098
:10BB1000483C00200C3C0020043C0020F83B002066
:10BB2000003C002038B5064B1C6805460CB9204681
:10BB300038BDD4E9003128469847A468F6E700BF2D
:10BB4000643C002070B588B001AE0C463146054615
:10BB500004F0DEFB96E8030004F10803606023F8BC
:10BB6000021B090C1970DDF80B30C4F80B30BDF85E
:10BB70000F30A4F80F309DF811306374DDF81230E7
:10BB8000C4F81230BDF81630E3829DF818302376E1
:10BB9000DDF81930C4F81930BDF81D30A4F81D3097
:10BBA0009DF81F30E377AB882384AB8B6384EB8BEA
:10BBB000A3842B8CE38495F8223084F82930AB6D74
:10BBC000236095F82830DB4303F0010384F8283024
:10BBD00008B070BD1FB50023ADF80C000093022221
:10BBE00003A940F21D4004F0BDFC05B05DF804FB64
:10BBF0001FB50023ADF80C000093022203A942F206
:10BC0000160004F0AFFC05B05DF804FB07B5002397
:10BC100000931A46194642F20E0004F0A3FC03B04A
:10BC20005DF804FB1FB500238DF80C008DF80D1096
:10BC30000093022203A942F20C0004F093FC05B029
:10BC40005DF804FB1FB500238DF80C000093012262
:10BC500003A942F20A0004F085FC05B05DF804FB7C
:10BC6000064A138823F4FF7323F001031380537CE7
:10BC70006FF3C303537404F0C9B800BF683C0020DD
:10BC8000F8B5094F3D4604460E4604F087F80FCD3F
:10BC90000FC42B6823601EB1FFF7E2FF00233B7443
:10BCA000BDE8F84004F07CB8683C0020014610B1C3
:10BCB00001480AF01FBE7047A83C002010B40C4693
:10BCC00011461CB123465DF8044B18470278042A3C
:10BCD00007D1D0E901120B6813604B6853608B6881
:10BCE000936000205DF8044B7047F7B5054601915D
:10BCF00004F054F8019804F0D5FA044660B1D0E994
:10BD0000196704F04DF854B13A463146284603B05D
:10BD1000BDE8F040FFF7D2BF07460646F1E707202F
:10BD200003B0F0BD00B593B03422002105A81DF08A
:10BD30004FFB0823012168468DF81430FFF7A0FF60
:10BD4000029919B1039A05A8FFF7B8FF05A8FFF7F4
:10BD5000E9FE13B05DF804FB30B5144B1B78012BE2
:10BD600093B004461DD0022B19D101216846FFF77C
:10BD700087FF029D9DB13422002105A81DF028FBFC
:10BD8000002303998DF81430069405A8A8472623AC
:10BD90008DF814300399029B069405A8984713B0B8
:10BDA00030BDFFF7BFFFFFF75BFFF8E7683C0020FF
:10BDB000044B1B7C23B9044B5878C0F380007047B8
:10BDC00001207047683C00207C3C002010B590B0FA
:10BDD00034220021044603A81DF0FAFA092303A81F
:10BDE0008DF80C300494FFF79DFE03F0D7FF0A4A4C
:10BDF0001388D2E9024123F4875323F01F031380F1
:10BE0000019104F003F803F0CBFF14B1019903A8EA
:10BE1000A04710B010BD00BF7C3C002038B5104DCD
:10BE20002B78BBB16B78DB0614D56C6818F040FB3F
:10BE3000201A002810DC0020FFF704FF68B92B88C7
:10BE400023F4875323F01F032B8003F0DFFF0D2023
:10BE5000FFF7BCFF6FF0004038BD6420FCE700BF77
:10BE60007C3C002070B50A4D00202E78FFF7EAFEDA
:10BE7000044650B92B8823F4875323F01F032B80EB
:10BE800003F0C4FF012E18BF0224204670BD00BF7E
:10BE90007C3C002038B50B4B196800220C460CB9CD
:10BEA000204638BDA58A854205D022462468F6E79B
:10BEB0002368136003E0002AFAD10A681A6003F0CD
:10BEC000A5FFEDE78C3C002037B50D46019003F04F
:10BED00065FF019804F0E6F9044618B115B129464A
:10BEE000FFF730FE03F05CFF002C0CBF07200020A2
:10BEF00003B030BD30B5114B1B78012B93B0044615
:10BF00001AD13422002105A81DF062FA07238DF80A
:10BF100014300FCC06AD0FC594E8030085E803008C
:10BF200000216846FFF7ACFE029B13B1039905A8F8
:10BF3000984705A8FFF7F6FD13B030BD683C002018
:10BF40002DE9F0410E46017892B00546002951D006
:10BF500002290DD03C2946D1744B1B78012B03D00C
:10BF6000002012B0BDE8F0810020FFF72FFFF7E7B7
:10BF70006F4B1A78002AF3D01B7C022B03D11D20B3
:10BF8000FFF7EAFEECE701216846FFF779FE029D24
:10BF9000002DE5D03422002105A81DF019FA002358
:10BFA0008DF814309DF81130039913F0080F14BF69
:10BFB00009230D234FF6FF740693ADF81C4005A826
:10BFC000A84726238DF814309DF811300399ADF859
:10BFD0001C4013F0080F14BF09230D23069305A876
:10BFE000029B9847BCE7534B534A544840F65E21A6
:10BFF0001AF0BCFC408804F077F80028B0D02B7908
:10C00000002B63D0012B67D0688804F0FFF8AB8960
:10C010008383EB89C3832B8A0384AB7C80F8223033
:10C020002B790446002B61D1414B9A684266DA684D
:10C0300082665B7C90F82820C3F3410342F0010242
:10C0400080F828208371FFF70BFE95F8058084F8AF
:10C0500007802B46012753F8062FA2609B88A381F7
:10C060002B46A77353F8132FC4F80F209B88A4F80E
:10C07000133005F119060023062231460DF1150093
:10C080000593CDF817301DF06DF9002843D1B84560
:10C090000ED1637B03F0C003402B09D1234653F834
:10C0A000072FC4F815209A889B79A4F81920E37605
:10C0B00003F074FE204604F001F903F071FE2B79C1
:10C0C0006888012B2ED1FFF785FD49E7184B1B78B7
:10C0D000022B99D0052044E7002EFBD1134B1A7890
:10C0E000012AF7D15B781B07F4D58DE70F4A3101A0
:10C0F00002EB0616B3684366F36883667378C3F38E
:10C1000001038371535A23F4875323F01F035352BF
:10C1100003F07CFE99E767753368C4F81630B3887E
:10C120006383C5E7FFF764FD1AE700BF7C3C00208E
:10C13000683C00209AA304009FA704003CA70400C9
:10C1400030B58FB0044634220D4601A800211DF001
:10C150003FF9002301A88DF804300295ADF80C409A
:10C16000FFF7E0FC214601A8FFF7BFFD262301A849
:10C170008DF804300295ADF80C40FFF7D3FC214652
:10C1800001A8FFF7B2FD40F64802FB21204604F06B
:10C19000B0FE0FB030BD000038B5044603F0FEFD20
:10C1A000608804F07FF8054603F0FAFDDDB195F8EC
:10C1B0002830DB0708D5201D09F016FE686260886C
:10C1C000BDE83840FFF706BD63781BB9201D09F0B4
:10C1D0000BFE686261786088FFF7B2FF6288024BED
:10C1E000012143F8221038BDCC82002038B5044626
:10C1F00003F0D4FDB4F8010004F054F8054603F050
:10C20000CFFDE37885F85C306279237943EA022335
:10C21000A5F85E30A379E27943EA0223A5F86030FD
:10C2200095F82830DB0705D4B4F80100BDE83840A4
:10C23000FFF7DEBC217829B9B4F80100BDE8384029
:10C24000FFF77EBF38BD30B58FB004460D463422AF
:10C25000002101A81DF0BCF80523214601A88DF896
:10C260000430ADF810400295FFF73FFD0FB030BD30
:10C2700070B58EB0458804463422002101A81DF017
:10C28000A7F812238DF804306378029323798DF890
:10C290000E30AEB263798DF80F3001A8ADF80C50B6
:10C2A000FFF740FC314601A8FFF71FFD0EB070BD3F
:10C2B00030B58FB0B0F8015004463422002101A8F7
:10C2C0001DF086F822238DF80430B4F80300ADF891
:10C2D0000A00B4F80710ADF80E10B4F80520ADF858
:10C2E0000C20B4F809300B4CADF8103024F81500D0
:10C2F000094820F81510094921F81520084A01A815
:10C3000022F81530FFF70EFC294601A8FFF7EDFCD7
:10C310000FB030BDC4820020DC820020BC8200202F
:10C32000E4820020F8B52C4D2B786BB16B78DB07DD
:10C330000AD56C6818F0BCF8241A002C0BDC2B789A
:10C34000012B26D0022B02D06FF0004403E0FFF750
:10C350005DFCC8B16624214F03F020FD18F0A8F859
:10C360003A686FF000454FF6FF71DAB92DB303F06C
:10C3700017FDAC42A8BF2C46FFF750FDA04228DCB9
:10C38000BDE8F840FFF74ABD6B7860F300036B70BF
:10C39000DAE700210846FFF745FC0028DAD1FFF76D
:10C3A000C1FCD1E713691B1A23EAE373AB42B8BFA0
:10C3B000918A1268B8BF1D46D7E70846FFF76AFDA5
:10C3C000064603F0EDFC002ED3D03046FFF76EFC9E
:10C3D000C2E72046F8BD00BF683C00208C3C00202E
:10C3E00010B503F00BFD40B103F0D8FCFFF73AFDA8
:10C3F000044603F0D5FC204610BD1E24FBE70000D8
:10C400002DE9F0438BB080460F4691461D4603F060
:10C41000F5FC002800F0C98003F0C0FC0DB903242E
:10C420008DE0B8F1030FFAD86B78022BF7D8604E85
:10C430003378002B40F0B5806B88013B9BB21E2BFC
:10C44000EDD9AB88B3F5804FE9D82B78012B00F0FC
:10C450008680022B79D0002BE1D12B7ADA07DED44B
:10C460006FF00043994505D003A948460AF0A5FDA1
:10C470000028D4D1FFF79CFC002840F0948040466F
:10C4800004F037FE0446002859D1129BB360139B79
:10C49000F3602A780490111E18BF012108F00303ED
:10C4A00043EAC1037178CDF8130021F00B010B436F
:10C4B00073706988AB8851EA030005D1002A0BBF6D
:10C4C000F0236023A0213021ADF81810ADF81A3008
:10C4D000002A4BD0012A4FD004AB002F08BF1F46C3
:10C4E0000F223B788DF81E3057F8013FCDF81F30F2
:10C4F000BB88ADF82330AB798DF81C40002B08BF0A
:10C5000007238DF82530EB798DF826300023009332
:10C5100006A942F206008DF81D8004F023F80446B7
:10C5200068B901203070FFF78DFB044658B333889B
:10C5300023F4875323F01F03338003F067FC03F0D9
:10C540002FFC20460BB0BDE8F0832B7ADB073FF5CC
:10C5500066AF03F0EDFD002882D10624EFE7002F3F
:10C560003FF45DAF3B78032BF3D958E76B78002B92
:10C570000CBF03240224AFE72B7A13F0010F14BF82
:10C5800001240424A8E76FF000439945D7D0039D08
:10C5900017F08EFF7378284443F0100370607370B7
:10C5A000CBE70224CBE71D24C9E71E24C9E700BF5F
:10C5B0007C3C002030B58BB005460C4603F01EFCD9
:10C5C000B8B115B91CB1122011E01F2CFBDC2246BA
:10C5D00029460DF109001CF0D3FE00230093202210
:10C5E00002A942F208008DF8084003F0BBFF0BB02F
:10C5F00030BD1E20FBE730B58BB005460C4603F07E
:10C60000FDFBB8B115B91CB1032011E01F2CFBDCF8
:10C61000224629460DF109001CF0B2FE00230093CA
:10C62000202202A942F209008DF8084003F09AFF87
:10C630000BB030BD1E20FBE7024B1878431E58425A
:10C64000584170477C3C0020024B1878431E5842EA
:10C6500058417047683C0020024B1878831E5842AE
:10C6600058417047683C00201FB590F8283013F0FF
:10C670000203044614D18288ADF80C208DF80E1008
:10C680000093032203A940F2064003F06BFF28B990
:10C6900094F8283043F0020384F8283004B010BD29
:10C6A0000220FBE738B505460C4603F0A7FB78B13E
:10C6B00003F074FB284603F0F5FD38B12146FFF77F
:10C6C000D3FF044603F06CFB204638BD0724F9E78E
:10C6D0001E24F9E730B58FB004460D463422002100
:10C6E00001A81CF075FE032301A88DF80430ADF8F5
:10C6F0000C400295FFF716FA214601A8FFF7F5FA5C
:10C700000D2D03D113212046FFF7CCFF0FB030BD14
:10C710002DE9F0418EB0342204460E4601A80021D6
:10C720001CF056FE03F03AFB204603F0BBFD054625
:10C7300020B103A9FFF706FAD5E9197803F030FB19
:10C74000002D51D003F02AFB2046FFF7A3FB05463E
:10C7500003F026FB35B120463146FFF7BBFF2846E4
:10C76000FFF7A4FA3146204605F0FEFA204607F00E
:10C7700089F9204602F036FD204602F075F8204681
:10C7800003F0BEFE03F00AFB204603F08BFD0546D6
:10C7900003F006FB55B195F8283013F0010305D1DD
:10C7A000134A52F8245015B142F82430012520468E
:10C7B00003F084FC0F4A0296002322F814300E4A3C
:10C7C00022F814300D4A22F814300D4A22F81430A1
:10C7D00001238DF804303DB101A8FFF7A3F94246CB
:10C7E000394601A8FFF76AFA0EB0BDE8F08100BF34
:10C7F000CC820020BC820020E4820020C482002081
:10C80000DC82002070B5B0F8016004788EB0B5B25B
:10C8100044B9C17809B101F500712846FFF778FFE6
:10C820000EB070BD3422002101A81CF0D1FD04F52A
:10C830000074062301A88DF80430ADF80C60029452
:10C84000FFF770F9294601A8FFF74FFAE8E7000063
:10C8500038B504464FF6FF7503F05BFCA84203D0E1
:10C860002146FFF755FFF7E7054B1B78012B02D157
:10C870002046FFF7ABFA2046BDE83840FFF76CBA18
:10C880007C3C002070B590B004463422002103A8FF
:10C890001CF09EFD0023CDE9013303F07FFA66888A
:10C8A000304603F0FFFC18B16378DBB11A2B29D0B6
:10C8B000BDF8043023B93046FFF7ECFAFFF7F6F97C
:10C8C00003F06EFABDF804302BB3214A002301A90E
:10C8D000304605F0CDF918B101463046FFF7FAFEB3
:10C8E00010B070BD6279237943EA02238383E27931
:10C8F000A37943EA0223C383237A627A43EA0223B9
:10C900000384D5E7134B1D68002DD1D0AB8AB34209
:10C9100007D02D68F8E760780028DDD000F50070BA
:10C92000DAE790F82830DB07C2D4AB88ADF80430E2
:10C93000EB88ADF806302B89ADF808306B89ADF87F
:10C940000A3017F0B5FD00F520402861B0E700BFC0
:10C9500059C902008C3C002070B504460D4603F016
:10C960001DFA2046FFF796FA064603F019FA4EB173
:10C970003046FFF79BF92DB129462046BDE87040AF
:10C98000FFF7A8BE70BD000038B503F037FA98B1C4
:10C990000A4D03F003FA2B78022B0BD1FFF736F97F
:10C9A000044618B96B7C43F008036B7403F0F8F984
:10C9B000204638BD0224F9E71E24F9E7683C002030
:10C9C0002DE9F0410279C3789CB043EA0223ADF827
:10C9D00014308279437943EA0223ADF81630027AA3
:10C9E000C37943EA0223ADF81830437A827A0025EE
:10C9F00043EA0223ADF81A30079505AE044696E8DF
:10CA00000700B4F801400DF1200888E80700A7B23C
:10CA1000342229460FA81CF0DBFC042339460FA85A
:10CA20008DF83C30CDE91068ADF84840FFF75DF96E
:10CA3000ADF82C40034690BBBDF82020ADF82E2069
:10CA4000BDF82220ADF83020BDF82420ADF832200A
:10CA5000BDF82620ADF83420BDF82820ADF83620EA
:10CA6000BDF82A20ADF8382000900E220BA942F222
:10CA7000200003F077FD044670B103F08FF93846CB
:10CA8000FFF708FA039003F08BF90398FFF70EF90C
:10CA900021463846FFF71EFE1CB0BDE8F0818DF838
:10CAA0002E0000952B4603220BA942F2210003F031
:10CAB00059FDF1E72DE9F0410B884A88934288B08F
:10CAC00080460C4600F2A480052B40F2A180B2F50E
:10CAD000486F00F29D808988B1F5FA7F80F09880D8
:10CAE000E38801FB0222B3EBA20F40F391800A3BE3
:10CAF0009BB240F67642934200F28A8003F07EF9C0
:10CB0000002800F087800023CDE9023303F046F9C6
:10CB1000404603F0C7FB0546002856D03E4B1E6832
:10CB200036B93E4809F0BFFE074630B906253AE05F
:10CB3000B38A43454DD03668F2E7182231461CF0DF
:10CB400047FC20686168A7F814803B1D03C3A068F8
:10CB5000186017F0ADFC6B6A00F520409A07386149
:10CB600003D495F82830DB0737D52388ADF8123089
:10CB70006388ADF81430A388ADF81630E388ADF8BB
:10CB800018302389ADF81A3000266389ADF81C30BF
:10CB9000009633460E2204A942F21300ADF810802D
:10CBA00003F0E0FC054603F0FBF8CEB903F02EF9E4
:10CBB00003F0F4F845BB184B1A683A601F6003F0A5
:10CBC000EFF8284608B0BDE8F0810746072506467D
:10CBD000E9E7002602253746E5E735460126E2E784
:10CBE0002388ADF808306388ADF80A30A388ADF823
:10CBF0000C30E388ADF80E30094A002302A9404604
:10CC000005F036F80546D3E73846FFF74FF8D6E784
:10CC10000325D6E71E25D4E78C3C0020A83C002045
:10CC200059C9020070B5A4B00446002603F0E6F826
:10CC3000002842D003F0B2F8204603F033FB05464B
:10CC400090B107A990F8286003F062FB0023DDF89B
:10CC50002300BDF827208DF81B309DF82930059062
:10CC6000ADF818208DF81A3003F09AF83DB3F207AA
:10CC70001FD50EA905A808F042F8B0B99DF860309C
:10CC8000DB0712D59DF888309DF8421003F00103B0
:10CC90000293DDE912232046CDE90023BDF844309C
:10CCA00014AA06F087FD24B070BD204606F005FDED
:10CCB000F9E7204606F05AFAF5E71E20F3E70720C9
:10CCC000F1E7000030B59BB0044603F097F8002868
:10CCD00064D000230493CDF81330237853B906228F
:10CCE0000DF11101601C1CF03DFB18B90324204616
:10CCF0001BB030BD03F052F8204603F06DFB10B1BD
:10CD00001321FFF7B1FC03F04BF82068A288A37948
:10CD100001900025ADF8082001A904AA0620CDF84D
:10CD20000B508DF80F508DF80A3007F075FF08B9D9
:10CD30000DF117042068A288A3790190ADF80820AE
:10CD400001A904AA0220CDF80B508DF80F508DF8E0
:10CD50000A3007F061FF0446A8B99DF84930DB07A7
:10CD60000DD50F4B1B78012B16D00E4B1B78012BCA
:10CD700012D09DF804000DF1050104F0C2FA01A8DB
:10CD800008F0F1F8B3E704AA01A9012007F044FF75
:10CD900004460028ABD1F2E70F24A8E71E24A6E73B
:10CDA0007C3C0020683C002000B589B003F026F8E8
:10CDB00068B1032201A902A808F0B4F820B9019BC8
:10CDC0003BB102A8FFF77EFF09B05DF804FB1E200F
:10CDD000FAE70520F8E72DE9F04389B0064603F0AD
:10CDE0000DF850B3032201A902A808F09BF80446ED
:10CDF00040B9019F1FB30DF1090506F10109A742D2
:10CE000004DC0624204609B0BDE8F083327815F82A
:10CE1000013C9A42C4EBC40808D129460622484680
:10CE20001CF0A0FA073508B90134E8E702AB03EBC0
:10CE30000800FFF747FF0446E4E71E24E2E7052465
:10CE4000E0E730B58FB004460D463422002101A83A
:10CE50001CF0BEFA95E803000B238DF8043002ABFA
:10CE600083E80300214601A8ADF81040FEF73DFF1E
:10CE70000FB030BDF0B58FB004460D461746002107
:10CE8000342201A81E461CF0A3FA0A2301A88DF83B
:10CE90000430ADF80C400295FEF744FE214601A88F
:10CEA000FEF723FF1DB927B1204602F0ABFC0FB0FF
:10CEB000F0BD002EFBD0204602F048FCF7E730B56D
:10CEC0008FB00C4605463422002101A81CF080FAE0
:10CED00010238DF804302368CDF80A30A388ADF80C
:10CEE0000E302946A379ADF8085001A88DF810300E
:10CEF000FEF7FBFE0FB030BD10B504468EB03422F5
:10CF0000002101A81CF064FA2068029011238DF81A
:10CF100004302188A388ADF80C3001A8FEF7E5FEA7
:10CF20000EB010BD30B58FB004460D46342200213E
:10CF300001A81CF04DFA1B23214601A88DF80430EE
:10CF4000ADF80C400295FEF7D0FE0FB030BDF0B545
:10CF50008FB004460F4616460021342201A81D4614
:10CF60001CF036FA0C238DF804304FF0000365F303
:10CF7000000301A88DF81030ADF80E40ADF80C702C
:10CF80000296FEF7CFFD214601A8FEF7AEFE0298FD
:10CF900009F0DEF80FB0F0BDF0B58FB00C460746D3
:10CFA00016460021342201A81D461CF011FA0D235B
:10CFB0008DF804304FF0000365F3000301A88DF8ED
:10CFC0001030ADF80C400297ADF80E60FEF7AAFDE8
:10CFD000214601A8FEF789FE0FB0F0BDF0B58FB075
:10CFE00005460F4616460021342201A81C461CF0B7
:10CFF000EFF90E238DF804309DF85030ADF808504D
:10D00000003B18BF0123003C18BF012444EA43043D
:10D010009DF85430ADF80A70003B18BF012344EA74
:10D0200083049DF858308DF80C60003B18BF012335
:10D0300044EAC30401A88DF80D40FEF773FD2946AC
:10D0400001A8FEF752FE0FB0F0BD70B58EB00446D9
:10D050000E4615460021342201A81CF0B9F90F2311
:10D0600001A88DF80430ADF80840ADF80A60ADF8BD
:10D070000C50FEF757FD214601A8FEF736FE0EB014
:10D0800070BD30B58FB005460C463422002101A892
:10D090001CF09EF91D2301A88DF8043002958DF82F
:10D0A0000C40FEF73FFD0FB030BD70B58EB00446AA
:10D0B0000E4615460021342201A81CF089F92023D0
:10D0C000214601A88DF80430ADF80840ADF80A609B
:10D0D0000395FEF70AFE0498012818BF02200EB03F
:10D0E00070BD10B58EB0C4783422002101A81CF0A8
:10D0F0006FF921238DF8043001238DF8093001A840
:10D1000000238DF80840ADF80A30FEF70BFD0EB095
:10D1100010BD10B58EB0C4783422002101A81CF0D7
:10D1200057F921238DF8043001A800238DF8084019
:10D130008DF80930ADF80A30FEF7F4FC0EB010BDE2
:10D1400030B58FB0C57804793422002101A81CF0D5
:10D150003FF921238DF8043001A802238DF80850EF
:10D160008DF80930ADF80A40FEF7DCFC0FB030BD99
:10D1700038B5FEF777FE20B9104A537843F0040320
:10D1800053700F4C2378022B0CD1FEF73FFD48B9AA
:10D19000238A23F40F6323F00F0343F4006343F067
:10D1A000020323822578012D07D100210846FEF7CE
:10D1B00039FD10B9FEF754FD257438BD7C3C0020C4
:10D1C000683C002008B502F0E9FDFEF7F1FD08B962
:10D1D000FFF7CEFFBDE8084002F0E2BDF0B5204CFD
:10D1E00020484FF0FF318FB0002509F05BFDC4E906
:10D1F000005502F0D3FD1C4A5378590706D565F354
:10D200008203537093682360D3686360174B1A7C62
:10D210000025012A03BF1D74D3E9026715462F4676
:10D2200018BF2E4602F0BCFD092321688DF804309A
:10D230001D23029319B1626801A8FEF73FFD09485A
:10D2400009F056FD4DB108238DF804303A461D23F0
:10D25000314601A80293FEF731FD0FB0F0BD00BFCB
:10D26000C83C0020C43C00207C3C0020683C0020DE
:10D270000B4910B50A6813460BB9052010BD83424F
:10D2800007D09B68F8E7134692688242FBD19C6006
:10D2900003E09A429C68F6D10C600020EEE700BFE4
:10D2A000643C002013B51422002110481CF090F8B3
:10D2B000102200210E481CF08BF80E4809F0DAFC11
:10D2C000044680B90C4B18600C4B18600C4B009353
:10D2D0000C480D4B1822012109F0A0FA18B10128C1
:10D2E00014BF0B240624204602B010BD683C002069
:10D2F0007C3C0020C43C00208C3C0020643C00208E
:10D3000090A70400A83C0020903C002043680A68D5
:10D310009B1A002B05DD4A689A4200DD4B60002015
:10D320007047012070470B884FF6FF72934270B52B
:10D3300006D002899A4203D04A8843899A4213D17F
:10D34000D1E90124057B00239C4205DC0020C86054
:10D35000003818BF012070BD12F83360AE4202EBF6
:10D36000C300F4D00133EFE70020F4E7407B00F086
:10D370000100704738B10E2808BF0021034B188008
:10D380005980184670470146F8E700BFE83D002085
:10D3900070B504460846256911461A464DB12689DE
:10D3A000FFF7E8FF63690146AC463046BDE87040D0
:10D3B0006047284670BD00231A460D21FFF7E8BFDD
:10D3C0000023FFF7E5BF70B50446084665691146BE
:10D3D0001A464DB12689FFF7CDFFA3690146AC4639
:10D3E0003046BDE870406047284670BD00231A46AD
:10D3F0000D21FFF7E8BFB1F5857F08BF0E2100239F
:10D4000089B2FFF7E0BF70B504460846A56A114629
:10D410001A464DB12689FFF7ADFFE36A0146AC46D7
:10D420003046BDE870406047284670BD00231A466C
:10D430000D21FFF7E8BF0023B1F5857F08BF0E215E
:10D44000FFF7E1BF70B504460846A56911461A46C4
:10D450004DB12689FFF78EFFE3690146AC463046A1
:10D46000BDE870406047284670BD00231A460D2174
:10D47000FFF7E8BF838A1BB9B1F5857F08BF0E218E
:10D480000023FFF7DFBF70B5044608466569114603
:10D490001A464DB12689FFF76DFFA3690146AC46D8
:10D4A0003046BDE870406047284670BD00231A46EC
:10D4B0000D21FFF7E8BF0023B1F5857F08BF0E21DE
:10D4C000FFF7E1BF70B504460846A56A11461A4643
:10D4D0004DB12689FFF74EFFE36A0146AC46304660
:10D4E000BDE870406047284670BD00231A460D21F4
:10D4F000FFF7E8BF0023B1F5857F08BF0E21FFF7D6
:10D50000E1BF7FB505460393AC69084611465CB19F
:10D510002E89FFF72FFFEA6900920146039B2A8AB2
:10D520003046A04704B070BD2046FBE700231A46F2
:10D530000D21FFF7E6BF0023B1F5857F08BF0E215F
:10D54000FFF7DFBF70B504460846656911461A4605
:10D550004DB12689FFF70EFFA3690146AC46304660
:10D56000BDE870406047284670BD00231A460D2173
:10D57000FFF7E8BF0023FFF7E5BF13B51446038AA2
:10D58000ADF800302368019300226B46ADF802200D
:10D59000FFF7D8FF019B23600E2002B010BD70B5CD
:10D5A00004460846A56A11461A464DB12689FFF77A
:10D5B000E1FEE36A0146AC463046BDE87040604794
:10D5C000284670BD00231A460D21FFF7E8BF00234F
:10D5D000FFF7E5BF70B504460846656911461A466F
:10D5E0004DB12689FFF7C6FEA3690146AC46304619
:10D5F000BDE870406047284670BD00231A460D21E3
:10D60000FFF7E8BF0023FFF7E5BF70B50446084603
:10D61000E56911465DB12689FFF7ACFE236A014634
:10D6200004F110023046AC46BDE870406047284621
:10D6300070BD00220D21FFF7E8BF10B54469428A92
:10D64000238A9A4204D30022FFF7DFFF0E2010BD89
:10D650000A20FCE773B5054608466C6B11466CB1B1
:10D660002E89FFF787FEAB6B0093014695F83030AB
:10D6700005F110023046A04702B070BD2046FBE71E
:10D6800000220D21FFF7E6BF08B50022FFF7E2FFF9
:10D690000E2008BD2DE9F74F0024184EC3E90043C2
:10D6A0008046894692461F4602F078FB3568A346BD
:10D6B000A5B12A68019249462846C047019AD0B1CF
:10D6C0008CB933681B68336003B976607B68C5F832
:10D6D00000B0BAF1010F1D607D600BD103B0BDE851
:10D6E000F04F02F05DBB23681B682360002BEDD177
:10D6F0007460EBE725462C461546D9E7DC3D002053
:10D70000028A018901230D20FFF746BC73B5054647
:10D7100000236C690846114674B1CDE900332B8AA9
:10D720002E89ADF80030FFF725FEAB6901466A4649
:10D730003046A04702B070BD2046FBE700220D2115
:10D74000FFF7E4BFFFF7E2BF2DE9F04F2DED028BAD
:10D7500083B01D46037E08EE101A694608EE902A33
:10D76000DA00A1EBC30302AF9D46036A044602AE92
:10D77000002B66D0002130461BF02AFE04F1100A6F
:10D78000B1464FF00008237E984524DA3AF8023B70
:10D79000A9F800304FF00003A9F80230002D35D071
:10D7A0002868038A002B31D0022108F029FF286065
:10D7B00030B92B4B2B4A40F69A512B4819F0D6F82A
:10D7C000006808F00CFB02218346286808F07EFD03
:10D7D000BBF5007F07D9237E98451CD0234B214AF7
:10D7E00040F6B551E9E70021584608F087FCC9F832
:10D7F00004000028EFD029685B46002208F019FDDC
:10D800000028E8D12868594608F060FD08F10108B1
:10D8100009F10809B7E718EE901A18EE100A256A00
:10D82000B4F80890FFF7A6FD636A009301463246FC
:10D830005FFA88F34846A84704360025237E9D42B8
:10D8400006DB00200437BD46BDEC028BBDE8F08F3F
:10D8500056F8350008B108F07BFC0135EEE700BF53
:10D86000B8A704006CA80400BCA7040012A8040018
:10D8700000231A460D21FFF767BF2DE9F341447ECF
:10D8800006460F4694461D4624B1FFF75DFF02B0E1
:10D89000BDE8F081009403B11B68F46901937CB189
:10D8A00061463846B6F80880FFF764FD736A0146A2
:10D8B0006A464046A047002DE9D0019B2B60E6E771
:10D8C0002046F8E700231A460D21FFF7D6BF0023B4
:10D8D000FFF7D3BF0023FFF737BF000070B5044642
:10D8E000E0B1037B0D2B07D00E2B13D021460C4843
:10D8F000BDE8704008F0FEBF406908F029FCF5E77C
:10D9000056F8350008F024FC013594F83030AB426D
:10D91000F6DCEBE7002500F11406F6E770BD00BF6A
:10D92000C03D0020438A70B504460D46164643B1FB
:10D930004269128A9A4204D9418900890022FCF77F
:10D940001BFD324629462046BDE87040FFF75DBE0C
:10D950002DE9F743054690F8316095F8303000899D
:10D960006989B3420BD80122FCF706FD0546002465
:10D97000204608F0EDFB284603B0BDE8F083FCF735
:10D9800069F9441FA4B204B305F110070FFA86F831
:10D9900007EBC6067368188A7388C01A8442A8BF4A
:10D9A00004466C8603F0EBFB044680B16B8E7288F4
:10D9B000716808F03EFC50B90094738837F838203D
:10D9C00069892889FCF784FCD0E70725D0E706257C
:10D9D000CEE773B5418904460089FCF73BF9421F45
:10D9E000002A28DD6369608A1B8A181A9042A8BF42
:10D9F000104600280CDC618920890122FCF7BCFC60
:10DA000004460025284608F0A3FB204602B070BD5E
:10DA1000208303F0B4FB054678B1238B628A6169E9
:10DA200008F007FC48B90095638A228A6189208939
:10DA3000FCF74EFCE4E70724E3E70624E2E70000F6
:10DA40001FB50446074BA28C1868039003AB013244
:10DA500000936189E38C208992B2FCF711FB04B03A
:10DA600010BD00BF60A804001FB50446074B228A02
:10DA70001868039003AB013200936189638A20899F
:10DA800092B2FCF7FDFA04B010BD00BF60A804001C
:10DA90001FB50346094A598910689A8A0390188964
:10DAA0004AB91A8A03AC013200945B8A92B2FCF73D
:10DAB000E7FA04B010BDFCF74CFBFAE764A80400D9
:10DAC000F0B58BB0044600F1100606AD294630468D
:10DAD00007F02CFBA28C618927890591013292B253
:10DAE0003046049207F04CFB4FF42053CDE901502F
:10DAF0000093DDE904214FF6FF733846FCF76CFA1A
:10DB00000BB0F0BD1FB50446074B228A186803907E
:10DB100003AB01320093618920894FF6FF7392B203
:10DB2000FCF761FB04B010BD68A8040010B50548FF
:10DB300008F0B9FE044618B13C2200211BF048FC55
:10DB4000204610BDC03D002037B50B4600250A8891
:10DB50008988ADF8002004469868ADF8025003F0BB
:10DB600011FBA8420CBF0621294601906B462A46AC
:10DB70002046FFF714FD0446019808F0E9FAAC428C
:10DB80000CBF20460E2003B030BD072938B504462F
:10DB90000D460AD12846228A21890123FFF7FCF984
:10DBA0002089BDE8384001F033BC018A008901F0CA
:10DBB0005DFC0028EED038BD70B50D4688B01C2243
:10DBC0000646002101A81BF003FC6A682B88ADF80B
:10DBD0000430052A01D0132A07D1A968033A03317A
:10DBE00003A807F075FA044608B10A240DE0A868F6
:10DBF00010F8013B8DF8083008F0F1F82B88328AD4
:10DC0000ADF806009A42F0D2338201AB00222146E1
:10DC10003046FFF738FC204318BF0E2008B070BD17
:10DC200070B5054686B00C461822002168461BF0E8
:10DC3000CFFBAE8ADEB923882A8A9A4205D22B828C
:10DC40006368042B0AD0062B14D000226B461146C1
:10DC50002846FFF7F7FB50B10E2009E0A06808F056
:10DC6000BEF8A882A068023008F0B9F8E882002067
:10DC700006B070BDA06808F0B2F8ADF80000A0686A
:10DC8000023008F0ACF8A168ADF8020002220431BD
:10DC900001A807F01DFAD8E770B50E4688B01C221F
:10DCA0000546002101A81BF093FB72683388ADF88C
:10DCB0000430052A01D0132A25D1B168033A033173
:10DCC00003A807F005FA0446E8B9B06810F8013B6C
:10DCD0008DF8083008F083F83388AA8CADF8060078
:10DCE0009A4210D2AB8405F1100103A807F0CFF9D6
:10DCF00080B92246214601AB2846FFF7E3FB002806
:10DD000018BF0E2406E000231A460A212846FFF712
:10DD1000D9FB0E24204608B070BD0A8803899A42B8
:10DD20000BD14A8843899A4207D10B79027B9A42E8
:10DD300005D0FF3B584258417047002070470120F2
:10DD4000704708B50B4629B100231A46FFF727FC98
:10DD50000E2008BD0A460E21F8E7000010B549B1B3
:10DD6000062907D1437B094C43F001034373236821
:10DD700013B10021084610BD16F09AFB10F5806122
:10DD800001D02160F5E701232360F3E7E43D0020A3
:10DD900038B50546FFF7DCFD01462846FFF7DEFFF4
:10DDA000044620B1014600222846FFF753FC2046D6
:10DDB00038BD38B50546FFF70CFE01462846FFF78B
:10DDC000CDFF044620B1014600222846FFF71DFC86
:10DDD000204638BDF7B505460C4651BBD5F814C0F2
:10DDE000408ABCF810E0704518D22F8A974215D1AE
:10DDF000984213D1089A1668378A384470450DDC6A
:10DE00002A8B97420AD100976246304608F0D9FA29
:10DE100030B1698928892246FCF7AEFA0A2408E065
:10DE20006B8A328A13446B822846FFF7C2FF04468E
:10DE300028B1214600222846FFF7E7FB0E242046A2
:10DE400003B0F0BD38B50546FFF7FAFD0146284698
:10DE5000FFF784FF044628B1002301461A462846EE
:10DE6000FFF730FB204638BD38B50546FFF7FCFD0F
:10DE700001462846FFF772FF044628B100230146F9
:10DE80001A462846FFF7FFFA204638BD38B5054642
:10DE9000FFF7FEFD01462846FFF760FF044628B164
:10DEA000002301461A462846FFF7CCFA204638BD23
:10DEB000F0B5154687B01023002207460C4601A88E
:10DEC000296807F021F90646286808F041F900237F
:10DED0002B60DEB9BB8ACBB174B97B690093224653
:10DEE0006B4621463846FFF7ADFA58B97C61384693
:10DEF000FFF7CCFF044630B100231A4621463846CE
:10DF0000FFF7A0FA0E24204607B0F0BD0A24F3E77D
:10DF100038B50546FFF7D4FD01462846FFF71EFF3A
:10DF2000044628B1002301461A462846FFF76BFA3B
:10DF3000204638BD38B50546FFF7E4FD01462846C2
:10DF4000FFF70CFF044628B1002381B21A46284689
:10DF5000FFF739FA204638BD10B5064C236833B1B7
:10DF600016F0A6FA2368181A20EAE07010BD6FF0C8
:10DF70000040FBE7E43D002010B50446FFF76AFBD4
:10DF800094F8312094F830309A4206D26189208981
:10DF90000022BDE81040FCF7EFB910BD73B5044690
:10DFA000084631B994F8311094F830508D4207D8B2
:10DFB0000A20014600222046FFF7DEFF0E2028E05F
:10DFC00004F1100606EBC10536F831109142EFD18D
:10DFD00069889942ECD1638E069A009312680346D1
:10DFE000686808F0EEF90028E2D16B88628E13446D
:10DFF0006A68128A9BB29A426B809FBF688094F8CD
:10E000003130013384F831302046FFF7C1FE00285B
:10E01000CFD102B070BD0246438A51890089128A6D
:10E020000BB9FCF796B8FCF7B2B838B50546FFF760
:10E03000F2FF01462846FFF791FE044628B100236F
:10E0400001461A462846FFF7C5FA204638BDF0B506
:10E050001368174602691E8A85B0CDE9022302AB18
:10E0600000220D460446FFF7B5FA039B3B6055EAD4
:10E07000000301930DD161892089FBF7EBFD40B1CD
:10E0800001388642019B06DA1A460E212046FFF728
:10E09000A1FA0E2007E0638A334463822046FFF72B
:10E0A000C4FF0028F5D105B0F0BD08B50B4629B175
:10E0B00000231A46FFF706FA0E2008BD818CC28C99
:10E0C000914202D11A460E21F4E7FFF7BBFE002869
:10E0D00018BF0E20F1E708B50B4629B100231A46F8
:10E0E000FFF7D1F90E2008BD018A428A914202D180
:10E0F0001A460E21F4E7FFF7B7FE002818BF0E20DE
:10E10000F1E708B50B4629B100231A46FFF79AF943
:10E110000E2008BD018A4FF6FF72914202D11A46C5
:10E120000E21F3E7FFF7B2FE002818BF0E20F0E73C
:10E1300010B50446A9B9437BDB0704D416F0B8F93F
:10E1400000F5F040606001F029FE00232360074BDA
:10E150005A6814605C6001F023FEBDE8104001F0D5
:10E1600055BEBDE81040FFF7B9BB00BFDC3D002045
:10E170001FB5ADF800008DF80420ADF80210054879
:10E1800002AB01226946FFF785FA029805B05DF8F7
:10E1900004FB00BF1BDD02007FB502ADADF800003F
:10E1A0008DF804100D480E4E2B4600226946FFF7ED
:10E1B00071FA029C0CB904B070BD237B002256F8A2
:10E1C0002330072120469847029B1B68029303B91E
:10E1D00003952046FFF782FBEBE700BF15E2020044
:10E1E00098A804007FB5CDE903230023ADF808000B
:10E1F000ADF80A10059306486B46012202A9FFF705
:10E2000049FA089B059A00981A6007B05DF804FB6C
:10E2100027D302000A8803899A4207D10B79027B2F
:10E220009A4205D0FF3B5842584170470020704742
:10E2300001207047428A4189013238B592B2838AFF
:10E2400004460089FBF75CFE01462046FFF786FD89
:10E25000054628B1002301461A462046FFF751F92A
:10E26000284638BD7FB516F023F96FF000430290C1
:10E2700003930022214800926B4602A9CDF804D0F6
:10E280001F4EFFF707FA039D009CA4B9FFF764FE39
:10E2900060B91C4B1C4E18600246014602AB1B487D
:10E2A000FFF7F8F9029CD4B9FFF756FEA842A8BFC1
:10E2B000284604B070BD237B56F823300BB12046AE
:10E2C000984720891321FEF7EDF9009B1B68009306
:10E2D0000BB9CDF804D02046FFF700FBD4E7237B31
:10E2E00056F82320637B23F0010363732046904795
:10E2F00001462046FFF71CFF2468D4E70DD3020037
:10E3000090A90400E43D0020D8A804006DD30200C9
:10E310002DE9F34180460F461546FFF707FC00261E
:10E32000044610B30423C0E9047543810673A0F8C2
:10E33000088001F033FD618920896B4601AAFBF753
:10E3400064FC054608B9009B5E8901F029FD25B9EA
:10E3500020893146FBF75DFD054620462946FFF73B
:10E36000E7FE284602B0BDE8F0810625F5E7F7B5DF
:10E3700007460E46144662B902F001FF0446D8B1C2
:10E3800000220346009231464FF6FF70FCF7FAFA7E
:10E39000A0B9224631463846FCF708F80024054665
:10E3A0000023324639462846FEF7F6FD204607F0A0
:10E3B000CFFE284603B0F0BD0625F1E70925EFE7BB
:10E3C000FFF7D5BF0022FFF7D2BF0F21FFF7E4BE52
:10E3D0002DE9F34180460F461446FFF7A7FB06469A
:10E3E00040B30F2303730423A0F8088043810782FE
:10E3F00064B902F0C4FE0446E0B100220346009274
:10E4000039464FF6FF70FCF7BDFA28BB71892346E9
:10E410003A464046FBF7EAFF054648B901F0BEFC24
:10E42000404601F03FFF08B1A0F8547001F0B8FC7D
:10E43000002400E0062501233A4641462846FEF71F
:10E44000ABFD29463046FFF773FE204607F080FEFD
:10E45000284602B0BDE8F0810925ECE7FFF7B8BF18
:10E460000022FFF7B5BF000070B51646FF221D461B
:10E47000FFF77EFE044668B1027B074B53F822305B
:10E480001BB1324605F5807198472046BDE87040C3
:10E49000FFF724BA70BD00BF98A80400042937B55F
:10E4A000154606D00C4B0D4A0D4841F28F3118F03D
:10E4B0005DFA00220193FFF75BFE044650B1019B19
:10E4C00000222946FEF764FF204603B0BDE8304035
:10E4D000FFF704BA03B030BD33A8040087A80400D6
:10E4E000BCA70400F0B5144687B00622FFF740FE33
:10E4F0000546F0B12388428AADF800309A4204F113
:10E50000040438BF43820FCC01AE0FC638BF0027CA
:10E510002368336028BF0A2739466B460022284605
:10E52000FEF7EFFF38430CBF01460E212846FFF7E8
:10E53000FFFD07B0F0BD38B515460622FFF718FEFF
:10E540000446C8B155B100231A462946FEF7D9FF43
:10E550000E212046BDE83840FFF7EABD428A838A93
:10E560009A4203D12B462A460E21EFE7FFF762FEBF
:10E57000011E18BF0E21ECE738BD70B5154686B0F8
:10E580000222FFF7F5FD0446F0B16B88828C9A42B7
:10E590001CD22A88838400F11006ADF80020ADF863
:10E5A00002300FCE01AD0FC533682B600025294620
:10E5B0006B4600222046FEF726FF28430CBF01468B
:10E5C0000E212046FFF7B4FD06B070BD0A25EEE728
:10E5D00038B515460222FFF7CBFD0446D0B155B140
:10E5E00000231A462946FEF70EFF0E212046BDE8FD
:10E5F0003840FFF79DBD828C4FF6FF739A4203D1DE
:10E600002B462A460E21EEE7FFF782FC011E18BFBB
:10E610000E21EBE738BD000030B585B003AB0093A9
:10E6200015460423074AFFF7DDFD044638B1039B76
:10E6300029465B68984701462046FFF779FD05B0FB
:10E6400030BD00BF70A9040030B585B003AB0093A6
:10E6500015460423074AFFF7C5FD044638B1039B5E
:10E6600029465B68984701462046FFF761FD05B0E3
:10E6700030BD00BF50A9040070B5164686B0012217
:10E68000FFF776FD054608B37268022A01D0102A0A
:10E690001ED1B16801A806F01BFD0446C0B97388FD
:10E6A0002A8A9A4214D232882B82ADF80020ADF823
:10E6B0000230A1B26B4600222846FEF784FE54EADF
:10E6C000000118BF0E212846FFF732FD06B070BDCD
:10E6D0000A24EEE738B515460122FFF749FD044646
:10E6E000D0B155B100231A46A9B2FEF76CFE0E2137
:10E6F0002046BDE83840FFF71BBD028A4FF6FF7386
:10E700009A4203D12B462A460E21EEE7FFF712FC70
:10E71000011E18BF0E21EBE738BD00007FB51E4675
:10E7200003AB009315460323074AFFF75BFD04463E
:10E7300040B1039B29465B68324698470146204614
:10E74000FFF7F6FC04B070BD38A9040070B515469B
:10E7500009221E46FFF70CFD044648B12946324601
:10E76000FFF775FC01462046BDE87040FFF7E0BCAE
:10E7700070BD37B515469DF818200193002A14BFC7
:10E780000B220A22FFF7F4FC044650B1019B002241
:10E790002946FFF772F8204603B0BDE83040FFF786
:10E7A0009DB803B030BD10B50C22FFF7E1FC044664
:10E7B00040B100221146FEF7A9FF2046BDE81040F7
:10E7C000FFF78CB810BD0000F0B585B01E4603AB56
:10E7D0000093154602230A4AFFF704FD044660B180
:10E7E0000B9B0093039B29465F68BDF82830324697
:10E7F000B84701462046FFF79BFC05B0F0BD00BFBF
:10E8000028A9040030B585B003AB00931546022358
:10E81000074AFFF7E7FC044638B1039B29465B68CB
:10E82000984701462046FFF783FC05B030BD00BF86
:10E8300018A9040010B50F22FFF79AFC044690B106
:10E84000018A008900F012FE40B90E20228A218937
:10E850000123FEF7A1FB208900F0DAFD2046BDE888
:10E860001040FFF73BB810BD38B5FF210446FFF755
:10E8700093FC01F093FA204601F014FD044601F0E8
:10E880008FFA04F16C05E06E00B938BD4368E366A9
:10E8900003B92567103807F05BFCF4E707B5074BB1
:10E8A00007480022C3E90023064B00933C22064B95
:10E8B000042107F0B3FF03B05DF804FBDC3D00204A
:10E8C000C03D00204CA80400D03C002010B5084AF0
:10E8D00008491288096803460020824202DC4FF092
:10E8E000FF3010BD51F830409C42FAD00130F4E7BF
:10E8F000183E0020203E002010B5074A126803464B
:10E900000020824202DC4FF0FF3010BD33F820407F
:10E910008C42FAD00130F4E7103E002038B5DDE932
:10E92000043460681D6806F02BFC81B2284607F0AD
:10E9300041FE014620B1606806F0F8FB002038BDBA
:10E940001120FCE770B5DDE904650421306807F0AB
:10E9500031FE044608B9112070BDA98807F024FAD9
:10E96000A01CE98807F020FA2B68586806F0AAFB7B
:10E9700004460028F0D03068022107F01BFE002872
:10E98000E9D0214607F010FA0020E5E773B5DDE98C
:10E9900006635B89ADF806300D460024BDF80630ED
:10E9A000AB4205D3002C0CBF2046112002B070BD35
:10E9B000306802220DF1060107F0DDFBBDF80630DC
:10E9C00001330444ADF80630E8E7B0B5DDE904747E
:10E9D00001222146386807F0CEFB0122A118054626
:10E9E000386807F0C8FB0222A1180544386807F010
:10E9F000C2FB211D05440122386807F0BCFB02223E
:10EA00000544A11D386807F0B6FB281818BF11206F
:10EA1000B0BD000038B5064C0025206816F02FFB6D
:10EA20002560044C206816F02AFB256038BD00BF25
:10EA3000EC3D0020203E002010B5044C206816F06C
:10EA40001EFB034A00232360136010BD1C3E002000
:10EA5000143E00202DE9F0410C4FDFF834800546CC
:10EA600000243B88A34203DC00263046BDE8F08149
:10EA7000D8F8003003EBC40653F834302846596800
:10EA800006F005FB0028F0D00134EAE7183E00202C
:10EA9000203E00202DE9F8430F4615461E46FFF79D
:10EAA000D9FF044600B38088FBF722FF08B3006853
:10EAB00042F60308C0B14289E388D0F800909A4238
:10EAC00012D0406806F0FEFA404510D1B9F1000FAF
:10EAD0000AD0D9F80400394606F0D9FA38B905B198
:10EAE0002C60C6F8009000E00520BDE8F883484699
:10EAF000E0E71120F9E7C0F30013820648BF43F0B6
:10EB000002031846704770B5DDE904650C463068AD
:10EB1000032107F04FFD08B9112070BD2A8A02F0C9
:10EB20000103910748BF43F00203510748BF43F078
:10EB30000403110748BF43F00803D10648BF43F060
:10EB40001003910648BF43F02003510648BF43F02D
:10EB5000400312F4C07F18BF43F08003611C00F82B
:10EB6000013B89B207F020F92868346806F008FBF9
:10EB700081B2204607F01EFD01460028CCD028684F
:10EB800006F0D4FA0020C8E7024691F900000B789D
:10EB9000002810B50EDA13F0010409D113F00200B9
:10EBA00005D0128842B91D2003F07F030B7010BD01
:10EBB0001B20F9E70020FAE72046F8E72DE9F04F9F
:10EBC00080468DB08946144601F0E8F8404601F0D1
:10EBD00069FB00263546824630B901F0E1F80E2483
:10EBE00020460DB0BDE8F08F09F1FF37169BADF858
:10EBF0002860BFB2B945D3F800B07ED3D0F84C90AE
:10EC000039464846FFF778FE411C76D019EB80095B
:10EC100073D0022C99F8026007D00221584607F001
:10EC2000C9FCC8BB354611243EE0BBF810100229D0
:10EC300065D1584607F0E4FC006807F0D0F899F871
:10EC4000034030EA04045DD199F8023083425CD07D
:10EC5000C5B289F802509AF858305A0724D553465D
:10EC600053F8070F08909A889B798DF82630ADF8F5
:10EC700024209AF8070002F0E6FAADF8287099F817
:10EC80000230ADF82A309DF82C308DF8200064F366
:10EC900000038DF82C3007E099F8021001F0030111
:10ECA00007F082F83546002401F07AF8002C97D15D
:10ECB00086EA05039B070FD005F00203029305F0D7
:10ECC000010506F002030193009506F001030122FD
:10ECD00039464046FEF782F9BDF82830002B3FF454
:10ECE0007FAFBDF82A3093B905A808A906F04AF805
:10ECF00005A806F036F8044672E70E24D4E7354638
:10ED00000D24D1E735460624CEE73546CCE708A8E2
:10ED100006F023F8EFE72DE9F74F1C461B78DDF8E6
:10ED200038B0DDE90C7A05461646032B3CD8DFE8FF
:10ED300003F002320232EEB93B686360B0466368AA
:10ED40002846B3F8109022465B46D0470546D8B90E
:10ED500061680B8AA3EB09039B1B14D4B8F1000F65
:10ED600015D038689BB2324607F063FA606807F046
:10ED7000EFF90CE0019102F002FA6060B0B1019984
:10ED80004FF00108DBE70725B8F1000FEED1284668
:10ED900003B0BDE8F08F3B68636022465B46D04716
:10EDA00063683B600546F2E70E25F0E71125EEE7C4
:10EDB00010B588B0A2F1020C1C46DCF100020B9BDE
:10EDC000069342EB0C028DF810209A6802925B6861
:10EDD00001930A9B0093224604ABADF81C40FFF759
:10EDE0009AFF08B010BD10B588B01446022C1A4620
:10EDF0000B9B069314BF022403248DF81040DC689B
:10EE000002949B6801930A9B009304ABFFF783FF76
:10EE100008B010BD08B5FDF70FFC08B1002008BD13
:10EE2000FDF712FC0028F9D1FDF716FC0028F5D1FA
:10EE300001F068FAB0FA80F04009F0E72DE9F04FF0
:10EE4000AA4B1746B3F800E0A94AAA4B15881B68DD
:10EE50009BB00E46002103EBC503029188464FF696
:10EE6000FF79029C017884462C4441B914800591B5
:10EE7000059B029A9342C0F2A581002418E1A645A1
:10EE800000F1100003F1080340F31C81029943F8DC
:10EE900008CC013123F8048C23F8029C0291E0E7AE
:10EEA000944B039AD3F8009009EBC2020692928821
:10EEB00098465ABB039B59F83350AC681CB1043CCC
:10EEC00054F8040FC8B92C78631E012B2AD86B683C
:10EED00043B3DFF84CC28848884B0093022C08BF2C
:10EEE000604601950DF1220300220121FBF7CCFCC5
:10EEF0000446C8B1012C09D0DAE0FFF7E7FC431C57
:10EF000004D009EBC0008388002BD9D1039B0133C7
:10EF10000393774B039A1B889A42C1DB049B002B17
:10EF200040F053810324C3E056B101238DF82C3007
:10EF30003946BDF82230ADF830300BA80D95B047FA
:10EF4000AB686BBBEB6833B103F11C0858F81C3C91
:10EF5000A8F11C0B5BBB069ABDF822309380FBF72F
:10EF6000C1FC069BD880049B01330493CEE7FFF7D6
:10EF7000ADFCD8F8003003EBC000CDE900A015AB24
:10EF8000002201215846FBF77FFC09F104090446E1
:10EF90000028AFD1AB6853F809000028E7D1D1E7CA
:10EFA000DFF880A1DFF880B14FF00009F2E758F8F0
:10EFB000183C002BB6D038F80C0CFFF79CFD00284D
:10EFC0007AD14F4B00934F48CDF804B009AB0022E3
:10EFD0000121FBF759FC044600288BD138F80C3C82
:10EFE000C3F3400113F00C0F18BF41F00201980564
:10EFF00048BF41F004015A0548BF41F008011C0513
:10F0000048BF41F01001D80448BF41F020019A04E4
:10F0100048BF41F040015B043B4B18F80A2C0093B9
:10F02000CDF804B058F81C0C48BF41F080010DF138
:10F030002603FBF729FC044600287FF45BAF58F851
:10F04000083C13B1BDF826201A807EB102238DF84A
:10F050004030BDF82430ADF844303946BDF8263094
:10F06000ADF8463010A8CDE912B5B04738F80C0C11
:10F07000FFF741FD60BB58F8049CB9F1000F6ED05A
:10F08000DFF8A8A019F8343009EBC402002B4FD1E7
:10F09000012C079363DDBDF854000130001B80B2E2
:10F0A000ADF85400FBF724FC079B00284DD1052444
:10F0B00020461BB0BDE8F08F144B154A1B68128820
:10F0C0009A4201DA0624F3E7104A0133136078E725
:10F0D000104B114900930022019209780F480AABA6
:10F0E000FBF7D2FB0028C6D0044603E70A830020C2
:10F0F000183E0020203E0020203500201DE902009F
:10F1000007EB02002C350020B1ED0200103E00207C
:10F1100010830020BDEB02003C350020303500207C
:10F120002435002045E90200283500203435002030
:10F13000284B01920093002215AB01215046FBF7AA
:10F14000A3FB0028D0D101349CE7234A0190009210
:10F1500022481A460121FBF797FB0028C4D158F832
:10F16000109CB9F1000F04D04FF0030AD9F8000049
:10F1700010B908F11C08E9E6D9F80830002B3FF473
:10F18000D1AE174B99F8052099F804100093CDF8EB
:10F1900004900DF12A03FBF777FB044600287FF467
:10F1A000A9AE66B1BDF82A308DF854A0394615A82D
:10F1B000CDE918B5ADF85830CDF85C90B04709F1FD
:10F1C0001009D3E700230493A2E6DDE904231344E6
:10F1D00005934DE6CBE902008DE9020038350020A9
:10F1E000E7ED02002DE9FF47054600F0D7FD284670
:10F1F00001F058F8044620B10023D0E91378C0E9A3
:10F20000133300F0CDFD2CB32846FFF7DEF80FB323
:10F210000024DFF84CA03E46A146A04506DC0F487E
:10F22000394604B0BDE8F04707F064BBB37813EA91
:10F230000A0F0CD003F002023188CDF80890CDE916
:10F24000009203F0010302222846FDF7C7FE0134B5
:10F250000436E2E704B0BDE8F08700BFF03D0020CF
:10F260000300FFFF2DE9FF47444B1868039000F0AF
:10F2700095FDFFF7CFFD002879D0FFF7CBFBFCF71A
:10F2800003FC0646002874D13D4F3888002841D140
:10F290003C4B188830B1C00015F0EBFE3A4B1860BB
:10F2A00000283ED0394BDFF8FC90DFF8FC80DFF817
:10F2B000FCA000251D80D9F80030AB4238DCFFF7F8
:10F2C000BBFB334B1A68FAB1324B39880093324B8F
:10F2D00091FBF2F11B683148920089B207F09EFA67
:10F2E0000446002847D12D482D4F07F0DCFA38603E
:10F2F000B8B104602546A04628464FF6FF7203A920
:10F30000FBF71AFB054600BB00F04AFD304604B08F
:10F31000BDE8F087800015F0ACFE1F4B1860002898
:10F32000B6D10624FFF776FB2646FFF785FBEBE711
:10F33000DAF80030D8E9001253F82500FFF77EFD17
:10F3400004460028EED10135B5E72B69188AFFF78E
:10F35000D2FB0028D0D039686B8901EB84020133DD
:10F3600021F82430D07082F802800134C4E70F24E1
:10F37000D8E70446D6E70B24D4E700BFE8A9040089
:10F38000108300200A830020203E0020183E002029
:10F39000103E0020D0A90400EC3D0020F03D0020EC
:10F3A0000C3E0020143E0020403500201C3E002072
:10F3B000054B1B682BB1054BD888003818BF0120BE
:10F3C00070470120704700BF103E0020F03D002034
:10F3D00038B50C4D2B68002B04460DDD0A4807F0AC
:10F3E00062FA206060B12D68084BAA00196819F014
:10F3F000C7FF6560002038BD0020C4E90000FAE7BF
:10F400000620F8E7103E0020F03D00200C3E0020D2
:10F4100070B5054600F0C2FC284600F043FF0446E4
:10F42000E8B1006D0022904201DC00260BE0E36CA5
:10F4300003EB820393F902609978002E0DDA01F054
:10F440007F021E889A7000F0ABFC54B15EB1314669
:10F450002846BDE87040FFF703B80132E3E70646EF
:10F46000F1E7072070BD0520FCE700002DE9F0431F
:10F470002A4B1C6885B0054620460F46FFF73CFA2C
:10F48000421C49D004EB80044FEA8008E3789B07D4
:10F4900042D500F083FC284600F004FFB0F85490F9
:10F4A000B945034633D190F85820002412F00402E5
:10F4B000A0F854402DD0C56C454495F90220A242D5
:10F4C00028DB0246012652F8070F009091889279B6
:10F4D000ADF804108DF80620D87901F0B4FEADF82F
:10F4E0000890AB78ADF80A309DF80C308DF800002C
:10F4F00064F300038DF80C3000F052FC1CB916B117
:10F50000684605F02AFC204605B0BDE8F0830524D6
:10F51000F2E714462646EFE70524F4E70C3E002008
:10F52000F0B5274B014689B005461868FFF7E4F9A6
:10F53000411C044642D000F031FC0026A4003746AE
:10F54000304600F0C9FE48B1C36C3BB123440136DC
:10F550009A7862F07F029A700127F1E700F020FCB0
:10F560000FB100F077FC00230193ADF80C50CDF8FB
:10F57000073004A901A88DF80E3005F0E9FBE8B9C1
:10F5800000F00CFC01A800F027FF68B900F008FCAF
:10F590009DF81C30DA070DD443F0010304A88DF860
:10F5A0001C3005F0DAFB05E0BDF81A309B07EDD4FE
:10F5B00000F0F6FB9DF80E300133DAE709B0F0BD3C
:10F5C0000C3E002037B5154601900C46B1B100F055
:10F5D000E5FB019800F066FE70B1012D2A4600F1AE
:10F5E000560128BF0122204619F0CAFE002400F06F
:10F5F000D7FB204603B030BD0724F8E70324F8E723
:10F6000070B586B0002506468DF804500C460029DA
:10F6100050D0084606F0A6FD012828BF012082B27E
:10F6200001AB2946204606F02BFEA84244DB9DF89C
:10F63000043003F007038DF8043000F0AFFB3046D0
:10F6400000F030FE90B390F856209DF804309A43B5
:10F650002ED190F8584080F8563014F0040420D091
:10F660008DF81750054655F8070F0490AA88AB7916
:10F67000ADF8142004A88DF8163005F07FFB044681
:10F6800078B92868AB79AA8802908DF80E3002A864
:10F690009DF80430ADF80C208DF80F3005F06AFBB2
:10F6A000044600F07DFB204606B070BD0E24F8E74E
:10F6B0001324F6E71124F6E70E24F4E72DE9F74FBB
:10F6C000DFF880A0DFF880B00027DAF80030BB4216
:10F6D00002DC03B0BDE8F08FDBF8000030F82790C3
:10F6E0004946FFF709F9431C29D085004FF000086F
:10F6F00000F054FB404600F0EFFD044698B1C16CA9
:10F70000294402315430FFF73FFA0646A0880190A1
:10F7100000F046FB9CB11B2E019808D01D2E0AD08C
:10F7200008F10108E4E706464FF6FF70EFE74946A7
:10F73000FEF748FEF4E74946FEF792FEF0E7013790
:10F74000C3E700BF103E00200C3E0020F0B5064687
:10F7500087B000F023FB304600F0A4FD03460446CA
:10F7600053F8070F02909A889B79ADF80C208DF81A
:10F770000E30E07901F067FD25468DF8080000277E
:10F78000236DBB4220DC2B4653F8070F00909A886C
:10F790009B79ADF804208DF80630E87901F053FD2F
:10F7A00095F856308DF807308DF8000000F0F8FA23
:10F7B000684605F0DFFA00F0F1FA304600F072FD1D
:10F7C00000F0EEFA07B0F0BDE26C02EB87039B7825
:10F7D000B3B132F82720ADF812309DF81430ADF8EF
:10F7E00010206FF300038DF8143000F0D9FA02A84E
:10F7F00005F0B3FA00F0D2FA304600F053FD0546AA
:10F800000137BDE72DE9F041064690B000F0C6FA99
:10F81000304600F047FD0346044653F8070F0990B1
:10F820009A889B79ADF828208DF82A30E079DFF8A6
:10F83000088101F008FD00278DF82400ADF82C7038
:10F840008DF82E7000F0ACFA0CA909A805F080FA2A
:10F85000002858D100F0A2FA304600F023FDC56C14
:10F86000BDF8381004462846FFF746F8411C1FD162
:10F87000002500F095FA9DF83A3013EA080F0DD0F4
:10F8800003F0020203F00103CDE901720093BDF819
:10F890003810002303223046FDF7A0FB1B2D1BD0A0
:10F8A0001D2D2AD09DF82E3001338DF82E30CBE758
:10F8B00015EB8001DCD09DF83A308B709DF83C2030
:10F8C000D207D5D563F07F0301F8023F04F154005D
:10F8D000FFF75AF90546CCE7BDF838103046FEF779
:10F8E00071FD0028DED19DF83C3060F300030CA8C8
:10F8F0008DF83C3005F031FAD4E7BDF838103046C9
:10F90000FEF7AEFDCEE700238DF82330234605A990
:10F9100053F8070F07909A889B79ADF8202007A825
:10F920008DF8223005F021FA18B99DF81B3084F8C3
:10F93000563010B0BDE8F0810300FFFF10B50C4653
:10F94000FFF788F820B12CB183882380002010BDF8
:10F950000520FCE72046FAE7F7B516461D466A463D
:10F9600001ABFFF797F828B9019B1C6842F6030723
:10F9700014B9052003B0F0BD009B6289DB889A4270
:10F98000F7D8606805F09EFBB842F2D06068314657
:10F9900005F07DFB18B915B163892B80EAE724686F
:10F9A000E6E700002DE9F041054600F0F7F9FFF722
:10F9B00031FAB8B10D4EDFF838803468D8F800005D
:10F9C0000134A700394615F058FB68B1C1193460FD
:10F9D000C8F8000041F8045C002400F0E1F920467A
:10F9E000BDE8F0810F24F8E70624F6E7143E002076
:10F9F0001C3E002000232DE9F04342F2BB7C1D4653
:10FA00001E4642F21F770278B1B272B948480488A4
:10FA1000214401804749088803440B8046490B88EC
:10FA200003EB85050D80104646E0013A012A42D8D5
:10FA30004268002A3FD0826801339BB242B1043A47
:10FA4000194652F8044F0B46013189B2002CF8D107
:10FA5000C2680AB1116811B901361030D3E7516894
:10FA600049B3118A01F03001D1B90233D1689BB298
:10FA700011B10C688E46BCB9916979B14FF0000E96
:10FA800091F8008003EB0E04A4B2B8F1000F15D179
:10FA9000BEF1010FC6BF631C9BB223461C32D9E7DF
:10FAA0000135ADB20333E1E7DEF8084001339BB224
:10FAB0001031002CDDD10320BDE8F08308F1FF38C0
:10FAC000B8F11B0FF7D8B1F80280A8F51C541FFA43
:10FAD00084F9B9F1C80FEED8A4F108091FFA89F921
:10FAE000B9F1070FE7D9B845E5D0363CA4B2092CE7
:10FAF000E1D9A8F51D54A4F118091FFA89F9B9F143
:10FB0000070FD8D9293CA4B2162CD4D9A8F51E5475
:10FB1000083C172CCFD9E045CDD00C79012C03D16E
:10FB2000CC88B4F5887FC6D80EF1010E0831A7E75E
:10FB30000A8300200C8300201083002010B500F001
:10FB40002DF9FFF767F940B1FBF77AFF044B00246A
:10FB50001C6000F025F9204610BD0F24F9E700BF16
:10FB6000103E0020024B00201860024B18607047C6
:10FB7000103E00200C3E002037B5044600F13C0545
:10FB8000E06BA0B14268E26302B9256410380190CD
:10FB900001A9204600F0ECFD0128F1D1019BE26BA8
:10FBA0005A6103F110010AB914332364E16303B00D
:10FBB00030BD0000024B0349186806F091BF00BF3A
:10FBC000543E00203C3E002010B5846801460448A5
:10FBD00006F090FE2046BDE8104001F0D7B800BF07
:10FBE000EC820020FFF76ABD08B5084B1B78022B9A
:10FBF0000146074806D007F0BBF9BDE808400448B5
:10FC000007F04CB9BDE8084007F05EB90E8300204C
:10FC1000F03E002038B5054614F04AFC0446114871
:10FC200007F0B4F920B92846BDE83840FFF7DCBF3B
:10FC30000C4807F0BFF92C44241A002CF3DB0948C8
:10FC400007F0B8F9044614F033FC844208D805489C
:10FC500007F0B0F914F02CFC024807F097F9E2E73E
:10FC600038BD00BFF03E00206FF00043984201D045
:10FC7000FFF7D0BF7047000038B50B4D01232B7044
:10FC800001F08EFC041E14BF0023022366202B709B
:10FC9000FFF7C0FF34B901F0D9FA044B5B690446A1
:10FCA00003B19847204638BD088300204035002026
:10FCB0000E4B10B500220E4C1A70204601F0D6FAF9
:10FCC00088B90C4C2068FCF7C3FD01F01FFA0A4B01
:10FCD0001B6913B1206800B1984700232360BDE879
:10FCE0001040FFF7C9BF06F033FAE6E708830020AB
:10FCF000DC3E0020D83E002040350020FFF7D8BF72
:10FD000008B5134B1B78BBB1022B19D1FEF7AAFA29
:10FD1000FFF7AAFF02F040F8FFF7A6FF03F0C6F9CD
:10FD2000FFF7A2FF00F098FBFFF79EFFFCF7FAFA3F
:10FD3000BDE80840FFF798BFBDE80840FFF7B8BF2F
:10FD4000044B054A05484FF4E97116F00FFE00BF59
:10FD5000088300209AA3040052AA0400ECA904001E
:10FD600008B514F0FDFD012806D014F0F3FD034B97
:10FD70001B681B1A5842584108BD00BFD43E0020E2
:10FD800002484FF0FF3106F08DBF00BFD03E00208B
:10FD9000014806F0ADBF00BFD03E0020FFF7F0BF26
:10FDA000FFF7F6BF10B5044C204601F05FFA00B92A
:10FDB00010BD01F019F8F7E7DC3E0020FFF7F2BFB5
:10FDC00010B5FFF7DDFF00F09DFA30B190F8283054
:10FDD0005B070AD5FFF7D0FE18B900F093FA044686
:10FDE0002CB9BDE81040FFF7D3BF0068EDE720460F
:10FDF000FFF7C2FE0028F4D12468F1E7024B18781F
:10FE0000831E5842584170470E8300200020FFF7A0
:10FE1000EBBE000010B504460B4806F044FD014659
:10FE200060B10A4B1868036843B100230B60084BAC
:10FE3000C1E90134BDE8104006F052BE2046BDE8DD
:10FE4000104005F035BF00BFEC820020543E00207A
:10FE5000C9FB0200024B0349186806F041BE00BF0F
:10FE6000543E0020483E0020034B04491860044BD8
:10FE7000186806F035BE00BFD83E0020243E0020A2
:10FE8000543E002000F5C060FFF7EEBF10B5FFF74D
:10FE900077FF164B1C78012C23D0022C1DD0ACB957
:10FEA00002221A70FFF774FF14F054FD104B114931
:10FEB0001860114A09681148234606F0CFFFFFF782
:10FEC000D1F9044658B9FFF7D7FE08E00C4B0D4AAC
:10FED0000D4840F2A72116F049FDFFF759FF2046D3
:10FEE00010BDFFF755FF0F24F9E700BF0E83002078
:10FEF000D43E0020543E002001FD0200F03E0020D0
:10FF00009AA304007DAA0400ECA9040008B5FFF739
:10FF1000BDFF30B1034B044A044840F25B2116F0A8
:10FF200025FD08BD01A4040063AA0400ECA9040097
:10FF300009F060B837B5404B00934048404B0C2265
:10FF40000A2106F06BFC30B13E4B3F4A40F21331C0
:10FF50003E4816F00BFD3E4B3E4A18603E4B3F4C70
:10FF600018703F4B2060C3E9012018603D4A3E4BAA
:10FF7000C3E9012018603D4B3D4AC4E901303D4BC7
:10FF80001860C3E9012000F0A7FC00F09FFA20B13F
:10FF90002C4B2D4A4FF44A71DAE701F047FD20B1AE
:10FFA000284B294A40F23231D2E7FDF77BF920B1E4
:10FFB000244B254A40F23631CAE7F9F70DFF20B14C
:10FFC000204B214A40F23A31C2E7FBF787FD20B1CE
:10FFD0001C4B1D4A40F23D31BAE7FEF75FFC20B1F1
:10FFE000184B194A4FF45071B2E7FFF7BBFD0546B5
:10FFF00020B1144B144A4FF45271A9E701F0F4FBFD
:020000023000CC
:100000001D491E482A4601F029F91D4806F032FE16
:1000100020B10C4B0C4A40F2553199E705F070FFC6
:10002000184B186005F06CFF214606F059FD03B02F
:10003000BDE8304000F068BA3FAA0400EC8200201E
:10004000583E002001A404008AAA0400ECA9040080
:10005000D83E0020E5FB02000E830020303E002049
:10006000483E0020FDFC0200243E0020B5FB0200BB
:100070000DFF02003C3E0020BDFD0200DC3E0020E2
:10008000D03E0020543E0020002100F039BB00008B
:1000900010B5044600F035FA054B064819682246AB
:1000A00001F0F4F818B1204606F052F80B2010BD0C
:1000B000543E0020DC3E0020FFF73CBF13B501900A
:1000C000FFF76CFE019800F0EDF8044620B100F057
:1000D000DDF8204600F078F8FFF762FE002C0CBF38
:1000E0000720002002B010BD13B50C460190FFF7A9
:1000F00055FE019800F0D6F848B11CB190F82830B0
:1001000023700024FFF74CFE204602B010BD0724E8
:10011000F8E710B5FFF742FE00F0F4F820B184884C
:10012000FFF73EFE204610BD4FF6FF74F8E70000D3
:1001300008B5074BD88840B1064BDB88022B05D9A0
:10014000FFF736F9003818BF012008BD0020FCE792
:100150006C40002028830020C06A00B970470389E2
:100160008B4203D001D80068F7E70020704770B5D4
:10017000C46A0023224622B116890D89AE420CD0F2
:1001800004D933B90C60C162002070BD13461268F7
:10019000F1E71A680A601960F6E70220F5E7036BD9
:1001A0000A688B4204BF00230363C36A8B4210B406
:1001B00004D1C2625DF8044B01F036BB1C461B68DB
:1001C0008B42FBD12260F5E738B50446D0B144300C
:1001D000FBF761FAE16A49B904F13C05E06B48B903
:1001E00021460948BDE8384006F084BB2046FFF7A9
:1001F000D6FFEFE74368E36303B92564103805F0E1
:10020000A7FFEBE738BD00BF6C40002038B50546BE
:100210001D4806F048FB044680B30021782219F0FF
:10022000D7F80023A580E3622846F9F72BFD0146A5
:1002300020B32046FFF79BFF00BB284601F086FD58
:100240000146D8B12046FFF792FFB8B9284603F01F
:100250004BFC014690B12046FFF789FF70B904F1CD
:100260004C00FFF7B5F848B9234643F83C0F236428
:10027000234643F86C0F2367204638BD2046FFF71E
:10028000A3FF0024F8E700BF6C4000200449026887
:100290000B68834201D10A60704719461B68F8E772
:1002A00088400020044A0346106800B970478288DD
:1002B0009A42FBD00068F8E78840002008B5014664
:1002C0008088FFF7EFFF024B1A680A60196008BDCB
:1002D00088400020FFF7E6BF054B02461868002360
:1002E00000B970479342FCD000680133F8E700BFC3
:1002F0008840002008B5FFF7D5FF003818BF01205F
:1003000008BD0000014B1868704700BF88400020FE
:1003100037B5054680790C4600F08FFF002220702B
:1003200001A900F085FE30B1274B284A284840F249
:10033000B31116F01BFB019B26491A68C4F8012073
:100340009B88A4F80530062205F10F0019F00AF881
:1003500004F10E0308BB2268C4F80E20A2889A801C
:10036000A2799A712B4653F8072FC4F807209A8870
:10037000A4F80B209A791968627304F11502C4F885
:10038000151099889B79A4F819109371EB79022BB9
:100390000CD0032B15D003B030BD2A4652F80E1FE7
:1003A000C4F80E10918899809279DAE70023E371FE
:1003B00055F8153FC4F81530AB889380AB7993712D
:1003C000E9E70123F3E700BF01A40400FFAA04004A
:1003D00096AA040011AB0400F0B5054689B018B91F
:1003E0000024204609B0F0BD1A4B1C68461C002CA6
:1003F000F6D02A78012A12D1AB7903F0C003402B42
:100400000DD1637D012B01D02468F0E7062231462F
:1004100004F1160018F0A6FF0028F5D1E1E7E7790E
:10042000BA4207D10622314604F1080018F09AFFBB
:100430000028D6D0012FE7D901A92046FFF768FF91
:100440009DF80B202B789A42DED10622314603A874
:10045000E0E700BF884000202DE9F04114F028F8C3
:100460008046FFF79BFC184B1C686FF0004524B9D1
:10047000FFF796FC2846BDE8F08194F828309B07EA
:100480000AD4266B7EB1636BA3EB0803002B05DC5B
:1004900013212046FCF7E8F82468E8E79D42CABF2C
:1004A0001F4600260126414604F14400FAF760FA8F
:1004B000031EEDDD9D4203DC002E18BF3D46EBE739
:1004C0001F461D46E8E700BF8840002007B5084BDF
:1004D00000930848084B7822032106F09FF920B9C1
:1004E000064B186003B05DF804FB0B20FAE700BF71
:1004F000EEAA04006C400020043F00208840002049
:1005000070477047002070477047000008B50648E4
:10051000102105F0DDFD18B102680432026008BD4B
:10052000BDE8084000F025BEC041002030B129B12F
:10053000034B1880034B002019807047032070473D
:100540009040002012830020054A13881844B0F51B
:10055000803F02DB0C20FFF787BC1080704700BF94
:10056000128300202DE9F04188B00C4605464FF07B
:10057000FF315C4803921E469DF838805A4F06F0C2
:1005800091FB2146039A284600F0C8F9044600284A
:100590003AD156484FF4006106F0EAFB38B106281C
:1005A00014BF0B2413242046FFF75EFC2CE010221E
:1005B0000DEB0200214618F00BFF3A6813780E2B62
:1005C00003D00F2B55D01124EDE7517803293BDCE4
:1005D00001D00C24E7E7B2F80330002BF9D1CDE9C4
:1005E0000444069416B10599002955D100230693B9
:1005F000BDF81C300596AB42EBD1002CD3D1049C46
:1006000014B9069B4345CED1386818B105F050FBAC
:1006100000233B60334806F06BFB002C4BD01F2CB3
:100620004FF000034BDC324A52F833108C423FD17A
:1006300002EBC3032F485B680093C5F3090223460E
:10064000A90A15F057FE36E01079D37843EA002363
:10065000ADF81C30537943B103F5007304390493AA
:10066000069121B106320592BCE72346F6E70591D3
:10067000B8E75378042BACD11379517943EA0123BD
:10068000ADF81C309378CDE905441BB103F5007338
:100690000493A7E72346FBE7069B4345C8BFCDF875
:1006A0001880069A3046C8BF0C2418F069FE9FE7F0
:1006B00001331F2BB8D1204608B0BDE8F0810E4AA7
:1006C00052F833108C4209D102EBC3030B485B682C
:1006D0000093C5F309022346A90AB2E70133432B6D
:1006E000EED1E8E7E84100208C400020EC410020FA
:1006F00004C1040017AB0400FCC1040043AB0400B8
:1007000038B503780E2B044606D00F2B23D0204695
:10071000FFF780FB002038BDB0F8033042F21F0223
:10072000934212D842F21C029342F0D8B3FA83F3F8
:100730005B09002BEBD10C4D286813F03CFC80B218
:1007400058B1204605F0B4FAE4E7A3F50052333A75
:10075000012ADCD9EAE78388E8E7044B28461C60D5
:1007600006F040FBD6E700BFEC4100208C400020A3
:100770002DE9F3470B68009300230B6090F828A045
:10078000344FDFF8D480DFF8D49005460E46CAF324
:10079000800A009C002C56D03B880BB934600AE0DC
:1007A000B8F8001000234A46684605F05BFB044693
:1007B00018B9009B336001241CE000225146A88830
:1007C00000F05FFB014601A805F0EEFA218A0DF169
:1007D000060005F0E9FA0421204605F052FE68B94A
:1007E000062495F82830009823F0040385F8283073
:1007F00005F0AEFC204602B0BDE8F087042105F00C
:10080000FFFE04460028EBD00368019A1A600DF140
:10081000060005F0E4FA204600F084FC2046FFF7CD
:1008200087FB04460028DCD195F8283043F0040308
:1008300085F828302B8F01332B873B88013B3B8089
:100840004FF0010AA5E795F8283023F0040385F856
:100850002830CFE712830020904000200D050300D0
:10086000C36B0BB9FFF784BF01207047014B1860C1
:10087000704700BF30420020014B1870704700BF26
:1008800034420020014B1878704700BF34420020EA
:1008900084B030B503AC84E80F00074A13AD23469B
:1008A00003CBAB42106051601C4602F10802F6D146
:1008B000BDE8304004B07047F041002010B5054B52
:1008C000024603F1400153F8044B42F8044B8B42BB
:1008D000F9D110BDF041002007B50021094806F00C
:1008E0002DFA094806F0C6F9084B01934FF49673A8
:1008F0000093074A07490848012305F09AFA03B014
:100900005DF804FBEC410020E84100206EAB0400E0
:10091000C0410020CC41002094400020F8B5124B8B
:100920001B78012B07460E46154604D0022B06D035
:10093000C3B9162017E0FFF713FA0028F9D005F025
:100940009FF904460780857025B12A463146033059
:1009500018F016FD204608F04BFB20B1072801D106
:10096000142000E01120F8BD088300203AB1087877
:10097000182806D8044B53F8203013B118470C2020
:1009800070470020704700BF7CC4040000207047FF
:1009900008B50846D1B2FCF7D3FB002008BD08B566
:1009A0000846D1B2FCF7B5FB002008BD08B50846E3
:1009B000D1B2FCF796FB002008BD08B5084622B16D
:1009C000D1B2FCF75EFB002008BD0C20FCE7012A39
:1009D00008B504D10878FFF755FA002008BD0C20AF
:1009E000FCE7032A08B5084603D102F0E0FD002029
:1009F00008BD0C20FCE7042A08B5084603D102F024
:100A0000CEFD002008BD0C20FCE7082A08B50846EA
:100A100003D1FBF7EBFB002008BD0C20FCE7062A06
:100A200008B5084603D1FBF723FC002008BD0C20C5
:100A3000FCE770B586B014460E46182200216846C1
:100A400018F0C6FC012C35D97378B4EB031F31D1F3
:100A5000002503958DF80150B41C7378AB4204F166
:100A6000100402DC002006B070BD14F8103C8DF8B4
:100A7000003014F80F3C8DF802302346684653F8D6
:100A80000E2DCDF803209B88ADF8073014F8083CF4
:100A90008DF810302346013553F8072DCDF811207D
:100AA0009B88ADF8153014F8013C8DF80930FBF740
:100AB00021FAD2E70C20D6E7F0B587B014460D46F0
:100AC00018220021684618F083FC012C44D9A21E8C
:100AD0006C78631E182B05F102063BD830460021C6
:100AE0006FF0090C092A37D9037A934234D80131BF
:100AF000ACEB0307A14203F10A033A441844F1DBCB
:100B000052BB04921446CDF81320327A3346511D5D
:100B10000E4419788DF8001059788DF80210194696
:100B20008DF8012051F8020FCDF803008988ADF847
:100B3000071003F10901134403915B7A8DF8093022
:100B40006846FBF7D7F96B780134A342DDDC00205F
:100B500007B0F0BD0A20FBE70C20F9E70B2A08B527
:100B6000084603D1FBF7A4FB002008BD0C20FCE7DE
:100B70000B2A08B5084603D1FBF722FF002008BD69
:100B80000C20FCE70D2A08B5084603D102F015FD3C
:100B9000002008BD0C20FCE70C2A08B5084603D14C
:100BA000FBF7FAFA002008BD0C20FCE70A2A08B57A
:100BB000084603D1FBF766FE002008BD0C20FCE7C9
:100BC000042A10B50C4612D1FFF7E8F8B4F801007A
:100BD000FFF768FB10B1008FFFF7B6FCFFF7E0F8F6
:100BE0002046FBF70FFEFFF7EBF8002010BD0C20AE
:100BF000FCE7F8B50C464AB30978012303EB8103FF
:100C0000934223D1002523789D4203DBFFF7D8F8D8
:100C10000020F8BD04EB8507B7F803608EB1FFF73D
:100C2000BDF8B7F80100FFF73DFB40B1038F9E42CE
:100C300009D90C20FFF718F93046FFF785FCFFF7BC
:100C4000AFF80135DFE79B1B0387F5E70C20E0E7F2
:100C500010B51F2A88B00C4648D1202200216846D2
:100C600018F0B6FB63788DF80030002B38D1E278AD
:100C7000A37843EA0223ADF8023023798DF80430DB
:100C800063798DF80530234653F8062FCDF80620FA
:100C90009B88ADF80A30234653F80C2FCDF813206B
:100CA0009B88ADF81730234653F8122FCDF8192042
:100CB0009B88627EADF81D30237E43EA0223ADF8A7
:100CC0000C30E27EA37E43EA0223ADF80E30627F51
:100CD000237F43EA0223ADF81030A37F8DF8123052
:100CE00000216846FBF72CF908B010BD0C20FBE78B
:100CF00010B5132A88B00C4637D12022002168464F
:100D000018F066FB63788DF8003043BBE278A37877
:100D100043EA0223ADF8023023798DF80430637979
:100D20008DF80530234653F8062FCDF806209B8812
:100D3000627BADF80A30237B43EA0223ADF80C3026
:100D4000E27BA37B43EA0223ADF80E30627C237C76
:100D500043EA0223ADF81030A37C8DF81230002155
:100D60006846FBF7EDF808B010BD0C20FBE700204B
:100D70007047002070470020704700207047002017
:100D800070470020704700207047000070B504468F
:100D900000780E2813D1B4F80310124BC9B2002208
:100DA0001E788E421D4616D001320D2A03F108032B
:100DB000F6D10825204604F07BFF284670BD094B7C
:100DC0000022197881421D4605D001320D2A03F117
:100DD0000803F6D1EDE76B686278A11C98470546D9
:100DE000E8E700BF14C404002DE9F04186B003A970
:100DF000064600F0A5F8054600283ED1304600F032
:100E000091F9BDF80E20338A9A4238D1BDF80C8092
:100E1000C8F30B08FEF7C2FF4046FFF743FA074648
:100E2000A8B94FF0FF3305930724FEF7B9FFC4B10B
:100E3000012C1ED0059B5A1C05D000229BB21146E6
:100E4000404601F064F8304605F082F910E005AB49
:100E50000093324604AB03A900F036FD2E4604464B
:100E6000E3E7386B049B9847396B384600F022FD66
:100E70002546284606B0BDE8F0810446E3E70A248B
:100E8000E1E740EA823242EA013080B27047F0B5D1
:100E9000054685B00C460827002C02DC002005B072
:100EA000F0BD0022009702AB114642F21800FFF796
:100EB00059FB0028F3D1082C2646A8BF082628464F
:100EC000324602A918F05CFAA41B3544E4E71FB5CA
:100ED000034600689B88ADF80C3000230290009315
:100EE000062202A942F20500FFF73CFB05B05DF8BF
:100EF00004FB10B5A1F11B03E02B86B004461DD8FE
:100F0000A2F5A4739BB244F24810834216D8022380
:100F1000ADF81210ADF814200093062203AB04A91B
:100F200042F22200ADF81040FFF71CFB20B9BDF8DB
:100F30000C30A34218BF0C2006B010BD0320FBE705
:100F400070B50B460C4604220021064605F098F9C0
:100F5000054678B90421304605F0B8F9204604F07A
:100F60003EFF234623F8020B184604F038FF60804A
:100F7000284670BD0C25FBE710B50446FEF70EFFB2
:100F8000044B22681A60A2889A80BDE81040FEF7E0
:100F900007BF00BF3542002038B50546084601238B
:100FA0000C4600F8013B0621FFF771FF20B9A37939
:100FB0001DB103F03F03A37138BD63F03F03FAE7AF
:100FC000F8B50446FEF7EAFE2078677917F098FF37
:100FD0000546607817F094FF0544A07817F090FF5D
:100FE0000544E07817F08CFF0544207917F088FF5E
:100FF000054407F03F0017F083FF07F0C0062844C0
:101000000EB1C02E10D178B12E280DD02046FFF79A
:101010005EFF054620B9054B22681A60A2889A80B7
:10102000FEF7BEFE2846F8BD0325F9E73B42002047
:10103000F8B50E461446032819D8DFE800F015026B
:1010400015020E4D6B7913F0C00F0CBF012700275E
:101050000B490622284618F085F950B106B13560D3
:101060004CB127600020F8BD064D0027F0E70320B3
:10107000F9E71520F7E72046F5E700BF3B420020DF
:10108000E0C4040035420020012807B504D9831EBE
:10109000012B08D9032003E000221146FFF7C8FF07
:1010A00003B05DF804FB00F0C8F801AA0021FFF7C7
:1010B000BFFF0028F4D10198002818BF1520EFE7E2
:1010C00030B585B00C4601900092FEF767FE009A9D
:1010D000019803A9FFF7ACFF054628B924B1039B8B
:1010E0001A6822609B88A380FEF75AFE284605B046
:1010F00030BD10B50446FFF7C7FF30B9023C012CE4
:1011000003D8BDE8104000F015B910BD034A002314
:1011100013609380024A1360938070473542002029
:101120003B42002037B5054600242B8AA34201DC50
:1011300003B030BD21460DF107030122284605F01A
:101140009FF80134F1E7704710B5102104460020E4
:1011500004F0D4FF034630B182681288A24204D260
:1011600004F0F6FF0023184610BD00682044186004
:10117000F9E70520FFF7E8BF0920FFF7E5BF0D20DD
:10118000FFF7E2BF13B501900091FFF7F8FF0446A7
:1011900048B1DDE90032002105F0B2F918B120466E
:1011A00004F0D6FF0024204602B010BD10B504465E
:1011B0000068038A8B4208DB89B205F021FA002817
:1011C000206014BF0020062010BD0A20FCE708B5EF
:1011D00091F83930DB0706D5084601F1290210F8ED
:1011E000011B00F041F9002008BD73B516460191BE
:1011F0001D46FFF757F8044660B10199FEF7ACFFB2
:10120000011E0CBF0720002006B1346005B1296023
:1012100002B070BD01460720F6E737B515461C46FB
:1012200001AA6B46FFF7E1FF28B90DB1019B2B60C6
:101230000CB1009B236003B030BD00F0FD00431EE5
:10124000584258417047FFF7F8BF0000024900229A
:10125000022003F0D5BD00BFCF1103000023C0E979
:101260000030C0E9031283601846704738B5054660
:1012700012F04EFA2C681CB163682B6003B96D60E4
:1012800012F04EFA04B1103C204638BDF8B553793F
:10129000072B06460C46154613D912F039FA0027DB
:1012A00073686F6105F1100214351A60756012F0F1
:1012B00037FA44B1204606F1080105F011FC384622
:1012C000F8BD0220FCE72046FAE71FB50023ADF881
:1012D0000C000093022203A942F22E00FFF742F90C
:1012E00005B05DF804FB1FB500238DF80C000093DA
:1012F000012203A942F22D00FFF734F905B05DF891
:1013000004FB1FB50B68CDF8093001288B88ADF8B8
:101310000D3088BF00F0010000238DF80800009315
:10132000072202A942F22800FFF71CF905B05DF878
:1013300004FB000010B50C4C22788AB90B4B1888BE
:1013400058B1431E9BB24AF2B71293420AD8FFF734
:10135000BCFF08B90123237010BD4FF49670F6E767
:101360000020F9E71220F7E75142002024830020F3
:1013700010B500248AB01722214604A8CDE9014403
:10138000039418F025F8224601A92046FFF750FEE5
:10139000019B2BB11A68CDF809209B88ADF80D3060
:1013A000002404A902A88DF8084003F001FD60B9EB
:1013B0001A4A0DF117030DF1270153F8040B42F8F7
:1013C000040B8B42F9D10AB010BD214613481022FC
:1013D00017F0FEFF11481021FFF759FD0028F2D148
:1013E0000E4B04900DF11702CDF8130003F110011C
:1013F00053F8040B42F8040B8B42F9D1019B2BB13B
:101400001A68CDF811209B88ADF81530002304A888
:101410008DF8103003F0D1FCD5E700BF1483002015
:10142000014B036000207047414200201FB5037844
:10143000012B16D88DF8083050F8013FCDF809304F
:101440008388ADF80D30082200238DF80F1000932B
:101450000DEB020142F24E00FFF784F805B05DF893
:1014600004FB1220FAE7000070B50E468EB0054668
:101470001446FBF7A7FE012E39D82B68CDF81130A2
:10148000AB88ADF815301B4B8DF810600DF12702BD
:1014900003F1100153F8040B42F8040B8B42F9D10D
:1014A00022460DF1170304F1100152F8040B43F822
:1014B000040B8A42F9D100230093272204A942F2A7
:1014C0002700FFF74FF8044660B92B68CDF80930C4
:1014D0000121AB888DF8086002A8ADF80D30FFF748
:1014E000A5FF0446FBF77AFE20460EB070BD12241D
:1014F000F8E700BF4142002030B589B000283DD058
:10150000034604AC00F1100518685968224603C26E
:101510000833AB421446F7D11F4A04AC08AD23464A
:1015200003CBAB42106051601C4602F10802F6D1B9
:101530000020FFF7D8FE0446E8B9009003460246B3
:10154000014642F22900FFF70DF8044698B9012040
:10155000FFF7C9FE044670B9102201460290ADF8AB
:101560000C000DEB020017F033FF214604AA02A87D
:10157000FFF77AFF0446204609B030BD074B04ACA4
:1015800003F1100518685968224603C20833AB42BC
:101590001446F7D1C0E700BF414200201483002069
:1015A0002DE9F041AEB0002300931A46194640F6EB
:1015B0000340FEF7D7FF0446002840F0C6801EAF68
:1015C0004FF0080802460146CDF800803B4641F244
:1015D0000100FEF7C7FF0446002840F0B6809DF8E2
:1015E0007800FFF749F940230093224621460EABCD
:1015F00041F20200FEF7B6FF0446002840F0A58045
:101600000EAE0FCE3D460FC50FCE0FC50FCE0FC588
:1016100096E80F0085E80F0022AE0FCE6D460FC58D
:101620000FCE0FC596E80F0085E80F0097E80F0072
:10163000FFF72EF9FFF726F905463846FFF73EF982
:1016400055A3D3E900230094CDE90C230CA923462C
:10165000424640F60140FEF785FF0446002874D15B
:10166000062D5ED8FFF70EF9062872D81F22002338
:10167000CDE91E23002300930822394642F20100DF
:10168000FEF770FF044600285FD103230093024653
:1016900001463B4642F20200FEF764FF0446002882
:1016A00053D1BDF878209DF87A10002A5CD089B219
:1016B0001046FEF73BFF0446002846D1082300935E
:1016C000024601463B4642F20300FEF74BFF04464A
:1016D00000283AD11E98FFF7C9F806230093224646
:1016E00021463B4641F20900FEF73CFF044660BB41
:1016F0003846FFF741FC264B9D69002D44D020223F
:101700002146384617F064FE4FF6FF723946022034
:10171000A847002838D13846FFF7EEFEFEF7F2FE64
:1017200013E09DF88E305B079CD54FF40002002338
:10173000CDE90E230090034642460EA940F66340D1
:10174000FEF710FF044600288CD020462EB0BDE8DE
:10175000F081072803D0082803D00E4A87E73F22EC
:1017600085E740F27F6282E70723009311463B46FC
:1017700041F20500FEF7F6FE04460028E5D1BDF86B
:101780007820BDF87B1093E7FFF7F2FD0020C3E758
:10179000403500207FFE0F0090880002008000206E
:1017A00010B50C4805F0E4FBFEF7F8FA0A48FBF721
:1017B0005FFD0A4A002314681360094A1370FEF79C
:1017C000EFFA04B910BDD4E9003100209847A468AD
:1017D000F7E700BF6442002054420020604200202E
:1017E0000E830020FFF7DCBF10B504F089FBBDE8D5
:1017F00010400146024A0348002305F02FBB00BFFA
:10180000E51703006442002038B50546054805F099
:101810004AF8044620B11C22002117F0D9FDA5800A
:10182000204638BD2883002010B50C4641B1086918
:1018300004F08EFC21460348BDE8104005F05AB87C
:1018400010BD00BF28830020807B00F0010070479E
:1018500038B513461446042204F012FD054658B963
:10186000204604F0BCFA234623F8020B184604F085
:10187000B6FA6080284638BD0425FBE737B5044634
:101880000D4601A8114604F08FFA29460DF1060015
:1018900004F08AFA0421204604F011FF10B1036815
:1018A000019A1A6003B030BD08B1808870474FF6C6
:1018B000FF70704738B50C4600250563086904F0D1
:1018C00047FC2561A58238BD2DE9F743DDF8289056
:1018D00098464FF0FF33C9F800300B88C3F301334B
:1018E000012B0746164656D0022B27D101AA00210C
:1018F0003046FFF7ADFF0546002846D104213046AB
:1019000004F0E4FCBDF806103846FEF725FC04465A
:1019100048B9BDF806304FF6FF72934201D0C9F8BE
:101920000030052531E0C288403A92B23F2A07D8FC
:101930004389BDF8042002339A4201DD0A2524E0E0
:1019400023691BB121463846FFF7B4FF2389BDF850
:101950000450042BA5F102051BD12046F8F75DF9D0
:101960008542EBDCBDF804303C63A3822069C8B932
:1019700026612369A08A1D8A2D1A002D1EDD2146AD
:101980003846FFF797FF0A250026304604F0E0FBB3
:1019900018E06089E4E7046B002CCFD02369002BAA
:1019A000E4D1CBE7314604F0B9FE0028E1D10C4B7D
:1019B0000C4A0D4840F2131114F0D8FF06D1A36968
:1019C000C8F80030284603B0BDE8F08312F070FD7F
:1019D00000F5EA4030307863FEF718FA0125D3E7C6
:1019E000BAA7040050C50400E6C4040013B5C988B2
:1019F000019204461046128AFFF740FF019090B111
:101A000001A92046FEF72CFF58B1012809D1019AFF
:101A1000216C0023536102F110001432086022642B
:101A2000184602B010BD0620FBE7000007B50A4BC0
:101A300000930A480A4B1C22092104F0EFFE38B932
:101A400000F0F0F928B903B05DF804EB02F02EB80D
:101A50000B2003B05DF804FB3CC504002883002084
:101A60007842002008207047C36813B102690089DA
:101A7000184770472DE9F041164607468846FEF79D
:101A80008DF9114B1A68002514465CB12189B942C1
:101A900010D1A17A41450DD14EB975B912681A60BD
:101AA00002B95B60FEF77CF92046BDE8F081E17A7F
:101AB000B142F2D025462468E7E72A6812682A6016
:101AC000002AEFD15D60EDE7A8430020014610B188
:101AD000014804F00FBF70478C43002008B54A78D6
:101AE0000121FFF7C7FF08B1FFF7F0FF002008BD95
:101AF00070B516464A780021FFF7BCFF0546B8B11D
:101B000002213046FFF752FB044678B933681B6860
:101B10001B885BB1012B14BF0A2110212846FFF757
:101B2000A3FF2846FFF7D2FF204670BD2146F5E708
:101B30000446F9E7F0B5868885B000F11007054640
:101B40000069FFF7EFFA04213846FFF72FFB044640
:101B500028BB2B6903AAD988186800F098F928696E
:101B6000042104F0B3FB2B691A8ABDF80E309A42A7
:101B70001AD19DF80C301A2B14D80C4A52F8233085
:101B800083B13A4603A930469847044638B100234A
:101B90009DF80D1000931A46304600F09EF920463D
:101BA00005B0F0BD1024F2E70A24F8E77CC5040074
:101BB000F0B5054687B00F46104608211646FFF7D8
:101BC000F5FA044688BB0DF107012846FEF78CFAAA
:101BD000044650BB9DF80730DB0746D533681B68C9
:101BE0001A88ADF80C2090B25A88ADF80E2091B248
:101BF0009A88ADF810201FFA82FCDA88ADF812201E
:101C000093B2821F92B240F67A46B24205940FD93F
:101C10000126797802AB0222132000F03FF920B1AF
:101C200006800299284600F015F9204607B0F0BD5D
:101C30008A1F92B2B242EBD88842E9D8BCF5FA7F4B
:101C4000E6D20A3B9BB240F676429342E0D803A923
:101C50002846FAF7F8FA0028DAD103A92846FAF755
:101C600029FF061E18BF0126D3E71024DDE7000078
:101C70002DE9F043074685B00E4691469846FEF79B
:101C80008DF802AB03AA05213846FFF7C6FA0546D0
:101C900030B1FEF785F800242046FFF717FF46E035
:101CA000039B93F8285005F00105FEF779F8002D05
:101CB00041D1234804F0F7FD044600283DD014220A
:101CC000294617F085FB1F49A5720B782781013340
:101CD00013F0FF0308BF01230B700978E172C4E918
:101CE000039801AB0822122000F0D8F828B33388FB
:101CF000038073884380B3888380F388C38001990D
:101D0000384600F0A7F805460028C5D112F0D0FBF0
:101D100000F5F0406060FEF779F8FEF73FF80A4BF7
:101D20001A68226002B95C601C60FEF739F8284628
:101D300005B0BDE8F0830325ADE70625ACE700BF9D
:101D40008C43002074430020A843002008B5FFF70F
:101D50005BFD30B10523C38003F5C8038360014BED
:101D6000836108BD351B0300F8B50A4F0E463D469A
:101D70003C6804B9F8BDA37A1BB931462046FFF789
:101D800073FE2B681B682B6003B96D602046FFF75C
:101D90009DFEEDE7A84300202DE9F34112F088FBFA
:101DA000002480460094CDF804D0FDF7F7FF1C4BCB
:101DB000D3E9005022466F466FF000461C46944619
:101DC0004DB902B15860FDF7EBFF009CDCB930461D
:101DD00002B0BDE8F081D5E900E1A1EB08010029DE
:101DE0000DDC1968096819600029C5F800C008BF32
:101DF00001223D6008BF20462F467546E0E78E422F
:101E0000A8BF0E46F9E7A37A1BB90D212046FFF7BC
:101E10002BFE236800932046FFF758FED5E700BF4E
:101E2000A843002007B5074B07480022C3E9002359
:101E3000064B00931422064B012104F0EFFC03B083
:101E40005DF804FBA84300208C43002064C5040017
:101E50007843002030B585B00D460190FDF79EFF18
:101E6000019802AB03AA0521FFF7D7F9044650B940
:101E7000DDE902102A46FFF7B9FD0446FDF790FFA1
:101E8000204605B030BD284604F062F9F6E7037835
:101E90001370437853704388538070472DE9F041A5
:101EA0001D4680460F461646FFF766F90446286031
:101EB00040B1311D89B204F07DFB044628B9286881
:101EC00004F046F92046BDE8F0812B681C6884F8D0
:101ED0000080677066800434F4E7F7B5089F164603
:101EE000BA1C04461D4692B201AB0120FFF7D6FF93
:101EF00058B1294620F8026B3A4617F041FA019989
:101F00002046FFF7A7FF03B0F0BD0620FBE71FB593
:101F1000ADF80C300423ADF80E200093022203AB81
:101F2000FFF7DBFF05B05DF804FB0000034B1A6808
:101F3000026002B958601860704700BF5C4500201D
:101F400040F20743136007231371137D43F010031E
:101F500013757047064B5B7AC3F3400203F00C0025
:101F60001043C3F3401340EA031000F01D00704714
:101F700040350020037ADB0601D502F04FBA02F0AB
:101F8000C5B837B505460C4601AA01210B2002F061
:101F90008FF8014618B90623236003B030BDFFF760
:101FA000D9FF08700199688902F099F80028F4D0E7
:101FB0002060F2E72DE9F041069C1D4680460E4662
:101FC000174600215822204617F002FA98E803002D
:101FD0002B78A18003F00303090C032B2060A1716F
:101FE0002AD16B7EA3722B89A381D5E9042304F146
:101FF000180CC4E9042305F12A0E05F11A03186828
:102000005968624603C2083373459446F7D194F881
:102010002830003F43F0010318BF012784F828301F
:10202000003E94F8503018BF012646EA470623F0D8
:1020300003031E4384F850602B785A0711D505F12D
:102040002A0304F1290205F13A0153F8040B42F87E
:10205000040B8B42F9D194F8393043F0010384F832
:1020600039302B781B0713D505F13A0304F13A02F6
:1020700005F14A0153F8040B42F8040B8B42F9D1E5
:102080006B68E36494F84A3043F0010384F84A3003
:10209000BDE8F08130B58BB00388ADF80C304388D3
:1020A000ADF816308368CDF80E30C368CDF8123025
:1020B00000F1100206AD00F12003106851682C46B3
:1020C00003C408329A422546F7D1002300931C220C
:1020D00003A942F21900FEF745FA0BB030BD10B566
:1020E00010460C46FFF7D6FF206010BD70B588B0D3
:1020F0004389ADF8003000230022ADF80230002300
:10210000CDE902230C4600F15E0204AE00F16E033D
:1021100010685168354603C508329A422E46F7D1F9
:102120006846FFF7B7FF30B108232371237D206095
:1021300043F00203237508B070BD10B588B00446A3
:10214000ADF80C000DF10E0301F1100251F8040B73
:1021500043F8040B9142F9D102230093122202ABFF
:1021600003A942F21A00FEF7FDF920B9BDF80830C4
:10217000A34218BF0C2008B010BD38B50C46054668
:1021800000F15E014089FFF7D8FF206010B90523F8
:102190006B7338BD237D43F002032375F9E71FB548
:1021A00002220446ADF80800009203AB02A942F2F5
:1021B0001B00FEF7D7F920B9BDF80C30A34218BFB9
:1021C0000C2004B010BD70B504460D46408916467B
:1021D000BAB102F11801FFF7B0FF286060B9B37A15
:1021E000E37396F85030DB0703D5237A43F00803F6
:1021F00023720623637303E02B7D43F002032B75E8
:1022000070BDFFF7CCFF05232B60F9E7037ADB06EF
:1022100001D502F0D1B902F002B8037ADB0601D48D
:1022200001F0B2BF02F074B9014610B1014804F0E8
:1022300061BB70474045002010B5064804F033FBF1
:10224000044620B14FF4C872002117F0C1F82046AF
:1022500010BD00BF40450020034B1A6812681A6089
:1022600002B95B60704700BF5C45002038B5137D44
:102270000D4643F002031375012128461446FEF76C
:1022800095FF206038B92B681B681B780BB103F5EC
:10229000A0602060237138BD2DE9F843077A90F8DB
:1022A0000F80064640890D4607F02009C7F3401409
:1022B000FDF7F8FFF0B190F858303A0743F001030A
:1022C00080F8583042BFDBB243F0020380F8583048
:1022D000B9F1000F05D090F8583043F0040380F8AE
:1022E0005830B8F1000F05D090F8583068F3C703A4
:1022F00080F85830FF2373732B7DA40044F0020450
:1023000023F0060300221C432A602C752A71BDE8C5
:10231000F88310B4847B34B9027AD20706D50A7DDB
:1023200042F001020A755DF8044B70475DF8044BFA
:10233000FFF7B2BF2DE9F043027A077F437FD5064E
:1023400044BF07F0FE0703F0FE0312F0010F08BFC1
:102350001F460446F80793B00E4600F1C180B90746
:1023600063D501AA1021082001F0A2FE80460028B2
:1023700000F08C8102A8FFF753F80546002840F0D2
:102380001381029B03F1100253F8041B48F8041B4D
:102390009342F9D194F870300199608943F00403B5
:1023A00084F8703001F09BFE0546002840F03F8124
:1023B00001AA0721092001F07BFE0546002800F054
:1023C00065816089FDF786FF03A9FDF7A1FF2B4614
:1023D0009DF80C2003F8012BDDF80D20C5F8012035
:1023E000BDF811209A8094F8702042F0100284F811
:1023F0007020029A04F19A0102F1100052F804CB05
:1024000041F804CB8242F9D12A7884F888201A68EE
:10241000C4F8BA209B8801996089A4F8BE3001F005
:102420005EFE0546002840F002817A074FD501AADA
:1024300010210A2001F03CFE0746002800F026810A
:10244000934B9D69002D00F00781202200210AA8EE
:1024500016F0BEFF62890AA90320A847002840F0B1
:10246000FB8004F1AA0C0AAB0DF1380E62461D4642
:1024700003CD7545CCF80000CCF804102B460CF1C8
:10248000080CF4D1134604F1BA013A4653F8040B90
:1024900042F8040B8B42F9D194F8703043F00803F2
:1024A00084F8703000236367384604F1AA0307F10B
:1024B000100250F8041B43F8041B9042F9D1019913
:1024C000608901F00CFE0546002840F0B080237AB8
:1024D000DB0740F1D48031462046FFF7DDFED2E035
:1024E00001AA1021062001F0E3FD8046002800F03B
:1024F000CD80E37B84F88930654B9D69002D57D0F2
:10250000202200210AA816F063FF0AA9628901208F
:10251000A847014600284BD1E07B0AABC0F110026E
:10252000184416F055FFBDF83830A4F87830DDE9CE
:10253000102304F18A0CC4E920230DF1380E0AABF4
:1025400062461D4603CD7545CCF80000CCF804105A
:102550002B460CF1080CF4D1134604F19A0253F8FF
:10256000041B48F8041B9342F9D14FF0010994F879
:1025700070300199608943F0010384F8703001F0F4
:10258000AEFD0546002852D101AA0A21072001F01C
:102590008FFD8046002879D0B9F1000F4FD102217C
:1025A000FEF775FC0546F0B1019803F0D1FD3EE061
:1025B000E17B4046FEF76BFC05460028F4D1E07B4A
:1025C0002946C0F11002404416F002FF04F18A03CC
:1025D00008F1100258F8041B43F8041B9045F9D188
:1025E0004FF00009C3E7082108F10200FEF74FFC95
:1025F00005460028D8D1D8F80220D8F80630C4E91A
:10260000202398F8003098F8012043EA0223A4F828
:10261000783094F870300199608943F0020384F8AF
:10262000703001F05CFD054600283FF498AE0823A9
:102630003371337D356043F00203337523E0034685
:10264000B4F8782023F8022BD4F88020C0F80220B8
:10265000D4F884205A60DCE710213846FEF717FCD6
:1026600005460028A0D13B4604F1AA0207F110015B
:1026700053F8040B42F8040B8B42F9D10CE7A37B0F
:10268000002B3FF428AF13B0BDE8F0830625CEE75A
:102690004035002073B5C57C2B0706D5837E1E0709
:1026A00042BF037A43F010030372027A037F447F30
:1026B00012F010061CBF04F0FE0403F0FE0312F03B
:1026C000010F14BF21461946ED0705D5857EED079C
:1026D00044BF42F0200202722343334302BF037A15
:1026E00023F02003037211F0010318BF0323837347
:1026F0008A0748BF837B027D44BF43F00C0383738A
:102700004B0742BF837B43F010038373C37E934226
:1027100028BF1346C3730DF10701FFF72BFC02B06E
:1027200070BD0000034B1B68002003B970471B6895
:102730000130FAE75C45002073B50E4601A9054655
:1027400002F060FC044680B9FDF728FBFFF7EAFFC2
:10275000019B18440190FDF723FB019B022B04DD34
:102760003146284602F0B2FA0446204602B070BD57
:1027700007B5014601900220FFF7DEFF30B901994D
:10278000012003B05DF804EBFFF7D6BF03B05DF89E
:1027900004FB1021FEF77BBB2DE9F04188B0804699
:1027A00040890E9D14461E460F46FDF793FD01A974
:1027B000FDF7AEFD98F808309DF8192013F0010FD1
:1027C0009DF8123010D03B70DDF813302360BDF857
:1027D0001730A380DDF81A3032702B60BDF81E3040
:1027E000AB8008B0BDE8F0813A70DDF81A202260B5
:1027F000BDF81E20A2803370DDF813302B60BDF8C9
:102800001730EDE770B504460D480068002660B14A
:102810004589A5420ED1FF2902D0457B8D4209D1C1
:10282000B2F1FF3F057A01D13BB970BD05F001055A
:10283000AA42F9D006460068E9E71E60F5E700BF46
:102840005C450020F8B50D46074610212846144681
:10285000FEF7ACFC0646206030B108232371237DCF
:1028600043F002032375F8BD2B681D68FDF796FA47
:1028700033464FF0FF3207213846FFF7C3FF58B900
:102880000523236008232371237D43F01003237560
:10289000BDE8F840FDF784BA837B23F0100383730F
:1028A00000F1FA022B4605F1100153F8045B42F8DF
:1028B000045B8B42F9D190F8C03043F0080380F8F4
:1028C000C0300023C0F8C4302146FFF722FDDFE707
:1028D000F8B50D460746072128461446FEF766FC64
:1028E0000646206030B108232371237D43F00203A4
:1028F0002375F8BD2B681D68FDF750FA33464FF07D
:10290000FF3207213846FFF77DFF58B905232360C2
:1029100008232371237D43F010032375BDE8F8409D
:10292000FDF73EBA827B22F00802827390F8C02045
:1029300042F0100280F8C0202A7880F8D8202A4679
:1029400052F8011FC0F80A119288A0F80E21214602
:10295000FFF7DFFCE2E7F8B50D46074610212846F1
:102960001446FEF723FC0646206030B1082323718D
:10297000237D43F002032375F8BD2B681D68FDF726
:102980000DFA33464FF0FF3207213846FFF73AFF82
:1029900058B90523236008232371237D43F01003D6
:1029A0002375BDE8F840FDF7FBB9837B23F00403F2
:1029B000837300F1EA022B4605F1100153F8045B22
:1029C00042F8045B8B42F9D190F8C03043F0040325
:1029D00080F8C0302146FFF79CFCE2E7F8B50E46D0
:1029E00007460A2130461446FEF7E0FB0546206004
:1029F00030B108232371237D43F002032375F8BD12
:102A000033681E68FDF7CAF92B464FF0FF320721E5
:102A10003846FFF7F7FE58B90523236008232371D2
:102A2000237D43F010032375BDE8F840FDF7B8B9E6
:102A3000827B22F00202827390F8C020717842F00B
:102A4000020280F8C020327842EA0122A0F8C820B1
:102A5000D6F80210D6F80620C0E934122146FFF756
:102A600058FCE1E7F8B50D46074610212846144604
:102A7000FEF79CFB0646206030B108232371237DBE
:102A800043F002032375F8BD2B681D68FDF786F936
:102A900033464FF0FF3207213846FFF7B3FE58B9EF
:102AA0000523236008232371237D43F0100323753E
:102AB000BDE8F840FDF774B9837B23F0010383730D
:102AC00090F8C03043F0010380F8C03000F1DA0222
:102AD0002B4605F1100153F8045B42F8045B8B426E
:102AE000F9D1C37B80F8D9302146FFF712FCDFE72C
:102AF0002DE9F0430D46A7B080460621284614462E
:102B0000FEF754FB2060D0B92B68D3F80090FDF796
:102B100045F96B464FF0FF32FF214046FFF772FE4A
:102B2000B0B1437B082B0DD0082323714FF4816390
:102B30002360237D43F010032375FDF731F927B09F
:102B4000BDE8F083009B73B9FFF786FBFFF76CFBD2
:102B5000FDF726F94046FFF70BFE064658B108235D
:102B600023712060EBE71A6812681A60002AEDD121
:102B7000654A5360EAE7FDF711F9FFF75DFB05468B
:102B8000002800F09580A0F80A804673FFF7CEF980
:102B900001230374D9F80030C0F81130B9F80430BB
:102BA000A0F815304089FDF795FB90F8287017F0D4
:102BB000010706D00723237140F2074323603746FD
:102BC00009E099F80330062B2DD80623237140F233
:102BD000064323603E46FDF7E3F82368002BAED1A1
:102BE000C7F300156D0005A94046F9F76DF990B9D6
:102BF0008DF81300DDF81F00BDF823209DF8253067
:102C0000039010A903A8ADF810208DF8123002F03F
:102C100076F800284ED0052891D0237D20606FF3F0
:102C2000000323758BE7102B04D90A23237140F28C
:102C30000A43CEE735494A7AD2061AD599F8026096
:102C400016F0080609D10323237140F203432360E1
:102C5000237D43F002032375B1E7102B09D006232F
:102C6000237140F206432360237D43F00203237562
:102C7000B0E70223EB750B7A2B764B7AC3F3000394
:102C80006B76FFF767F910230A7BEB766B7DA876EE
:102C900013402B77CA7AAB7D13406B772846FFF73A
:102CA000F9FC237D2F7AEE7B43F00103237592E735
:102CB000064684E79DF84A309DF890208DF806304E
:102CC0009DF80730ADF8048002F0030223F00303FF
:102CD00013438DF80730C7F3C003C7F340122B43EB
:102CE00043EA82039DF809208DF8086022F007026C
:102CF000134301A88DF80930FAF7FEF801283FF4D4
:102D000072AF022089E700BF5C45002040350020FB
:102D10000138C0B204289ABF014B1856FF207047F3
:102D2000F9C5040013B50DF107010446FFF722F9B8
:102D30009DF80700FFF7ECFF637B984207D1207AEC
:102D400000F00600831F5842584102B010BD012018
:102D5000FBE7F7B50E460746102130461446FEF74E
:102D600025FA0546206038B108232371237D43F0FE
:102D70000203237503B0F0BD33681E68FDF70EF83B
:102D80002B464FF0FF3201213846FFF73BFD054649
:102D900030B905232360237D43F01003237528E019
:102DA000334600F12E0206F1100153F8040B42F8ED
:102DB000040B8B42F9D12B7ADB0705D502236B7309
:102DC000237D43F00103E9E70DF107012846FFF7F2
:102DD000D1F89DF80700FFF79BFF6B7B984202BF7D
:102DE0002B7A43F004032B722846FFF79BFF002841
:102DF000E6D1FCF7D5FFBDE7F7B50E46074606213D
:102E000030461446FEF7D2F90546206028B1237DEE
:102E100043F00203237503B0F0BD33681E68FCF76E
:102E2000BDFF2B46294601223846FFF7EBFC05463D
:102E3000002848D00223C37533688361B388838335
:102E4000F378062B07D80623237140F2064323604C
:102E5000FCF7A6FFDFE7102B04D90A23237140F209
:102E60000A43F4E71C4A527AD20601D5102BEAD164
:102E70002846FFF70FFC0DF107012846FFF77AF807
:102E800048B10323237140F203432360237D43F0C1
:102E900002032375DCE72B7A9DF8072013F0100F4F
:102EA00014BF0921012169731046FFF731FF8842E1
:102EB00008BF22722846FFF735FF0028C8D0237DBF
:102EC00043F00103E5E7082323714FF48163236096
:102ED000237D43F01003DCE740350020037ADB0755
:102EE0004CBF3E304E307047F7B5067A06F001060B
:102EF0000446C6F102000D4601AA0621C0B201F047
:102F0000D7F80146002848D05EB3274F0123237429
:102F10003B7A63747B7AC3F30003A374FFF71AF858
:102F200010232375FB7A63753B7BA3752346E074FE
:102F300053F8112F0A609B888B800199608901F0FA
:102F4000CEF858BB2046FFF7C9FFFFF722FC2860E8
:102F500028B108232B712B7D43F002032B7503B09E
:102F6000F0BD23460DF1030153F8182F02609B8832
:102F70008380237A13F0100F14BF09230123637396
:102F80002046FEF7F7FF9DF803201046FFF7C0FE2E
:102F9000637B984208BF2A72CFE706202860002E84
:102FA000DDD108232B71DAE740350020037ADB07F7
:102FB0004CBF4E303E307047F8B50D4607461021E5
:102FC00028461446FEF7F2F80646206030B1082382
:102FD0002371237D43F002032375F8BD2B681D6820
:102FE000FCF7DCFE4FF0FF32334602213846FFF794
:102FF00009FC024648B905232360237D43F01003F2
:103000002375BDE8F840FCF7CBBEFFF7CFFF2B469A
:1030100005F1100153F8045B40F8045B8B42F9D1D1
:10302000137ADB062146104602D501F009FBE8E7DA
:1030300001F021F9E5E700B5A5B003A9F8F744FFD1
:1030400060BB8DF80B00DDF81700BDF81B209DF864
:103050001D3001900EA901A8ADF808208DF80A30A6
:1030600001F04DFED0B99DF88230DA0719D5219BC9
:10307000013318D001A801F03EFE78B99DF87130F7
:10308000DB0705D59DF838000DF13901FEF739F958
:10309000219B0EA80133219301F036FE25B05DF887
:1030A00004FB0520FAE70620F8E700002DE9F74FBA
:1030B00011F0FEF9002580460095CDF804D0FCF70C
:1030C0006DFE2949D1E900462B462246AE46AA4666
:1030D00028466FF000478B469AB9BAF1000F00D02E
:1030E0000090BEF1000F01D0CBF800400BB1CBF83F
:1030F0000460FCF755FE009C4CBB384603B0BDE8AD
:10310000F08FD2E90091A1EB080CBCF1000F1ADCA2
:1031100055B924689CB14FF0010E10604FF0010AC0
:10312000104615464A46D7E72968D1F800C0C5F8C9
:1031300000C0BCF1000F04BF2E460123EDE70123C0
:10314000094E9E46E9E76745A8BF6746E9E70023C1
:1031500060891A460D21F9F78DFE236800932046F9
:10316000FFF762F8C7E700BF5C45002030B587B0C5
:10317000182200210546684616F02AF9FCF70EFED3
:1031800000234FF0FF32FF212846FFF73BFB30B111
:1031900002230093FCF704FE009807B030BDFFF750
:1031A0004BF8044658B906230093FCF7F9FD002CB0
:1031B000F2D001226946284600F00EF8ECE7082319
:1031C00043734581FEF7B2FE9DF8143043F00103CE
:1031D0008DF81430E9E700002DE9F04FA5B007465F
:1031E00003920C4679B10B7DDA060CD5142200212E
:1031F000201D16F0EDF8082323714FF4816323603E
:1032000025B0BDE8F08FDFF870A2DFF870B2FCF7F0
:10321000C5FD07AB4FF0FF32FF213846FFF7F2FA4A
:10322000054600285BD074B1237DDB070BD518223F
:1032300000212046266916F0CBF86889FDF75AF878
:1032400080B9072323606B7BFF2B04D0D4F8008068
:10325000B8F1000F16D0079B63B9FEF7FDFF4FF0E2
:10326000010816E06B7B32465BF823302146284686
:103270009847E8E71A6812681A60002AEFD1CAF87E
:103280000430ECE711F014F900F5F0406860FCF749
:10329000BDFD267966B1039B53B10EAA012105201D
:1032A00000F006FF20B106700E99384600F017FFB7
:1032B000FCF776FD002DA3D0236840F2062293424E
:1032C00015D13846FCF7EEFF90F828402846FEF767
:1032D000ABFF3846E70707D500F0EFF990E70CB1F0
:1032E0008046D6E7A046E3E7FFF740FF88E7227D68
:1032F000960706D5072B00F0888021793846F9F724
:1033000011FE216800297DD1B8F1000F7AD02B7A07
:10331000980677D50491FCF741FD6889FCF7C2FF58
:1033200095F8C03013F0100F064600F1070200F0C8
:103330008780D5F80A0195F8D890CDF821008DF84E
:103340002090B5F80E01ADF825000898C6F80700E2
:1033500004999DF82600BDF824C09071A2F804C01D
:103360000DF139000E910622CDF83B1006F1160141
:1033700015F0F8FF10B9FCF713FD0EE0B9F1030FDB
:1033800005D8DFE809F0025B025B0223F371FCF76A
:1033900007FD688908A9F9F792FD2A7A0EAB02F0B9
:1033A0000801009302F0100205F1700308A8CDE9AE
:1033B0000412FEF7FFFD0EA801F099FC0EABDDE94B
:1033C0000412009308A805F1C003FEF7F3FD0EA850
:1033D00001F09AFC9DF820308DF82F30BDF8253093
:1033E000ADF83430737D8DF8283056F8163FDDF88F
:1033F00021000C90CDF829300AA8B388ADF82D3003
:1034000001F0E8FC237D9A0708D5227D2168C2F3EC
:1034100080033846C2F3C002F9F72CFD236833B9A4
:10342000237A23B104F108013846F9F70AFDB8F10F
:10343000000F13D02846FEF7F7FEE1E60323A5E7C9
:10344000918893791068ADF824108DF82630089093
:10345000F079FDF7F8FE8DF820008CE7237DDB077F
:103460007FF5CEAE18224146204615F0B1FF237DF0
:1034700043F001032375CAE65C4500203CC6040006
:103480002DE9F04786B080460D469146002118226E
:10349000684615F09DFFFCF781FC00234FF0FF32DA
:1034A000FF214046FFF7AEF90446002873D0437B66
:1034B000052B0BD0062B4FF0FF035ED00027437384
:1034C00008238DF80430BA463E4613E0067A002DF4
:1034D0004FD107234373F30701D5837B2BB99DF8A5
:1034E000143043F001038DF81430E77BC6F3C006B7
:1034F0004FF0000AFDB94046FCF7D4FED8B190F871
:10350000583069F3000380F8583026B1DBB243F03D
:10351000020380F85830BAF1000F05D090F8583007
:1035200043F0040380F858302FB190F8583067F317
:10353000C70380F8583014B1637BFF2B09D19DF885
:10354000143043F002038DF814300DB105F5007509
:103550000095FCF725FC9DF8143001226AF38203E4
:10356000694640468DF81430FFF736FE06B0BDE8D8
:10357000F087FF2343730027B8E743739DF81430A7
:10358000067A43F008038DF81430C77BC6F3C006F3
:103590004FF0010AAEE7074682460646AAE7C27820
:1035A0000178B0F8010002F00102FFF769BF01786D
:1035B000B0F801000122FFF763BF2DE9F043B0F836
:1035C0000170A9B018220021054605A815F000FFDA
:1035D000BEB2FCF7E3FB00231A46FF213046FFF79B
:1035E00011F90446F0B9FEF727FE044670B9062328
:1035F00005933046FCF76EFE0BA9FCF789FEDDE96A
:103600000D0101270190ADF808101AE0042347814D
:103610004373FEF78BFC9DF8283043F001038DF8CF
:103620002830E6E7437B082B02D104234373F2E7FB
:10363000032B39D19DF8283043F001038DF8283051
:103640000027FCF7ADFB05985CB320BB1FB38DF8DA
:10365000130012AC0198BDF808309DF83320CDF866
:103660000D00214603A8B5F80B70ADF81130D5F860
:103670000380D5F807908DF80C2001F033FBBDF8DE
:103680005430BB4216D1DDE91623994508BF904559
:1036900010D178B909943046012205A9FFF79CFDA5
:1036A000002029B0BDE8F08330460027FEF777FD03
:1036B0003C46C6E700230993EDE770B586B01822B3
:1036C00000210646684615F083FEFCF767FB0023E1
:1036D0004FF0FF32FF213046FFF794F80446FCF725
:1036E0005FFB3CBB3046FFF743F8054630B9FEF7B9
:1036F000A3FD044628B906230093009D284606B082
:1037000070BD037A468143F0010303724573FCF7F1
:1037100045FB2046FEF70AFCFCF742FB9DF81430FF
:10372000012243F00103694630468DF81430FFF75B
:1037300053FDE2E70225E1E7F0B589B00546FEF763
:10374000B3F84FF6FF73984204462AD028690DF16A
:1037500007030122002102F093FD064618BB2869E9
:10376000012102F0B3FD9DF807300E2B1DD8104A41
:1037700052F82370CFB11822314602A815F028FE66
:1037800002AA05F110012046B8479DF80720053A26
:10379000204618BF012202A9FFF71EFD029809B0BA
:1037A000F0BD0720FBE70A20F9E70820F7E700BF94
:1037B00000C604002DE9F0418EB006468846144646
:1037C0000021182268461F46169D15F001FEFCF7E1
:1037D000E5FA00234FF0FF32FF213046FFF712F8E1
:1037E00060B102230093FCF7DBFA30460122694600
:1037F000FFF7F2FC00980EB0BDE8F081FEF71CFD6B
:1038000006230028EED0027A468180F80F804373A9
:103810000DBB42F001020272FEF788FBDDE91423C2
:10382000CDE908232246ADF81860ADF81A700AAC4D
:1038300002F1100510685168234603C30832AA42FA
:103840001C46F7D19DF8143043F001038DF8143075
:1038500006AB0493C7E742F00902DCE7F0B50F4678
:10386000A5B00546012138461446FDF79FFC0646E3
:10387000206068BB3B681F68FCF790FA2846FCF79D
:1038800029FD90F82830DB0724D440F20743236059
:1038900007232371FCF784FA2368CBB93B78D90757
:1038A00029D50EA905A801F02AFA206030B3FCF74B
:1038B00075FA00234FF0FF32FF212846FEF7A2FFE2
:1038C0000646FCF76DFA16B3237D43F0100323750B
:1038D00025B0F0BD07A9FCF71BFDDDF82300BDF8FE
:1038E00027209DF829308DF81B600590ADF8182031
:1038F0008DF81A30CEE705232360D8E73B785A07C6
:10390000D5D59DF88830DB07D1D41023F4E72368A0
:1039100093B99DF888309DF8421003F0010302939B
:10392000DDE912232846CDE90023BDF8443014AA6E
:10393000FFF740FF2060CBE72846FFF7BEFEF9E720
:10394000F0B589B0182206460D4602A8002115F0F0
:103950003FFDFCF723FA00234FF0FF32FF213046F2
:10396000FEF750FF044620B9FCF71AFA052009B00B
:10397000F0BD037A9B077ED40DF10701FEF7FAFA3A
:103980002A7818B99DF807309A4230D11046FFF7CF
:10399000BFF9637B98422AD1013A042A27D8DFE88D
:1039A00002F0032222404D00227A42F002032372E9
:1039B0002B1D1E34143553F8041B44F8041BAB4272
:1039C000F9D112F0050F1EBF9DF81C3043F0010322
:1039D0008DF81C30FCF7E4F93046012202A9FFF70C
:1039E000FBFB0298C3E76A68254B9A4203D9FCF7B0
:1039F000D7F90320BBE7277A47F00203237210228E
:103A0000002104F11E0015F0E3FC6B68AA88E28334
:103A10001A0C1B0E84F8202084F8213017F0050FB3
:103A2000D1E72B791BB90C238DF80C30D2E7237A20
:103A300043F00202227213F0050FC4E7D5E9011228
:103A4000003A18BF0122003918BF0121204601F0B9
:103A5000BEF808B90223E7E7237A43F00203237292
:103A60006B68C4F88431AB68C4F8883102A9204679
:103A700000F01EFDAEE7FCF793F9022077E700BFE8
:103A80003F420F0010B586B004461422002101A861
:103A900015F09EFC0723009301220223694620466D
:103AA0008DF81430FFF798FB06B010BD13B50A4B24
:103AB0000A480022C3E90023094B00934FF4C8725F
:103AC000084B012102F0AAFE044608B901F090F863
:103AD000204602B010BD00BF5C45002040450020DC
:103AE000E8C50400B043002008B5FDF78DFE30B1F5
:103AF0000623C38003F582038360014B836108BD05
:103B00003937030008B5FDF7C2F9B0FA80F0400973
:103B100008BD30B5B1B00D461446014610226846C6
:103B200002F07CF9694604A803F0DAFD10B911200F
:103B300031B030BD10222946684602F06FF904AA60
:103B40006946204603F01EFE0028F0D020461021D2
:103B500002F053F90020EBE72DE9F0411C46136811
:103B60002360536863600B68A3604B68E3600E4694
:103B70001546214622468046FFF7CBFF074678B917
:103B800010214046FDF7DFFA10213046FDF7DBFA41
:103B900010212846FDF7D7FA10212046FDF7D3FA69
:103BA0003846BDE8F0812DE9F04788B0DDE9129A8A
:103BB0000D46102117461E46149C8046FDF7C3FA99
:103BC00028461021FDF7BFFA06214846FDF7BBFA4B
:103BD00006215046FDF7B7FA07213846FDF7B3FA3C
:103BE00030460721FDF7AFFA9DF840308DF80030E0
:103BF0009DF844308DF801303B68CDF80230BB8829
:103C0000ADF80630BB798DF808303368CDF809304F
:103C1000B388ADF80D306846B3798DF80F301021B8
:103C2000661EFDF790FA6A1E6B460F35304612F895
:103C3000017F13F8011BAA4281EA070100F8011F66
:103C4000F5D1224621464046FFF763FF034620B1E7
:103C50001125284608B0BDE8F087BAF80420DAF844
:103C60000000ADF814201021D9F800200490CDF800
:103C700016200DEB0100B9F804200793ADF81A20C7
:103C8000FDF761FA04AB04F10F0116F8010F13F808
:103C9000012B8E4282EA00023270F6D12246214682
:103CA0004046FFF736FF05460028D1D110212046B7
:103CB000FDF749FACDE770B5C2B00D46164601468C
:103CC00016AA68461C4603F0FAFD50B13246294652
:103CD000684603F01FFE20B16946204603F086FEC9
:103CE00010B9112042B070BD0020FBE72DE9F04172
:103CF00096B00D4620211F46144680461C9EFDF7B7
:103D000022FA20212846FDF71EFA20461021FDF751
:103D10001AFA2022414605A802F080F820222946FE
:103D20000DA802F07BF82146102201A88DF85470EE
:103D300002F074F83346412205A901A8FFF7BBFF42
:103D4000044658B91021304602F057F81021304689
:103D5000FDF7F9F9204616B0BDE8F0811124F9E726
:103D60002DE9F04F9BB03D4CDDE927989A460CAB0E
:103D700007460E46154604F1300C9B4620686168E4
:103D80001A4603C2083464451346F7D12068106010
:103D900022791A7120213846FDF7D5F910213046D5
:103DA000FDF7D1F910212846FDF7CDF9202239463B
:103DB00004A802F033F82A486B46202204A9FFF732
:103DC0007AFF20B1112420461BB0BDE8F08F1021EE
:103DD0006846FDF7B8F9102231460DF1350002F0C2
:103DE0001DF8102229460DF1450002F017F824991C
:103DF0008DF855A006220DF1560002F00FF89DF83F
:103E0000943026998DF85C3006220DF15D0002F0A9
:103E100005F84B46352259466846FFF74CFF002807
:103E2000D0D110214846FDF78EF91021484601F007
:103E3000E4FF01238DF83030352243465946684669
:103E4000FFF739FF04460028BCD140461021FDF79A
:103E50007AF91021404601F0D0FFB4E768C60400AB
:103E6000BDC604002DE9F04F97B0884610211E46CC
:103E70001746DDE92449229DDDF880B08246FDF732
:103E800062F910214046FDF75EF910213846FDF732
:103E90005AF910213046FDF756F903215846FDF72F
:103EA00052F9012121A8FDF74EF906212846FDF718
:103EB0004AF9012123A8FDF746F920460621FDF71E
:103EC00042F91022414605A801F0A8FF1022394608
:103ED00009A801F0A3FF102231460DA801F09EFFB2
:103EE0000322594611A801F099FF9DF884302868F3
:103EF0008DF847301290AB88ADF84C300622294639
:103F000012A801F08BFF9DF88C308DF84E3023689D
:103F1000CDF84F302146A388ADF8533006220DF17D
:103F20004F0001F07BFF1022514601A801F076FFFF
:103F30004B46412205A901A8FFF7BDFE044658B92A
:103F400010214846FDF7FFF81021484601F055FFC3
:103F5000204617B0BDE8F08F1124F9E7F0B50E4602
:103F600099B020211D4614460746FDF7ECF82021A4
:103F70003046FDF7E8F820461021FDF7E4F810215F
:103F80002846FDF7E0F82022394604A801F046FF54
:103F9000202231460CA801F041FF1022294614A826
:103FA00001F03CFF21461022684601F037FF6B46C6
:103FB000502204A96846FFF77EFE044680B910210E
:103FC0006846FDF7C0F803A801F014FF054BB0FBED
:103FD000F3F202FB13031E9A1360204619B0F0BDE2
:103FE0001124FAE740420F0070B5A0B00E46154606
:103FF0000146202210A81C4601F010FF2022314665
:1040000018A801F00BFF202229460DEB020001F059
:1040100005FF04F00BFA014610A804F026FC002866
:1040200002DA112020B070BD04F000FA6A4603469F
:1040300008A910A804F084FC0028F2D02046202211
:10404000694601F0EBFE0020ECE7000070B5144E6D
:1040500090B005460C4604F0E9F921460246684650
:1040600004F026FC012818D120223146204615F004
:1040700079F90028EFD020226946284601F0CEFECB
:1040800020220DEB0201A81801F0C8FE20462021D5
:1040900001F0B3FE002010B070BD1120FBE700BF9F
:1040A0009DC60400014803F08DBD00BF053B030021
:1040B000F8B5164607460D46FDF75EF80446306033
:1040C00040B1691C89B202F075FA044620B9306823
:1040D00002F03EF82046F8BD04F8017BFAE737B558
:1040E0000D466B4601AA0621FDF797F8044640B934
:1040F000DDE900102A46FDF779FC0446204603B0AE
:1041000030BD284602F024F8F8E7000010B5837CA3
:10411000012B0AD1437E012B07D10B7002230373BD
:10412000037A43F00803037209E0C37C5A0708D4FA
:10413000837E5B0705D400230B70002303730020EC
:1041400010BD447C042CF6D8027E042AF3D8037AEE
:1041500013F0010F4FEA8203134414BF084A094ABF
:1041600013441B5D0B700B78032B06D8012B02D870
:10417000002BD3D1E1E70123D1E70320E0E700BF23
:10418000CDC60400E6C604002DE9F0418CB004461B
:104190000E4607AA10210320FFF78AFF054688B3C1
:1041A0000DF120080AAF0DF11B0342460DF11A0173
:1041B00020460097FEF7F0FA2046FEF78FFE9DF8A6
:1041C0001B3001939DF81A300093CDE90375014629
:1041D000CDF8088004F1170304F1100204F11E0069
:1041E000FFF7E1FC054670B907996089FFF777FF93
:1041F000054640B9237ADB0701D4022363730CB070
:10420000BDE8F0810625079808B101F0A1FF337DD4
:10421000356043F00203337508233371EFE773B55C
:1042200006460C4601AA10210420FFF741FF05466F
:1042300048B906232360237D43F002032375082336
:10424000237102B070BD3046FEF748FE00F1100346
:1042500050F8042B45F8042B9842F9D10199708944
:10426000FFF73DFF08B12060E5E7337ADB075CBF6D
:1042700003237373E5E72DE9F04395B00DF12009B1
:104280000AAF05460DF11F034A460C4600970DF193
:104290001E01FEF781FA2846FEF788FE9DF81F30C2
:1042A000019305F11E069DF81E3000930DF13008B4
:1042B0000146CDE90378CDF8089005F1170305F123
:1042C00010023046FFF76FFC10B1206008230AE0AF
:1042D0001022414605F12E0015F044F858B140F285
:1042E0000443236004232371237D43F002032375D9
:1042F00015B0BDE8F083304610AB05F13E0205F184
:104300004E01FFF729FC0646A0B9EF7B05F15E03DD
:1043100018463A4610A915F033F8C7F11002314695
:10432000384415F055F82B7ADB0705D4237D43F08C
:104330000103DCE72060C9E705236B73F6E70000A3
:1043400013B502460C46137A00F58970DB0704F1B9
:104350000C0348BF014600934CBF0848074902F1CF
:104360004E033E32FFF7FAFD206028B10823237187
:10437000237D43F00203237502B010BD8545002064
:1043800008B5027B012A03460AD190F810111329BF
:1043900006D84273FEF7A2FDBDE80840FEF7F9B962
:1043A0000A225A73002008BD30B589B014460D4664
:1043B000FBF790FF01A9FBF7ABFFDDF81200BDF89A
:1043C00016209DF818302860AA80AB71DDF819001E
:1043D000BDF81D209DF81F302060A280A37109B098
:1043E00030BD000010B50A4C237833B909490A489A
:1043F000FFF72CFE50B90123237007484021FCF73A
:10440000A2FE04482021FCF79EFE002010BD00BF44
:1044100064450020654500208545002010B5837C5B
:10442000012B02D0437E012B08D105230B70022300
:104430000373037A43F00803037209E0C37C5A074D
:1044400008D4837E5B0705D400230B70002303731D
:10445000002010BD447C042CF6D8027E042AF3D838
:10446000037A13F0010F4FEA8203134414BF0E4A7C
:104470000E4A13441B5D0B700B78052B12D801A25A
:1044800052F823F04D440300A54403009D4403006B
:104490009D440300A14403002F4403000123C7E708
:1044A0000323C5E70320D4E7FFC6040018C70400B0
:1044B00070B5D0F8882186B005460C4602B300F5E9
:1044C000897102AE009600230846FFF70FFC50B139
:1044D000082323714FF481632360237D43F002039B
:1044E000237506B070BDD5F88811102211443046EE
:1044F00014F038FF20B10423237140F20443EBE7AA
:104500002B7A13F0050FECD0237D43F00103E7E78E
:104510007FB5037B012B05460C4619D00CD9023B15
:10452000012B09D911232360237D43F00203237556
:104530000823237104B070BD002385F8113103AA4C
:1045400010210320FFF7B4FD064690B90623EAE7E1
:1045500090F8102100EBD20302F007019B7F0B4182
:1045600003F001038033013280F8113180F810210B
:10457000E5E72846FEF7B2FC0096024695F81131B1
:104580000C4805F58971FFF7B1FB064620B1039889
:1045900001F0DEFD2660C7E703996889FFF79FFDFC
:1045A00008B12060C0E72B7ADB075CBF02236B7386
:1045B000C0E700BF8545002073B505460C4601AA3B
:1045C00010210420FFF774FD064638B9237D43F01F
:1045D000020323750823237102B070BD2846FEF73D
:1045E0007DFC00F1100350F8042B46F8042B984290
:1045F000F9D101996889FFF772FD08B12060E5E7FC
:104600002B7ADA07E8D42846FFF7BAFE0028F5D15E
:104610000DF103012846FFF701FF9DF80300FEF7A7
:1046200077FB6B7B9842D7D12B7A9B07D4D49DF82C
:104630000330237221462846FFF782FECCE70000B4
:104640002DE9F041037B022B90B004460D462ED09D
:10465000027AD60702D453B3032B28D0102104F1D9
:104660001E00FCF770FD2046FEF7A0FC0CAE0246D3
:1046700094F811315449009604F58970FFF736FB20
:1046800010B1286008230AE01022314604F12E0000
:1046900014F068FE58B140F204432B6004232B71E0
:1046A0002B7D43F002032B7510B0BDE8F0810DF1B6
:1046B00020080AAF0DF11F0342460DF11E012046EE
:1046C0000097FEF769F804F5A973CDE902739DF828
:1046D0001F3004F15E06CDE9008304F13E019DF830
:1046E0001E30049604F14E0204F5B170FFF738FB5A
:1046F000014608B12860C5E7E07BC0F110023044F4
:1047000014F066FE334604F18A0204F16E0153F898
:10471000040B42F8040B8B42F9D100230022A4F8C9
:1047200078300023C4E9202394F87030E27B84F8C9
:10473000892023F0030343F0030384F8703006F16B
:10474000100104F1DA0356F8040B43F8040B8E420F
:10475000F9D10023A4F8C83094F8C03084F8D920E7
:1047600023F0030343F0030384F8C030237A0020CE
:104770000021C4E93401D8071DD52046FFF700FE0B
:104780000DF11D012046FFF749FE9DF81D00FEF7C3
:10479000BFFA637B98420AD1237A990707D49DF820
:1047A0001D302B7229462046FFF7CAFD7CE72B7D82
:1047B00043F0010377E7227B022AF8D19A07F6D467
:1047C00043F0040323726FE78545002073B50C4660
:1047D0000546FFF707FE206038B1237D43F0020352
:1047E00023750823237102B070BD01AA40210C205B
:1047F000FFF75EFC10B906232360EEE71F4B02466D
:1048000003F1200153F8046B42F8046B8B42F9D199
:104810001B4B203003F1200253F8041B40F8041B0B
:104820009342F9D101996889FFF759FC206000286B
:10483000D3D12B7ADB07D6D42B7B022B18BF0123D5
:104840006B730DF103012846FFF7E8FD9DF80300A7
:10485000FEF75EFA6B7B984204BF9DF8033023722B
:104860002846FEF75FFA0028BDD02B7B0BB1032B47
:10487000B9D1237D43F001032375B4E785450020BA
:10488000A5450020F7B50E460746402130461446A0
:10489000FCF78CFC206028B1237D43F002032375D4
:1048A00003B0F0BDFFF79EFD0546206030B1237DCB
:1048B00043F00203237508232371F1E7336833497A
:1048C0001E682022304614F04DFD28B9237D43F0A8
:1048D000020323750323EFE7FBF760FA2B464FF043
:1048E000FF3209213846FDF78DFF054650B90523F3
:1048F000236008232371237D43F010032375FBF706
:104900004FFACDE700F589703346024606F14001C3
:1049100053F8046B42F8046B8B42F9D11C4A05F53D
:10492000B17305F59971FFF75FFB40B140F20B439E
:1049300023600B232371237D43F00203DEE72B7AF0
:1049400013F001021DD02B7B022B18BF13466B7393
:104950000DF107012846FFF761FD9DF80700FEF7FE
:10496000D7F96B7B984204BF9DF807302372284625
:10497000FEF7D8F90028C2D02B7B002BBFD0032B29
:10498000BDD0237D43F00103B8E700BF854500207B
:1049900065450020F0B5037ADA07037B4CBF00F1D0
:1049A000110700F11807022B8FB004460E460DD1F7
:1049B000D0F888111E3000293FD00B4601F11002BB
:1049C00053F8041B40F8041B9342F9D160890CAAE8
:1049D0000AA9FFF7E9FC09AA10210D20FFF768FBDF
:1049E000054600283BD02046FEF778FA079020467F
:1049F000FEF7DCFA0DF1310304939DF83030039398
:104A00000DF1290302939DF828300595CDE9007337
:104A10000246079904F11E0304F5A970FFF722FA74
:104A2000054670B1099801F093FB337D356043F082
:104A300002033375082333710FE0102214F0C8FC11
:104A4000C4E709996089FFF74AFB05460028ECD1C5
:104A5000237ADB0701D4032363730FB0F0BD06256F
:104A6000E3E72DE9F0430E4693B08046102130462F
:104A70001546FCF79BFB0446286040B12B7D43F0B4
:104A800002032B7508232B7113B0BDE8F083336844
:104A90001F68FBF783F923464FF0FF320A21404697
:104AA000FDF7B0FE044640B905232B602B7D43F093
:104AB00010032B75FBF774F9E6E7027A037BD20744
:104AC00000F11E0641D5022B00F118090DD1417EDF
:104AD00000294CD0D0F88431324603F1100153F84C
:104AE000040B42F8040B8B42F9D10CAA60890AA985
:104AF000FFF75AFC10213046FCF725FB2046FEF755
:104B000055FA07902046FEF7E9F90DF129030493C1
:104B10009DF8283003930DF1310302939DF8303056
:104B200007990DF13808CDE900930246CDF81480BD
:104B3000334604F5A970FFF795F92860E0B1082322
:104B40002B712B7D43F00203B3E7022B00F1110917
:104B5000CBD1817C59B1D0F88431324603F11001B8
:104B600053F8040B42F8040B8B42F9D1BDE7102235
:104B7000304614F02DFCB8E710224146384614F0B8
:104B8000F1FB28B10B232B7140F20B432B60D8E7CC
:104B90000DF127012046FFF741FC9DF82700FEF7A5
:104BA000B7F8637B984202BF237A43F00403237271
:104BB0002046FEF7B7F800283FF47CAF237ADB07E6
:104BC00044BF052363732B7D43F0010371E7817CB0
:104BD000437E007A10F0010F07D0012914BF002096
:104BE0000120831A584258417047012BF6E7000014
:104BF00008B5FFF757FA024B00221A7008BD00BF34
:104C000064450020034A936A0BB1D16A1847082013
:104C1000704700BF403500201FB5CDE9021001925A
:104C2000FBF7BCF8074BDB694BB1DDE901210398C9
:104C300098470446FBF7B4F8204604B010BD08249A
:104C4000F8E700BF4035002013B5CDE90010FBF7B1
:104C5000A5F8074B5B6A43B1DDE9001098470446AD
:104C6000FBF79EF8204602B010BD0824F8E700BF0D
:104C7000403500201FB50123CDE9013001A8039183
:104C8000FFF7C0FF05B05DF804FB0000F8B50E4F5C
:104C90003A6A05460E46A2B1FBF780F83B6A3146F8
:104CA000284698470446FBF77BF844B11B2C06D1F5
:104CB00031462846FFF7DEFF04460028ECD02046A8
:104CC000F8BD0824FBE700BF403500201FB50223D4
:104CD000CDE9013001A8ADF80C10FFF793FF05B046
:104CE0005DF804FB0A4601460120FFF795BF014627
:104CF0000120FFF7CBBF01460220FFF7A5BF0A4600
:104D000001460220FFF788BF73B501460546022021
:104D1000FFF7BCFF0446C0B92E780090CDF8030021
:104D200036B906220DF10101681C14F01BFB60B1BD
:104D300095F83930DB0708D505F129023146681CA2
:104D4000FCF792FB002818BF0446204602B070BD55
:104D50000A4601460320FFF75FBF01460320FFF725
:104D600095BF01460320FFF76FBF0A4601460820A2
:104D7000FFF752BF01460820FFF788BF0146082011
:104D8000FFF762BF03468A790868186088889A71BD
:104D90000A891A81002298809A72704703468A799C
:104DA0000868186088889A7100229880DA717047C4
:104DB0000A4601460720FFF72FBF01460720FFF7ED
:104DC00065BF0B6803608B8883808B7983710023B8
:104DD000C371704701460620FFF758BF0B68036098
:104DE0008B8883808B7983710023C37170470B6834
:104DF00003608B8883808B7983710023C371704734
:104E00002DE9F04300239BB09046421ECDE90233CA
:104E100006460F46072A1FD8DFE802F01818041EBE
:104E20001E18181801930DF10E05CDF807304FF03C
:104E3000000904AA01A9304685F80090FFF7ECFEAE
:104E4000044670B1052808BF002406E001930DF167
:104E50000B05CDF80730EAE7032420461BB0BDE878
:104E6000F0832FB1424604A93046B8470028F4D158
:104E700009F10109DDE7000070B50E4B86B0002492
:104E8000CDE9034418689B880190ADF8083005947B
:104E900001AD15F8016B03A93046FFF7D5FE0028D8
:104EA000F9D0052803D10134062CF2D1002006B038
:104EB00070BD00BF31C704001368013313600020C8
:104EC00070472DE9F04155680E461446002701F160
:104ED0000108BD4207DCA3689D4215DB0623E360A1
:104EE0000120BDE8F081C7EBC7032268D018D25C6F
:104EF00033789A4206D106224146013014F032FA44
:104F00000028EED00137E4E721683068C5EBC50220
:104F10008B1888500135B188B2799A719980002038
:104F20006560DEE71FB50023CDE901320C46009035
:104F3000054903936A460120FFF762FF08B9019B08
:104F4000236004B010BD00BFC34E030038B5044653
:104F50000D4629462046FFF777FE0028F9D00528A0
:104F600008BF002038BD1FB5044600230068A28892
:104F7000CDF80B308DF80F300190A379ADF80820F3
:104F800001A901208DF80A30FFF7E0FF002836D193
:104F900001A90220FFF7DAFF88BBCDF80B008DF8DE
:104FA0000F002068A288A379019001A90320ADF821
:104FB00008208DF80A30FFF7C9FF00BBCDF80B00C1
:104FC0008DF80F002068A288A379019001A906201E
:104FD000ADF808208DF80A30FFF7B8FF78B9CDF8A2
:104FE0000B008DF80F002068A288A379019001A919
:104FF0000820ADF808208DF80A30FFF7A7FF04B0AD
:1050000010BD000000230A460B600149FFF7F8BEFF
:10501000B94E03000368012B04D0022B14BF1120EA
:10502000002070474368013B072B0AD8DFE803F0F4
:105030000404060909040906F7F7B6BE8068F7F705
:10504000CABE11207047042A10B5044608460AD08B
:10505000102A0ED0022A18D11023237000F0BFFEB0
:105060006080002010BD2023237000F0BDFE606032
:10507000F7E7802304F8013B01F1100350F8042BFB
:1050800044F8042B9842F9D1EBE70320EAE70378D0
:105090000A78934201D0981A7047202B07D0802BB2
:1050A00008D0102B0BD140884B88C01A704740683D
:1050B0004B68FAE710220131013014F053B94FF078
:1050C000FF3070470378102B0CBF408800207047DA
:1050D000022A10B5044607D110230370084600F0D9
:1050E0007EFE6080002010BD102A0BD1802304F8C2
:1050F000013B01F1100351F8042B44F8042B9942B1
:10510000F9D1EFE70320EEE710B586B00446084674
:1051100011461A4602AB019201F0B2F820B9019A89
:1051200002A92046FFF7D4FF06B010BD38B50346EC
:1051300008461A78202A08D0802A14D0102A1BD1B9
:10514000598800F031FE002038BD0C4A02F11004ED
:1051500052F8045B41F8045BA242F9D159680C3063
:1051600000F026FEEFE75A1C113352F8041B40F8FA
:10517000041B9A42F9D1E6E70320E5E770350020E9
:105180000078C008704700890B89C01A704790F8F2
:105190002830D90710B5044603D510211830FBF785
:1051A000D2FF94F83930DA0704D5102104F1290030
:1051B000FBF7C9FF94F84A30DB0706D504F13A0043
:1051C0001021BDE81040FBF7BEBF10BD10B51C6834
:1051D000013C94421C6007DD01FB0200A21AD2B21E
:1051E0004A43014414F0DAF8002010BD10B404461C
:1051F00003780878181A06D1601C06225DF8044B63
:10520000013114F0AFB85DF8044B70472DE9F3415C
:1052100000230F466946064600931546CDF8033035
:10522000FFF7E4FFF47938B9AC4201DB4FF0FF340B
:10523000204602B0BDE8F081002CF7D14FF05808AD
:1052400007E0314608FB0470FFF7D0FF0028EFD0DD
:105250000134AC42F5DBE9E770B5144612680D463F
:10526000FFF7D4FF431C024606D0234628465821A8
:10527000BDE87040FFF7AABF052070BD08B5054A1C
:105280000549FFF7E9FF18B9BDE8084000F0BEBBCB
:1052900008BD00BFCC8400204883002008B5054A23
:1052A0000549FFF7D9FF18B9BDE8084000F0A2BBD7
:1052B00008BD00BF00850020108500202DE9F743C0
:1052C0000024154EDFF8549005462746A046D9F82D
:1052D0000030A34205DC4FF0FF34204603B0BDE8A8
:1052E000F08369462846CDF80080CDF80380FFF7AB
:1052F0007DFF20B129463046FFF778FF40B92B8962
:1053000013B132899A4203D1AB7ABB42E5DD013752
:1053100001341036DBE700BFD08400200885002070
:10532000104B2DE9F0410024D3F800800E4E0546C5
:105330002746A04504DC4FF0FF342046BDE8F0814D
:1053400029463046FFF752FF20B12946F01DFFF7EE
:105350004DFF18B9EB79BB42EFDD013701340E3652
:10536000E7E700BF54840020588400202DE9F3476C
:105370000024DFF84C80DFF84CA00546264627467F
:105380004FF01709D8F80030A34205DC4FF0FF3486
:10539000204602B0BDE8F087694628460097CDF860
:1053A0000370FFF723FF28B1294609FB04A0FFF78C
:1053B0001DFF18B9EB79B342EADD01360134E1E7AC
:1053C0000C8500208484002013B5002369460093D7
:1053D0000446CDF80330FFF709FF30B10621601C09
:1053E00002B0BDE81040FBF7AEBE02B010BD000039
:1053F000F7B500230D46694606460093CDF8033005
:10540000FFF7F4FEF47930B9AC4201DB4FF0FF3422
:10541000204603B0F0BD002CF8D1064F07E031461E
:1054200007EBC400FFF7E2FE0028F1D00134A542EB
:10543000F5DCEBE7188600200346013B10B5084673
:10544000072B4BD8DFE803F008040C4A4A2C3B1B1F
:10545000BDE81040FFF712BFBDE81040FFF71EBFC8
:10546000FFF72CFF441C02463AD01E4B1E48102169
:10547000FFF7ACFE98BBBDE8104000F0D3BA1B4C60
:105480002168FFF7B5FF0246501C29D01848234673
:105490000821FFF79BFE10BBBDE8104000F0DEBA0C
:1054A000FFF73EFF411C02461AD0124B12480E2154
:1054B000FFF78CFE98B9BDE8104000F0EBBAFFF79B
:1054C00055FF431C02460BD00C4B0D481721FFF72C
:1054D0007DFE20B9BDE8104000F0F8BA082010BDEC
:1054E0000520FCE708850020D0840020508400209F
:1054F0001886002054840020588400200C85002049
:10550000848400200346013B37B508461446072B28
:1055100064D8DFE803F013042163633B4E2C019150
:105520002F4DFFF751FF2F4B1A6801982946FFF7BF
:105530006DFE431C08D1052003B030BD01912A4DFA
:10554000FFF742FF294BEFE7582202FB00512046AC
:1055500013F016FF0020EFE7FFF7B0FE451CEAD07E
:10556000234B03EB00100FC884E80F00F2E7214B38
:105570001968FFF73DFF411CDDD01F4B03EBC00254
:1055800053F83030236053686360E3E7FFF7C8FEE9
:10559000421CD0D0194B0E2202FB003000F10C034C
:1055A00050F8042B44F8042B9842F9D10388238047
:1055B000D0E7FFF7DBFE431CBDD0114B172202FBE7
:1055C000003000F1140350F8042B44F8042B9842E7
:1055D000F9D1038823808378A370BBE70820ABE769
:1055E00048830020CC840020108500200085002006
:1055F000D084002050840020188600205884002089
:105600008484002070B51D4B1D4900241C801D4B57
:105610001E685825D8B005FB06F20DEB050013F007
:10562000AFFE194B2A4631460DEB050013F011FF72
:10563000A64206DC00245825A6420FDC002058B004
:1056400070BD16AB684605FB0431FFF7A7FB684643
:10565000FFF724FE0028F2D10134E9E758220DEBD0
:10566000020305FB0431684613F08AFE684600F029
:105670000DF80028E3D10134DEE700BF828400206A
:1056800010850020008500208751030073B5044673
:10569000174EFFF77CFD21466846FFF77FFB356814
:1056A00014492A466846FFF7B1FD431C04D1022D78
:1056B0001CDC6B1C336028460E4B582202FB003367
:1056C00021460D4C184613F05BFE2288013292B23F
:1056D0000281228000F08EF930B922884FF6FA73E9
:1056E0009A4201D9FFF78EFF02B070BD1B20FBE785
:1056F00000850020108500208284002070B51D4B9D
:105700001D4900241C801D4B1E685825D8B005FB80
:1057100006F20DEB050013F033FE194B2A46314615
:105720000DEB050013F095FEA64206DC002458257B
:10573000A6420FDC002058B070BD16AB684605FBD2
:105740000431FFF72BFB6846FFF798FD0028F2D1E4
:105750000134E9E758220DEB020305FB04316846EA
:1057600013F00EFE684600F00DF80028E3D1013476
:10577000DEE700BF0485002048830020CC840020A1
:105780008751030073B50446174EFFF700FD21460D
:105790006846FFF703FB356814492A466846FFF759
:1057A00035FD431C04D1022D1CDC6B1C33602846E4
:1057B0000E4B582202FB003321460D4C184613F0C5
:1057C000DFFD2288013292B20281228000F01EF9B0
:1057D00030B922884FF6FA739A4201D9FFF78EFF4B
:1057E00002B070BD1B20FBE7CC8400204883002062
:1057F000048500207FB501380C46072800F284801C
:10580000DFE800F009040D8282405F250846FFF7BB
:10581000B9FF04B070BD0846FFF738FFF9E701A8EB
:10582000FFF7B0FA01A8FFF749FD451C05D1374B3A
:105830001868022866DC421C1A60354D05EB00151D
:1058400094E80F0085E80F0000F0ECF8E1E7314E36
:1058500001A8FFF7CCFA356801A82946FFF7C8FD73
:10586000411C04D1022D4DDC6B1C336028462A4AB2
:10587000236842F8303002EBC00163684B6000F0EF
:10588000EDF8C6E701A8FFF7A9FA01A8FFF748FD60
:10589000421C05D1214B1868022833DC421C1A60D7
:1058A0001F4B0E2202FB003004F10C0354F8042BB2
:1058B00040F8042B9C42F9D12388038000F0EAF8D9
:1058C000A7E701A8FFF77DFA01A8FFF74FFD431CEA
:1058D00005D1144B1868002814DC421C1A60124BC6
:1058E000172202FB003004F1140354F8042B40F893
:1058F000042B9C42F9D123880380A378837000F0A5
:10590000E5F886E71B2084E7082082E70885002069
:10591000D084002050840020188600205484002069
:10592000588400200C850020848400200A4B0B4AF8
:10593000DA610B4A1A620B4A5A620B4A002313605F
:105940000A4A13600A4A13600A4A13600A4A13603B
:105950000A4A136000F0D6B8403500200555030010
:10596000F55703003954030000850020CC84002043
:105970000885002050840020548400200C850020DD
:1059800038B515461C460DF04BFE0028B1BF02206D
:1059900090FBF5F02060002038BD000010B51446E3
:1059A0001A46029B6143994205DD054B054A0648AC
:1059B000592110F0DBFFBDE8104001230DF04EBD72
:1059C00038C70400BAC704004BC7040010B5DEB0E6
:1059D00040F2691304460093084603AB5821FFF7D1
:1059E000DDFF03A920460BF0CDFA002818BF1C20CC
:1059F0005EB010BD024B03491A680348FFF7E6BFCB
:105A000000850020108500206F736563024B0349F9
:105A10001A680348FFF7DABFCC84002048830020CF
:105A20007073656300B597B04923094A0093126803
:105A3000084803AB1021FFF7B1FF03A906480BF09C
:105A4000A1FA002818BF1C2017B05DF804FB00BFA6
:105A500008850020D08400206363636400B58DB0A6
:105A60002523094A00931268084802AB0821FFF772
:105A700095FF02A906480BF085FA002818BF1C20E4
:105A80000DB05DF804FB00BF508400201886002094
:105A90006373666300B593B03D23094A00931268AF
:105AA000084802AB0E21FFF779FF02A906480BF068
:105AB00069FA002818BF1C2013B05DF804FB00BF72
:105AC00054840020588400207270617200B59DB02B
:105AD0006123094A00931268084803AB1721FFF7B6
:105AE0005DFF03A906480BF04DFA002818BF1C20E3
:105AF0001DB05DF804FB00BF0C85002084840020ED
:105B00006F69726B07B500232A48019301A90BF056
:105B10005DFA00282DD1284B284901985822FFF71B
:105B20002FFF40BB264801A90BF050FA08BB254BBC
:105B3000254901985822FFF723FFE0B9234801A91E
:105B40000BF044FAD0B1224801A90BF03FFAF0B1B2
:105B5000204801A90BF03AFA10B31F4801A90BF035
:105B600035FA40B91D4B1E4901981722FFF708FF6F
:105B700001E0FFF781F903B05DF804FB194B1A4906
:105B800001981022FFF7FCFE0028DCD0F3E7174B4A
:105B9000174901980822FFF7F3FE0028D8D0EAE75A
:105BA000144B154901980E22FFF7EAFE0028D4D0C5
:105BB000E1E700BF6F73656300850020108500205A
:105BC00070736563CC840020488300206363636442
:105BD00063736663727061726F69726B0C8500200B
:105BE0008484002008850020D08400205084002078
:105BF0001886002054840020588400207FB500229D
:105C000011460120FBF75CFAF0B106230022009355
:105C1000114602AB4FF60140FAF7A4FC70B901231C
:105C200002988DF81030BDF80C30CDF81100ADF8A9
:105C300015300DF11100FBF7C3F905E004A90020B0
:105C4000FBF7AAF90028F4D007B05DF804FB08B50B
:105C5000024650B1FFF7D2FF15280FD10022BDE850
:105C6000084011461046FBF72BBA0146FBF728FA0D
:105C7000152803D1BDE80840FFF7C0BF08BD0000EC
:105C8000014800F010BE00BFC845002008B520B193
:105C9000BDE80840044800F006BE044800F003FEDA
:105CA0000028F5D008BD00BF94470020E84600203A
:105CB00007B501460190114800F0DCFD019928B1BB
:105CC0000E4803B05DF804EB00F014BE0C480191DF
:105CD00000F0D0FD019908B10948F2E709480191A7
:105CE00000F0C8FD10B101990648EAE7064B074AE3
:105CF00007484FF4917110F039FE00BFC8450020ED
:105D0000E8460020944700209AA3040070C80400CD
:105D1000D9C7040007B5184B00931848184B4FF427
:105D20008172012100F07AFD30B1164B164A4FF412
:105D3000E471164810F01AFE154B00931548164BE7
:105D40004622022100F06AFD20B10E4B0E4A4FF4AC
:105D5000E671EEE7114B00931148124B46220821E1
:105D600000F05CFD20B1074B074A4FF4E871E0E713
:105D700003B05DF804FB00BF34C80400C845002030
:105D8000E445002001A4040083C80400D9C704002E
:105D900047C80400E8460020044700205AC8040011
:105DA00094470020B04700200170090A41707047F5
:105DB0000B0A017043700B0C090E8370C1707047A1
:105DC000110A02704170110C120EC2701A0A03718E
:105DD00042711A0C1B0E81708271C3717047427838
:105DE000007840EA02207047006870470346006868
:105DF00059687047006800BA704730B5421E0023EA
:105E000008440139CC1AA34200DB30BD12F8014F1F
:105E100010F8015D157001330470F3E710B51044FC
:105E20000023934200DB10BDCC5C00F8014D013330
:105E3000F7E7F7B5089F0C469DB2099B00931646FD
:105E400003463A462946204600F0E8FC40B92B4676
:105E5000BAB22146304603B0BDE8F04000F0FEB8CB
:105E600003B0F0BD70B504680E461946238AB342EC
:105E7000054603D800230360204670BD3046904796
:105E8000044670B129683346002200F0D2F940B9C7
:105E90002868314600F01AFA286800F01BFC2860D8
:105EA000EAE7204600F054F90024E5E7042108B5AC
:105EB000002208460DF0DEFD0A4B186000F034FDAC
:105EC00000F03AFDFFF726FFFAF7F6F8002105206B
:105ED0000AF056FD4FF4004000F018F8BDE8084005
:105EE00003F08AB8F049002010B5044C4FF0FF31A0
:105EF000204600F0BBFD43689847F7E7F0490020D3
:105F000000487047F049002002F01ABF0146052002
:105F10000AF062BD10B5134628B9094B094A53214E
:105F2000094810F023FD19B9084B064A5421F7E738
:105F30000A46BDE81040014605200AF0EDBD00BF4D
:105F400096C8040009C90400A4C80400FEC80400DF
:105F50000AF0F4BD0AF02BBE05200AF0BBBD00001C
:105F6000024BA0FB03010846704700BFD07B6308CB
:105F700043F60953C0F30802400A5A43584300EB62
:105F8000522070474379072B00F1100298BF00237D
:105F900000681344C01A80B270478268128800F10A
:105FA00010031344C28800681044181A80B2704766
:105FB000074B10B519680246084618B909B1586868
:105FC000083810BD04889442FBD28068F5E700BF12
:105FD0008035002038B5C38804460D4633B10A4BDE
:105FE0000A4A0B4840F2811110F0C0FC00F1100386
:105FF0004A791846103113F0C3F96A796271034681
:106000001344236038BD00BF1FC904008BC90400BE
:1060100034C9040030B50C4B1A682AB982605A683A
:106020001060083058600CE0058814889168A5421B
:1060300001D80A46F1E7816011B900F10801596001
:106040009060002030BD00BF80350020024B002250
:10605000C3E90023704700BF80350020103A02805A
:1060600041600020704738B503888B4204460D46D6
:106070000CD3406800F017FC38B100F11001002388
:106080000D44C36043600560846038BD0020FCE7B8
:1060900007B50191FFF78CFF019980B90B490B7887
:1060A0000133DBB26420B3FBF0F200FB123212F0DA
:1060B000FF0209D00B70002003B05DF804FB03B0B1
:1060C0005DF804EBFFF7CFBF0A70F4E7F449002056
:1060D00038B5038801F10805AB420DD3FF2D0BD86D
:1060E0000021FFF7C0FF30B1016845710023C0E90E
:1060F00004332944016038BD0020FCE7083008441F
:1061000010B580B20C46FFF753FF70B90A490B78FF
:106110000133DBB26420B3FBF0F200FB123212F069
:10612000FF0207D00B70002010BDE1B2BDE81040A7
:10613000FFF7CEBF0A70F6E7F449002008B5836880
:1061400001461BB1586800F0D5FB08BD1846FCE7B6
:1061500010B500B910BDC468FFF7F0FF0028F9D1F1
:106160002046F6E7002308B918467047C288C06881
:1061700013449BB2F7E72DE9F0470F461546064654
:10618000002846D0D0F8088003469946DB68002BEB
:10619000FBD148462C46FFF700FF98B1A842A8BFA4
:1061A00028460446D9F80030B9F806002246394698
:1061B000184413F0E5F8B9F8063023442744A9F849
:1061C00006302C1B002C05DD00214046FFF74BFF5D
:1061D000824638B97379072B16D8201E18BF0120C4
:1061E000BDE8F087B8F80020A242A8BF2246C280CE
:1061F0003946006813F0C4F8BAF80630C9F80CA0A4
:106200001F44E41AD146DDE7328A15442D1B35823E
:10621000E3E70220E4E710B520B1C488C3688C42EC
:1062200001DD118010BD01D1002BFAD0091B1846E9
:10623000F2E7F7B50546084611460DF106021F467E
:10624000FFF7E9FF064617B9384603B0F0BDAEB117
:10625000BDF80630F2883168D21ABA42A8BF3A4671
:1062600094B2224619442846FFF785FF0028ECD156
:106270003B1BF668ADF806009FB2E4E70220E4E7B6
:1062800070B50446154652B9002070BD14B94FF0E0
:10629000FF30FAE7E2888A4203DCE468891A0029C1
:1062A000F4DC002DF0DD002CF1D0E6882068761AB1
:1062B000AE42A8BF2E4601443246184613F060F89D
:1062C0000346E468AD1B33440021EAE770B50028BB
:1062D00030D000291ADA4B4204460025E2882646CF
:1062E000E4681544002CF9D19A42447923DB9BB22F
:1062F000D21A072CF2801DD9028AD31A19E0E41AA7
:10630000D48014682344136000230CE002460B463B
:106310000025002B07DDD4889C42F0DCD580D268B4
:106320001B1B002AF5D14279072A03D9028A511A88
:106330000B44038270BD294421EAE171072C88BF18
:106340000182C3888B420446C06807DBE1800028D5
:10635000F0D0FFF7FDFE0023E360EBE7C91A002849
:10636000EFD1E7E72DE9F7431E1E904627DD0DF13B
:106370000602FFF750FF00250446A94624B96FF036
:10638000004003B0BDE8F083BDF80600E288731B4F
:10639000121A9A42A8BF1A4697B247B123683A46E2
:1063A00008EB0501184412F0DDFF0028E9D13D4457
:1063B000ADB2B54203D0E468ADF80690DEE7002048
:1063C000DFE72DE9F74314461E4601AA0023ADF886
:1063D0000430ADF80630BDF82880FFF71CFF0DF142
:1063E0000602054631462046FFF715FF0746B8F17D
:1063F000000F44D0BDF80430002295B90AB1ADF8C1
:106400000430BDF80660002337B1FA88B2420FD9D4
:106410000BB1ADF806607DB96FF0004003B0BDE888
:10642000F083E9889942E9D8ED6801220023E4E786
:10643000FF6801230026E7E7BDF80490EC8839687F
:106440002868A4EB0904A4B24445A2EB060228BFC5
:10645000444692B2944228BF1446224631444844EE
:1064600012F080FF0028D9D1A1442644A8EB0408EB
:10647000ADF80490ADF806601FFA88F8B7E740461B
:10648000CCE7F8B50E46044600272046FFF77AFD14
:10649000E28861792368B042A8BF304612FA80F2E0
:1064A0000729A3EB0003E28088BF228A236083B21E
:1064B00084BF9B182382361A0CD00729A0680BD9F9
:1064C0000839C9B2FFF704FE054648B92046FFF770
:1064D0003FFE2C462046F8BD0021FFF7C4FDF3E740
:1064E0006379072B03D92146FFF774FD67712846AE
:1064F000FFF753FD2B68EC60184428602C46C4E776
:106500002DE9F34791460DF10602074688461C46E1
:10651000FFF781FE054670B34FF0000ABDF8060094
:10652000EE88361AA642A8BF2646002E07DD2B6845
:1065300049463246184412F023FFB144A41B1CB94B
:10654000002002B0BDE8F087EB681BB1ADF806A0F3
:106550001D46E3E7A2B249462846FFF70CFE002895
:10656000EFD17B79072BEBD9398A44448C42B8BFF1
:106570000C463C82E5E74FF0FF30E2E710B50346FA
:106580001A46DB68002BFBD1D1604379072B06D973
:106590004A79038A072A05D90A8A13440382002309
:1065A0004B7110BD0A46D488D26823449BB2002A9E
:1065B000F9D1F3E7F8B587683B888B4205460C466E
:1065C00001D20020F8BD01460E46C9680029FBD162
:1065D0003046FFF7E2FCA04206D23846FFF743FD03
:1065E0000028EED0F0600646F38830681844234453
:1065F000F3806B79072B82BF298A64182C82E1E72C
:106600002DE9F8430D46C188A942044632D2FFF76E
:10661000C4FC0844A84230DBE36873B36D1A264615
:10662000ADB21C463046FFF7B8FC8046A146E7886D
:106630003368F088216845452A46A8BF42469742FC
:10664000A8BF17463A46184412F09AFEF388BAB229
:106650001344F380E3889B1AAD1A9BB2ADB2E3807A
:10666000A8EB0708DBB122683A442260002DDED196
:10667000F46034462046BDE8F883A0686279038858
:106680009B1A9D4216DC0021FFF7EDFC064688B1FF
:106690006379072BC6D92146FFF79CFCC2E7484621
:1066A000E468FFF74BFD002DE2D0002CBED1304650
:1066B000FFF744FD2046FFF74BFD0024DAE710B555
:1066C0000C46FFF7DEFE20B12146BDE81040FFF783
:1066D00097BF10BDC38870B5054613B12C46204640
:1066E00070BDC468002CF9D0E38883B12046FFF761
:1066F00049FC6A799042F1D3627105F1100104F10D
:10670000100012F03DFE2846FFF718FDE7E7E668A7
:10671000EE602046FFF712FD3446E3E72DE9F8432B
:106720008046F0B109B1FFF729FF44462046FFF744
:1067300029FC58B16279216804F11003072A88BF47
:106740009B181846E28812F029FE20602368B4F8EE
:106750000690E56820469944FFF71FFC07462FB3D3
:1067600015B94046BDE8F883EE882968BE4228BFC7
:106770003E46B6B23246484612F002FEE388334443
:10678000E380EA882B68BF1B3344921BB144BFB23D
:106790002B60EA80EB88002BE1D1EB68E3602846B0
:1067A000FFF7CCFCE568002DF4D1D8E7002DD8D058
:1067B0002C46BBE770B510B10AB113B919B103206B
:1067C00022E09D0726D19DF814408472049C02604B
:1067D000C0E90534C18001818180C36061B1940743
:1067E0001CBF22F0030204321D4601248C420CDB44
:1067F00001394A4300219950074A51680023036137
:10680000086010305060184670BDAE182E6001341C
:106810003546EBE70420F7E78835002013B5002460
:106820000194049C0094FFF7C5FF02B010BD30B581
:10683000F0B103688188C468C1809A0718BF23F04B
:1068400003030181446118BF04330A462046012A2C
:1068500008D84A1E002992B208BF002253430020E4
:10686000E05030BDC518013A056092B22846EEE707
:106870000320F6E703689A07C26880881CBF23F0EC
:10688000030304338A420CD803FB0020814208D260
:10689000891AB1FBF3F003FB1010B0FA80F0400945
:1068A00070470020704738B5044680B10CF030FFC7
:1068B000E38873B165692A686261013B22899BB2F2
:1068C0009A42E38000D923810CF02AFF2C4620460F
:1068D00038BD1D46F8E738B504460D460CF018FFE4
:1068E00063692B60E38865610133E3800CF018FF76
:1068F000002038BD10B40A46034680B179B1847ACD
:10690000E40706D5C46924B12346026A5DF8044B46
:1069100018475DF8044B11461846FFF7DCBF03200B
:106920005DF8044B70470000024B0022C3E90023CE
:10693000704700BF8835002007B5FFF787FB0E4B77
:1069400001934FF4927300930C4A0D490D480C23A8
:10695000FFF76FFA28B10C4B0C4A92210C4810F04B
:1069600005F80648FFF756FB18B1074B074A952173
:10697000F4E703B05DF804FB9FC90400A8570020AA
:10698000B4570020F849002001A4040002CA040002
:10699000A6C904001FB5104B0293104B01930423AA
:1069A000044600930E490F48002364220DF094FC26
:1069B0000D4B0E4918600E4B02930E4B01930323AF
:1069C00000934FF40072002320460DF085FC0A4B23
:1069D000186004B010BD00BFAC6100201C60002036
:1069E00014CA0400095F0300F461002017CA040000
:1069F000D45F0020D4570020D0570020024B1868E5
:106A000008B10DF0B1BC7047D0570020034B586857
:106A1000C0F30800003818BF0120704700ED00E007
:106A2000014B1B68184700BFF8610020014B1B6831
:106A3000184700BFFC610020014B1B68184700BFCE
:106A4000006200200B2808D00D2804D0012801D1B5
:106A5000034B19607047034BFBE7034BF9E700BF9B
:106A6000F8610020FC6100200062002013B50023C3
:106A700004460A460093FFF7C9FFE0B129B1134B62
:106A8000134A692113480FF071FF206801AA694673
:106A90000DF060FA019B43B10F4B4FF080525A60EA
:106AA00040BFBFF34F8FBFF36F8F012808D90B4B47
:106AB000074A7521E6E7206869460DF023F9F4E7F7
:106AC000009808B10023037002B010BD1CCA040076
:106AD000E6CA040025CA040000ED00E08ACA0400EA
:106AE0001FB50A78019104462ABB01230B70FFF7FA
:106AF0008DFF0346C0B11346206803AA01A90DF01B
:106B00009FF8039B43B10D4B4FF080525A6040BF3A
:106B1000BFF34F8FBFF36F8F01280CD0084B094A8A
:106B2000094897210FF022FF20684FF0FF3201A99A
:106B30000CF0C4FFF0E704B010BD00BF00ED00E0B2
:106B4000B1CA0400FECA040025CA040010B50EF044
:106B500085FA034630B90A4B0A4A0B484FF4D27102
:106B60000FF004FF406803F1080118B1BDE81040C0
:106B7000FFF7B6BFBDE81040DB680846184700BF06
:106B8000BFCA0400C1CB040025CA04000B782DE95C
:106B9000F34105460E46C3B1FFF738FF044600280F
:106BA00039D028680DF012FA00240746A046B845EF
:106BB0000EDB44B12B4B4FF080525A6040BFBFF305
:106BC0004F8FBFF36F8F0023337002B0BDE8F081A9
:106BD000286801AA69460DF0BDF9012805D0224BAD
:106BE000224AB52122480FF0C1FE019B1C43009BA5
:106BF000B3420DD02868002301AA69460DF020F8A1
:106C0000012803D0184B194ABD21EBE7019B1C4317
:106C100008F10108CBE70CF07BFD28680DF0CBF9FB
:106C20000746BC4202DB0CF07BFDCCE72868002263
:106C300069460DF067F8012803D00B4B0B4AD221AF
:106C4000D0E7009BB3420BD0002328681A46694660
:106C50000CF034FF012803D0034B044AD921C1E7CB
:106C60000134DEE700ED00E0B1CA040016CB0400F9
:106C700025CA040010B5044650B104200CF0CEFF24
:106C8000206038B9044B054A0548ED210FF06EFE2F
:106C9000032010BD0020FCE7C2CA040031CB040071
:106CA00025CA040008B50246C0B1036833B90C4BCD
:106CB0000C4A40F209110C480FF058FEFFF7A6FEEF
:106CC00020B10A4B074A40F20D11F4E710680DF0AD
:106CD00029F901280CBF0020062008BD0320FCE78D
:106CE000C2CA040049CB040025CA04009AA30400C8
:106CF00008B50246C0B1036833B90C4B0C4A4FF4D7
:106D00008E710C480FF032FEFFF780FE20B10A4B67
:106D1000074A40F21F11F4E710680CF06BFF0128DE
:106D20000CBF0020052008BD0320FCE7C2CA0400F8
:106D300061CB040025CA04009AA3040010B50446E0
:106D400058B180200CF0B0FE206040B9054B064AD7
:106D5000064840F231110FF009FE032010BD00205B
:106D6000FCE700BFCDCA04007CCB040025CA0400A8
:106D700013B5044650B3036833B9154B154A4FF4A5
:106D8000A77115480FF0F2FDFFF740FED0B121B119
:106D9000124B104A40F25111F3E7206801AA0DF09E
:106DA000D9F8019B43B10E4B4FF080525A6040BF5F
:106DB000BFF34F8FBFF36F8F01280CBF0020062059
:106DC00002B010BD20680DF017F8F5E70320F7E7D3
:106DD000CDCA040092CB040025CA0400D9CA04001D
:106DE00000ED00E013B5044640B3036833B9164B19
:106DF000164A40F26B1116480FF0B8FDFFF706FE79
:106E00000346A8B1206801A90CF051FF019B43B1D2
:106E1000104B4FF080525A6040BFBFF34F8FBFF30B
:106E20006F8F01280DD00C4B084A4FF4BD71E2E77B
:106E30000246014620680CF041FEF2E7032002B052
:106E400010BD0020FBE700BFCDCA0400A8CB0400A2
:106E500025CA040000ED00E0B1CA0400F7B51646EB
:106E6000026804460D461F4632B1C4E9036700209C
:106E70006560A06003B0F0BD064B0093012103469E
:106E800005480DF085FF20600028EED14FF0FF305F
:106E9000F0E700BF4D6B0300BFCA040013B5044602
:106EA000006878B14FF0FF33009300231A460521A4
:106EB0000DF092FF14220021204602B0BDE81040E0
:106EC00012F086BA02B010BD70B5012938BF012199
:106ED00088B004460D46FFF799FD034650B30026DF
:106EE0000096206805AB324608210DF075FF00962C
:106EF00006AB2A46092120680DF06EFF24680DF0CC
:106F0000D7FA07AB02460096072120460DF064FF32
:106F1000DDE905321343079A134308D0134B4FF0B2
:106F200080525A6040BFBFF34F8FBFF36F8F002076
:106F300008B070BD4FF0FF36009602460390032163
:106F400020680DF049FF0096039B20682A46042123
:106F50000DF042FF24680DF0A5FA039B009602464F
:106F6000022120460DF038FFE1E700BF00ED00E010
:106F700007B5006838B14FF0FF33009300231A467D
:106F800003210DF029FF03B05DF804FB10B50446A2
:106F900000680EF055F801280AD120680EF04EF86E
:106FA00004460DF085FA844294BF0020012010BDF4
:106FB0000020FCE700680EF041B8F8B5870D8602A6
:106FC0000D464FF47A7200233046394611F080FFA7
:106FD000B7F57A7F08BF002E4FF0000436BF286057
:106FE00002202046F8BD13B56C4684E80600016017
:106FF000A279A1888180827102B010BD704708B566
:107000000B4601781A78914208D1411C0622581C7F
:1070100012F0A8F9B0FA80F0400908BD0020FCE7A2
:1070200070479A8C824202D10A8802B19A6000208D
:10703000704770477047012070477047704710B520
:1070400004460FF0EBF9204610BD00000846014948
:10705000F0F7CCBE40E2010008460121F0F7DCBEAB
:10706000F8B5D0E905670446B7420AD056F8045B84
:10707000002DF9D0284600F06AFA28460FF0CEF924
:10708000F2E760690023C4E90533E36118B1BDE8A4
:10709000F8400FF0C3B9F8BD10B50446FFF7E0FFA4
:1070A00094F82830DB0704D5206A10B103685B68C8
:1070B0009847606908B10FF0B1F9204610BD2DE97D
:1070C000F04186B00023054601930C4631B3808C15
:1070D00001A9F0F77FFE68BB019BAB6085F8270034
:1070E00006B0BDE8F0810127A88C0021F0F772FE00
:1070F00020B14FF0FF313046F1F72DFE039B4345A1
:1071000001D1012FEFD100222A612BB1AB603046B3
:10711000F1F720FE2046E3E70124F8E702AE0B4634
:10712000072201463046F1F70BFE02272E6140F29E
:107130000628D9E795F82730013385F82730CFE7BF
:1071400010B50446808CF5F7ADFA30F0020304D098
:10715000072802D0A060002010BD0120FCE710B578
:107160000446F5F711FC30F0020316BFA0600120C1
:10717000002010BD034608688A79186088889880C6
:107180009A7118467047000010B50246044605493A
:10719000808CF7F7BDF810B1A060002010BD012071
:1071A000FCE700BF237003002DE9F04103780F696D
:1071B00090B004460D46122B3CD8DFE813F0700067
:1071C00013003B003B00F700F700A7003B003B002B
:1071D0003B0015017701BC003B003B006901440105
:1071E0003B00530190F8262090F82530D0F821106C
:1071F00043EA022390F8272005A843EA0242FFF75A
:10720000F2FE05A8F0F7C0FD0546A8B9227EE37D91
:10721000D4F8131043EA0223627E43EA024300F0EB
:107220007F421A4305A8FFF7DEFE05A8F0F7ACFD84
:10723000054608B9002625E16668162E07D89A4A41
:107240000123B340134202D03046F0F7C5FC0023BF
:10725000EB84286A40F23E239E4203681DD195F8D4
:107260002820110719D5DB683246294698474FF682
:10727000FF73AB8495F828309A0732D5002F41D0A0
:1072800040F23E2296423DD143F0040385F8283077
:1072900031463846F1F784FDCCE71B69E4E78A8C78
:1072A0004FF6FF739A4241D191F8283013F008034A
:1072B00001D1002F3AD066681A2E15D12289AA84EE
:1072C00023B1286A036829469B68984795F8286087
:1072D00016F0100605D02846FFF756FF0028A9D162
:1072E000AE68002FD4D1A5E7002EE7D0002BF8D050
:1072F000286A03683246DB682946984795F82830A3
:107300005B07EED52846F0F707FDEAE78A8C03898C
:107310009A428FD191F826300133DBB2022B81F8EB
:10732000263003D90C20F8F79FFD83E7208913212D
:10733000F5F7B8F97EE78A8C43899A427FF47AAFF1
:10734000D1E90556B5423FF475AF55F8043B2289A3
:10735000198D9142F6D3D3E90637BB429846F1D056
:1073600053F8040B818C9142F7D163681F8A196826
:107370003A460430F0F713FBD8F80000836B002B7B
:10738000E0D063681A68237B0597DB4303F00103B1
:107390008DF80B300DF10B030093CDE90302C76BA1
:1073A00005AB04AA03A93030B847CBE78A8C8389A0
:1073B0009A427FF43FAF086A626803685B69984746
:1073C000002800F094802378042B7FF433AFA36867
:1073D000EA8D1A80A3682A8E5A80A3686A8E9A80E2
:1073E000A368AA8EDA8025E78A8C03899A427FF403
:1073F00021AF43681BB140F20622934219D105A880
:10740000F0F7DAFD208905A9F4F75EFD08B1002642
:1074100067E7626840F206239A420CD10DF11F0023
:10742000FDF7A1FD95F82710012902D12846FFF7A5
:1074300046FE666855E785F82700286A036805A9AF
:10744000DB699847F5E705A8F0F7B6FDA08805A920
:10745000F4F73AFD0028DAD1286A036805A95B6AC7
:107460009847D4E705A8F0F7A7FD208905A9F4F708
:107470002BFD064650B9286AA27A03682946DF6ABE
:10748000E37AB847304610B0BDE8F0810126F9E74D
:107490008A8C83889A427FF4CDAE086A2289036879
:1074A0009B6A9847B3E700BF001848008A8C83891D
:1074B0009A427FF4BFAE05A8F0F77EFDA08905A92A
:1074C000F4F702FD0028A2D12379042B06D1286A03
:1074D000A268036805A91B6A9847ABE6022B7FF4F4
:1074E000A9AE286A036805A99B699847A2E63B26CE
:1074F000C8E700BF808C4FF6FF73C01A18BF012089
:1075000070470000024A0349034810F03FBF00BF24
:1075100000340020217003009035002070B5D0E9C0
:1075200006560446AE4207D055F8040B0028F9D0A1
:1075300003689B689847F5E7A0690023C4E9063310
:10754000236218B1BDE870400EF068BF70BD10B581
:107550000446FFF7E3FFA06908B10EF05FFF204685
:1075600010BDCB780278534003704B88427853406B
:1075700043700A68837883EA122383700A68C378A9
:107580005340C370CB79027953400371CB88427961
:10759000534043714A68837983EA122383714A68AE
:1075A000C3795340C371CB7A027A53400372427A53
:1075B0004B89534043728A68837A83EA1223837229
:1075C0008A68C37A5340C372CB7B027B53400373F8
:1075D000CB89427B53404373CA68837B83EA12237F
:1075E0008373CA68C37B5340C37370471FB5027867
:1075F0008DF8002042798DF80120827A8DF80220E2
:10760000C27B8DF8032002798DF80420427A8DF830
:107610000520827B8DF80620C2788DF80720027A3B
:107620008DF80820427B8DF8092082788DF80A2099
:10763000C2798DF80B20027B8DF80C204278C37A3A
:107640008DF80D2082798DF80E208DF80F301023E3
:107650006A46194601F0CFF905B05DF804FBF8B5AC
:10766000064608780C4601F0D5F90546607801F029
:10767000D1F9A27863785340E27853405D40684086
:1076800030706078277801F0C5F90546A07801F0E0
:10769000C1F9A3785F40E3785F407D406840707037
:1076A000A0786578277801F0B5F96F400546E07855
:1076B00001F0B0F9E3785F407D406840B070207819
:1076C00001F0A8F9637825785D40A3785D404540D6
:1076D000E07801F09FF9EDB24540F570F8BD00008B
:1076E000F0B5264E07460C460FCE8DB001AD0FC546
:1076F0000FCE0FC596E8070085E807003846002F33
:1077000038D0002C38D0381F2146024610344B7830
:107710000D781B0443EA0563CD782B438D78043143
:1077200043EA05238C4242F8043FF0D1144C042173
:107730008A07036916D1C3F30742A55C1A0EA25C3F
:1077400042EA0562C3F30725DBB2655DE35C42EA0A
:10775000054242EA03220CAD21F003032B4453F807
:107760002C3C534050F8042F013153402C29036125
:10777000DED101200DB0F0BD2046FBE710CC0400A7
:107780003CCC04002DE9F043154689B0064600289C
:1077900058D0002959D0002A59D010230A466846EB
:1077A000194601F028F9294668462A4CFFF7D9FE08
:1077B00005F11007A146A035E8466A461023117866
:1077C000013B615C02F8011BF9D16846FFF70EFF2F
:1077D000694604A8FFF743FF01A905A8FFF73FFF8B
:1077E00002A906A8FFF73BFF03A907A8FFF737FF89
:1077F000102319460DEB0302684601F0FCF83946E8
:1078000068461037FFF7ADFEAF42D5D1102498F887
:107810000030013C19F8033008F8013BF7D1684605
:10782000FFF7E4FE29466846FFF79BFE1023194642
:107830006A46304601F0DFF868461022214601F022
:10784000E7F8012009B0BDE8F0830846FAE71046E2
:10785000F8E700BF3CCC040010B50A460F3012F91F
:10786000103B002BB4BF8723002312F8014D83EA9D
:107870004403914200F8013902D01378DB09F4E7A0
:1078800010BD08B520B15822002101F0C1F8012037
:1078900008BD10B5044688B11022002101F0B8F8E7
:1078A000102204F13000002101F0B2F800236364DB
:1078B00000224FF48033C4E91423012010BD70B5B9
:1078C0000D461646044610B311B35822002101F0AC
:1078D0009FF82946A6643046FFF702FF10220021D8
:1078E000204601F095F804F11005A26C21462046CF
:1078F000FFF748FF21462846FFF7AEFF294604F16F
:107900002000FFF7A9FF2046FFF7C3FF012070BD4D
:107910000846FCE72DE9F0410D46164604460028CE
:1079200062D012B90120BDE8F08100295CD0D0E915
:10793000140150EA010357D010F1FF32D4F844800B
:1079400041F1FF33C4E91423B8F1000F2AD0C8F184
:10795000100708F13000BE42204408D22A463346C0
:10796000314601F048F8626C32446264DAE73B4623
:107970002A46394601F03FF8103E0023636446442E
:107980003D44631E04F10F0113F8012F93F83000FA
:107990008B4282EA00021A70F6D1A26C2146204680
:1079A000FFF7F0FE04F10F07102E0AD8002EB9D011
:1079B00033462A46314604F1300001F01CF8666473
:1079C000B0E7631E691E13F8012F11F8010FBB42C7
:1079D00082EA00021A70F6D1A26C21462046FFF717
:1079E000D1FE1035103EDFE700209CE770B50C4655
:1079F0000546E8B169B34A6C102A1AD11031631EEA
:107A0000013904F10F0013F8012F93F83060724030
:107A100011F8016F984282EA06021A70F3D1A26C43
:107A200021462846FFF7AEFE2046FFF72AFF012039
:107A300070BD02F130000021C2F11002204400F0BC
:107A4000E7FF636C2344802283F8302004F1200197
:107A5000D5E70846ECE7F0B500240646204665B2B7
:107A6000AB4200DCF0BD51F8247052F824503D4484
:107A70000544AF428CBF0127002746F8245018BFA9
:107A800038460134EBE700EB81010023884200D344
:107A9000704751F8042D43EA52030B60D307F5E712
:107AA000036870B513F001060546144605D0134669
:107AB0000A460146FFF7CFFF064621462846FFF754
:107AC000E2FF46B104F18042013A55F8223043F01A
:107AD000004345F8223070BD2DE9F04F002587B0F6
:107AE000CDE900122C462A464FFA85F8434513DCAF
:107AF0004FF0FF3505EB430502954FF0010C1D4695
:107B00006FF0030B029EB5422DDB00EBC30040F883
:107B1000042C07B0BDE8F08F019E4FF0000C06EB7F
:107B20008509E646CDE90224009959F8047951F80F
:107B30002C60DDE90212A7FB06AB1AEB01060CF183
:107B4000010C5BEB02074FFA8CFA2CBF01220022DA
:107B5000C24596443C463246E4DD40F825603A464C
:107B600001357446C0E7019E21464FFA8CFE06EBB4
:107B7000850A00244FFA8EF6B34209DC40F825202E
:107B80000CF1010C01356DB25FFA8CFC0A46B9E7C5
:107B90000BFB0EF6CDE904215AF80670009EDDE9D4
:107BA000041256F82E60A7FB066716EB010857EB88
:107BB00002092CBF012200221444494642460EF11C
:107BC000010ED7E7014B1860704700BF0462002028
:107BD000014B1868704700BF04620020002310B5F5
:107BE0001C465AB2914200DC10BD40F823400133DC
:107BF000F7E710B500231A465CB2A14203DCB2FAE3
:107C000082F0400910BD50F8234001332243F3E7CE
:107C10004A11012350F8220001F01F0103FA01F17B
:107C200008407047013910B549B2041D0A06CBB2AD
:107C300004D4013954F82120002AF7D001335BB273
:107C400073B103F18042013A50F82220002022B99A
:107C5000013B00EB431318B210BD52080130F6E7A8
:107C60001846F9E710B500235CB2A24200DC10BD53
:107C700051F8234040F823400133F5E710B5013AAD
:107C800052B2130601D5002010BD50F8224051F821
:107C900022309C4205D802F1FF32F2D24FF0FF3081
:107CA000F2E70120F0E730B5013A52B200231406A2
:107CB00003D5181E18BF012030BD50F8224051F8DE
:107CC00022506C402343013AF1E7F0B50024064608
:107CD0009C46204665B2AC4500DCF0BD51F82470EE
:107CE00052F824303D1AED1AAF4234BF0127002765
:107CF00046F8245018BF38460134EBE72DE9F0422E
:107D0000082288B00C468146FFF7ACFFCB6A03938C
:107D10000B6B04934B6B05938B6B0693CB6B0793A9
:107D2000002708236A4669466846CDE9017700972F
:107D3000FFF791FE082305466A4649464846FFF785
:107D40008AFE236B0393636B0493A36B0593E36B2E
:107D50000544CDE906376A46082369466846FFF7B9
:107D60007AFE4946054408236A464846FFF773FEF3
:107D7000236A0093636A0193A36A0293A36B069339
:107D8000E36B0793054408236A464846CDE9047728
:107D90000397FFF760FE636A0093A36AA26B0193E7
:107DA000E36A02930492636BE26B0393CDE90523CC
:107DB000236A07932E1808236A464846FFF74BFEAE
:107DC000E36A0093236B0193636B0293236A069328
:107DD000A36A0793351808236A464846CDE9047715
:107DE0000397FFF772FF236B0093636B0193A36B01
:107DF0000293E36B0393636A0693E36A07932E1A75
:107E000008236A464846CDE90477FFF75EFF636BB7
:107E10000093A36B0193E36B0293236A0393636A5A
:107E20000493A36ACDE90537236B0793361A082319
:107E30006A464846FFF749FFA36B0093E36BCDE921
:107E40000137636A0393A36A0493E36ACDE90537B4
:107E5000636B0793361A08236A464846FFF735FFD7
:107E6000361A10D40D4C36B9082249462046FFF781
:107E700005FF01280FD00823224649464846FFF750
:107E800024FF361AEFE7054A082349464846FFF71C
:107E9000E2FD3618F8D408B0BDE8F08240CD040009
:107EA00037B51D469DF9183001930446FFF7D3FD01
:107EB000019B38B91A4621462846FFF7DFFE012804
:107EC000019B07D02A462146204603B0BDE830403A
:107ED000FFF7FBBE03B030BD37B51D469DF9183026
:107EE00001930446FFF7F1FE019B38B12A46214673
:107EF000204603B0BDE83040FFF7ADBD03B030BD54
:107F00002DE9F04FA5B01D4614ABCDE902318046F6
:107F1000294610461646FFF785FEC0EB851004B2D1
:107F2000002C2146B8BF04F11F01634241F3471101
:107F300003F01F0304A804F01F0758BF5F42FFF7B8
:107F40004DFE002F08B22BDD04AB002203EB8001B5
:107F5000C7F1200E13469D4217D86B00019304AB66
:107F600003EB85096F1E24AB012603EB8707002C6A
:107F700054DA24AB03EB86062A4656F8881C4046A2
:107F8000FFF770FE25B0BDE8F08F56F823C00CFA5D
:107F900007F0024341F8042B01332CFA0EF2DAE722
:107FA00004AB2A46314603EB8000FFF75BFED4E7C3
:107FB0000FFA82FE5AF8883C53F82EB024AB03EB3C
:107FC0008202013052F8803C0B44BBEB030334BF08
:107FD000012200229B4518BF11465CF8882C42F80C
:107FE0002E30019B42B29A42E2DB731A5E4229466E
:107FF00004A85E41FFF747FD24AB03EB8503294648
:1080000053F8802C57F8803C484643EAC273013C41
:1080100047F8803C24B2FFF736FDA8E724AB0020E8
:10802000C6F1010C014603EB860A03EB8C0CD8E782
:1080300030B51C4691B0054693F900306846FFF70D
:108040004BFDD4F8AC3069462846984711B030BD96
:1080500013460A46FFF7ECBF2DE9F04793F900609D
:1080600092B0044689461046314615461F46FFF732
:10807000C0FD002840F091803A46494602A8FFF72B
:10808000E7FF3B4602AA21460AA8FFF7D1FF02A953
:1080900008463A46FFF7DCFF3B462A464946484633
:1080A000FFF7C6FF07F104083A4629462846FFF7BE
:1080B000CFFF43462A46214620460096FFF7F0FEB2
:1080C00043462A46294628460096FFF7E9FE4346DE
:1080D0002A46214628460096FFF7FEFE3B462A46E2
:1080E00021462046FFF7A4FF434622462146284664
:1080F0000096FFF7D5FE434600962A4621462046C5
:10810000FFF7CEFE2368DB074AD5334642462146B9
:108110002046FFF7A0FC314682462046FFF7B3FC1D
:1081200006F18043013B54F8232042EACA7244F826
:1081300023203A4621462846FFF78AFF43460AAAEB
:10814000294628460096FFF7C7FE43460AAA294655
:1081500028460096FFF7C0FE0AA9084643462A466D
:108160000096FFF7B9FE3B460AAA21462046FFF7D4
:108170005FFF02AA4346104621460096FFF7ACFE79
:10818000324629462046FFF76DFD49462846FFF74F
:1081900069FD02A94846FFF765FD12B0BDE8F0870A
:1081A00031462046FFF76FFCC3E72DE9F041154645
:1081B0008AB004460E461C22002103A811F008F9DB
:1081C0002F1D95F9008003232A463146204602934D
:1081D000FFF73EFF3B4602AA21462046CDF800802D
:1081E000FFF77AFE2B46324621462046FFF720FF56
:1081F000CDF800803B4605F1840221462046FFF77A
:108200004FFE0AB0BDE8F0812DE9F0479AB016465E
:10821000DDF888804446994614F9045B00950746CA
:108220008A4623460246314602A8FFF755FE02A9B8
:1082300042460846FFF70CFF434602AA3946384635
:10824000FFF7F6FE434602AA31463046FFF7F0FE3E
:1082500023465246494602A80095FFF721FE2346D1
:108260005246494648460095FFF736FE23463A46B1
:1082700031460AA80095FFF72FFE43460AAA514649
:108280005046FFF7D5FE2346324639460AA80095E8
:10829000FFF706FE424649463046FFF7D9FE234621
:1082A0000AAA314630460095FFF716FE23463246AD
:1082B000394612A80095FFF70FFE434612AA494619
:1082C0004846FFF7B5FE23465246494648460095C4
:1082D000FFF702FE424602A912A8FFF7B9FE12A953
:1082E00023460AAA08460095FFF7F6FD23463A46BC
:1082F00012A90AA80095FFF7EFFD0AA9434602AAB2
:108300000846FFF795FE234652460AA950460095B7
:10831000FFF7E2FD2A4612A93846FFF7A3FC1AB080
:10832000BDE8F087F0B50F46A1B0064619463846BD
:1083300015461C46FFF75DFC20B13046FFF74EFCAA
:1083400021B0F0BD224639466846FFF78BFC29462E
:1083500008A8FFF787FC10A82146FFF73FFC012380
:1083600018A81093FFF73AFC224608A96846FFF7C1
:1083700085FC28B9224610A93046FFF773FCDFE7D9
:10838000009BDA0709D421466846FFF77CFB2246AA
:10839000294610A8FFF784FBE6E7089BDB0707D414
:1083A000214608A8FFF76FFB2246294618A8F1E7E7
:1083B000002823461CDD08AA69466846FFF785FCAD
:1083C00021466846FFF75FFB224618A910A8FFF771
:1083D00055FC002805DA10A923462A460846FFF76F
:1083E0003AFB10A9234618AA0846FFF76EFCCEE711
:1083F00008A96A460846FFF768FC214608A8FFF767
:1084000042FB224610A918A8FFF738FC002805DA1D
:1084100018A923462A460846FFF71DFB18A923463C
:1084200010AA0846FFF751FCBEE70000004870475D
:108430003CCD04000978490049B2FFF7DABB70B5BA
:1084400014468AB006460D461A46214602A80193F4
:10845000FFF7FEFD019B02AA31463046FFF7E8FD1B
:1084600002A9019B22460846FFF7E2FD019B02AAF2
:1084700029462846FFF7DCFD0AB070BD2DE9F0471C
:108480008AB01446DDF848A055461F4615F9046B1E
:108490000096804689462B460246214602A8FFF7F1
:1084A0001BFD02A952460846FFF7D2FD534602AA19
:1084B00041464046FFF7BCFD534602AA21462046EE
:1084C000FFF7B6FD2B464A46394638460096FFF779
:1084D00003FD5246394602A8FFF7BAFD02A92B4612
:1084E000424608460096FFF7F7FC02A92B462246B3
:1084F00008460096FFF7F0FC2B46424621462046F0
:108500000096FFF7E9FC5346224649464846FFF7E6
:108510008FFD2B4602AA414620460096FFF7DCFC61
:108520005346224639463846FFF782FD2B464A46D7
:10853000394638460096FFF7CFFC324602A920465E
:10854000FFF790FB0AB0BDE8F0872DE9F04FB1B01E
:10855000CDE902013B9C049294F9007018A83A46B8
:108560001D46FFF77FFBBB000593039B03EB870AC8
:10857000514628A8FFF776FB94F90020002D00F063
:108580008A80294608A80692FFF76CFB0DF1400887
:10859000069A069218A940460DF18009FFF762FB82
:1085A000069A28A94846FFF75DFB234608AA28A992
:1085B00018A8FFF744FFD4F8A450234608AA28A916
:1085C00018A8A847234608AA49464046FFF737FFA0
:1085D000BDF9E850023D2DB2002D64DC049B1D68FE
:1085E000009405F0010610AB03EB4618ED4320ABF9
:1085F00003EB461605F0010510AB03EB451920AB64
:1086000003EB451504F1040B2B464A463146404620
:10861000FFF7FAFD5B4610AA18A908A80097FFF714
:108620005BFC08A9234632460846FFF701FD08A96E
:10863000039A23460846FFF7FBFC08A93B465A4627
:108640000846FFF76FFE08A9234652460846FFF783
:10865000EFFC08A9234642460846FFF7E9FC0094D0
:108660003346424629464846FFF708FF234608AAF4
:1086700020A910A8FFF7E3FE02983A4610A9FFF7D9
:10868000F1FA029B059C234420A91846FFF7EAFA59
:1086900031B0BDE8F08F114608A80692FFF79EFAA8
:1086A0000123089372E729460498FFF7B1FAB0FA5C
:1086B00080F67609C6F1010108EB461B09EB461668
:1086C00008EB4110334609EB41115A460094CDE9BD
:1086D0000601FFF799FD0799069800940B4602469C
:1086E00031465846FFF7CAFE013D74E7F7B5B3F9C6
:1086F00002701C4617F11F030D4648BF07F13E03E9
:1087000043F3471301461646284604F12402CDE9F7
:108710000023FFF7A0F9DDE9002390B9B7EB431F71
:1087200011DA39462846FFF773FADDE90023041E03
:1087300018BF012429463046FFF78DF9204603B0C3
:10874000F0BD0124F6E70446F4E730B5144695B0D1
:1087500005460CAA2346084604A902910392FFF796
:10876000C5FFB0FA80F35B0914AA02EB83026388A9
:10877000019401331BB2009352F8482C002304F1FA
:1087800044012846FFF7E1FE21462846FFF752FE46
:10879000B0FA80F0400915B030BDF0B500254F1E8D
:1087A0006CB28C4205F1010500DBF0BD3B1B23F0F0
:1087B000030603F003039659DB0026FA03F303557F
:1087C000EEE7F8B50E46D11C48BF911D41F3870175
:1087D0001446FFF703FA0025671E6AB2A24205F1AC
:1087E000010500DBF8BDBB1A23F00301B25C03F006
:1087F0000303DB0002FA03F342581A434250ECE74A
:10880000F0B591B091F9006005460C46FFF712FEF5
:1088100028BB271D324629463846FFF72FFA012884
:1088200020D105EB860132463846FFF727FA0128AA
:1088300018D122466846FFF70BFCD4F8A830224630
:10884000294608A89847324608A96846FFF72BFA38
:1088500000280CBF00206FF0020011B0F0BD4FF0F7
:10886000FF30FAE76FF00100F7E770B50C4690B003
:10887000264691F90120054601466846FFF7A1FF0B
:1088800094F9012016F9440BA9180DEB8000FFF7AD
:1088900098FF102231466846FFF7F0F928B12146CB
:1088A0006846FFF7ADFF10B070BD6FF00300FAE748
:1088B0002DE9F0410546A8B00F461446402602F1C6
:1088C0002408FFF785F90346C0B3402108A898475C
:1088D000A0B3B4F9022012F11F0348BF02F13E0316
:1088E00008A94246684643F34713FFF709FB2246AF
:1088F000694618A8FFF729FFF0B1B4F90230D91D75
:1089000048BF03F10E016A46C9103846FFF745FF1C
:1089100094F9011018AA2846FFF73FFF94F90110B7
:1089200094F9002018AB681803EB8202FFF735FFBB
:10893000012028B0BDE8F081013EC2D10020F8E757
:108940002DE9F0471C4693F9017093F900A0B3F9A3
:108950000230A4B09046DA1D48BF03F10E0204AD08
:1089600081460CAE2846D21002950396FFF729FFE8
:108970003A46494614A8FFF724FF14AB09EB070158
:1089800003EB8A003A46FFF71CFF2346324629468E
:108990002846FFF7ABFEB0FA80F0019424AB400903
:1089A00003EB8000638801331BB2009314A90023FA
:1089B00050F8882C0846FFF7C8FD14AA39464046EF
:1089C000FFF7EBFE214614A8FFF734FD0024CDE9A4
:1089D0000244074602AB20222146304610F0F8FC44
:1089E00020222146284610F0F3FCB7FA87F0400910
:1089F00024B0BDE8F08738B50D46AB4211461C46A1
:108A000004D81A4610F0BCFC204638BD0024FBE711
:108A100010F0DEBCC3095A00134403EBC30383EA1E
:108A20004000C0B2704710B50446236803B910BDBA
:108A3000A3F110005B68236003B96460FDF788FB55
:108A4000F3E7002003F0AEB805F060BA2DE9F84373
:108A5000194D05F13809AC6B0CB9BDE8F8830AF083
:108A600057FEAB6B5B68AB63A4F110070BB9C5F89D
:108A70003C900AF055FE54F8100CFDF7B0F906468C
:108A800054F8100C0230FDF7AAF90421804638464C
:108A9000FDF71CFC2288424505D106F44053B3F58E
:108AA000805F00D81AB93846FDF752FBD3E731464C
:108AB000384602F0EDFDCEE740860020F8B5184DAF
:108AC00005F124076C6A04B9F8BD0AF021FE6B6A4F
:108AD0005B686B62A4F1100603B9AF620AF020FE76
:108AE00054F8101C237A087803F00703022B04F1D2
:108AF000080200F00F000ED0042B07D0012B01D18B
:108B000001F0D4F83046FDF723FBDBE71146304691
:108B100002F060FBD6E7314606F008FDF2E700BF41
:108B20004086002008B5012005F0DAF928B1BDE83B
:108B3000084002483321FEF7C7B908BD98860020D7
:108B40002DE9F04110210546FDF7D8FA0446C8B1D9
:108B5000836805821E880368043326F003060360D9
:108B60004079B6B2301A04382D1AA046002D09DD1E
:108B70000021A8B2FDF78CFA074630B92046FDF770
:108B8000E7FA3C462046BDE8F081C8F80C00AD1B72
:108B90008046EBE739B1407900F0C000A0F1400316
:108BA0005842584170470846704731B140798009B2
:108BB00005D0431E5842584170470846704702206E
:108BC00070470000032814D8DFE800F0020B020B06
:108BD0000A4A002312F8010B68B90133062BF9D1B8
:108BE00070474B1E053113F8010F20B98B42FAD1A3
:108BF0007047002070470120704700BF3986002071
:108C0000052970B50546164616D90C4B1B6813B1DD
:108C10000C24204670BD06F0F7FE04460028F7D16C
:108C20002EB1074B2A681A60AA889A80F1E701F0F2
:108C30003FF90028F5D0EBE71224EAE7508700203F
:108C40003386002038B50D46064C014606480622FC
:108C5000002D18BF204610F085FBB0FA80F04009C7
:108C600038BD00BF3386002039860020034A044BFC
:108C700000280CBF10461846704700BF39860020F8
:108C80003386002038B5F0F713FE0C4B05461C7AEE
:108C9000F0F714FE8DB9022C0BD0042C05D0012C5A
:108CA0000BD1BDE8384001F0E5B8BDE8384001F02F
:108CB0001FBFBDE8384006F02BBC38BD4086002001
:108CC00010B5104B00781B7A022B144600F00F00F1
:108CD0000FD0042B05D0012B10D1BDE8104001F0BE
:108CE0006BB8F0F7DFFD01462046BDE8104002F00A
:108CF00045BABDE81040114606F0C4B94FF0FF3048
:108D000010BD00BF4086002038B5034615460C460E
:108D100031B9084B084A094840F214510DF026FEBB
:108D20008A8B498B2046FDF7ABFA637E2B70207F40
:108D300038BD00BFECCD04005ACE0400F2CD0400D3
:108D400010B5F0F7EBF90020F0F7C0FA0B4B0C4C24
:108D500018700C4B7F221A7004F0BAFB4FF0FF31F1
:108D60002046FDF783FE30B9074B084A084840F219
:108D700063510DF0FBFD43689847EFE73086002014
:108D800054860020086200203FD304006FCE040008
:108D9000F2CD0400014B1872704700BF40860020DE
:108DA000014B187A704700BF4086002001460148F9
:108DB000FDF796BE5486002000234361054B9A6A56
:108DC00000F1100114301160986203F11800FFF7F0
:108DD000EDBF00BF40860020F8B50B8807784278C9
:108DE00003F08004C3F3C01603F00703042B054609
:108DF00007F00F0703D1BDE8F84002F081BAA4B133
:108E0000082F08D8DFE807F00E050E050E230E1117
:108E100011000C2A09D0012B30D0022B30D04FF09A
:108E2000FF3529E0911F1F29F5D8012B11D0022B06
:108E3000F5D1901CFFF784FE044618B10146284680
:108E4000F0F7DEF83146204606F01EFA0FE0222A3F
:108E5000E0E7901CFFF774FE044618B1014628466F
:108E6000F0F7CEF832462146384600F083FE05463C
:108E700014B12046FFF7A0FF2846F8BD0024F1E713
:108E80000024DFE738B50446094D0AF041FC002311
:108E90006361EB6B04F110021A601434EC630AF0A6
:108EA0003FFC05F12C00BDE83840FFF77FBF00BF55
:108EB0004086002001460148FDF768BE5486002028
:108EC0006FF4400040F2FF3170470000014BD3E9DE
:108ED000000170474086002038B50AF019FCF0F711
:108EE0002BFA07F0E5F806F0ABFD05F09DFD0AF062
:108EF00017FC00F0CBFF1B4B1B4C00251D701B4BC0
:108F000028461D70F0F7E2F9194B1870194B7F22B3
:108F100020461A70FFF787FDA4F11400FFF783FDC8
:108F200040F2011324F8263C252304F82A3C4FF094
:108F3000FF3344F82F3C1F2304F82B3C02F0B4FC11
:108F400004F094FE07F0BAF80B4B04F8305C1D6097
:108F50009D8007F023FA05F0A3FCBDE83840F0F748
:108F6000DDB800BF328600207886002031860020E0
:108F7000308600200862002033860020032938B59F
:108F800004460D4606DD164B164A40F2A761164808
:108F90000DF0ECFCC9B2002005F0D8F8A0421CD8B6
:108FA000012DA4EB000005D1C0F3CF001B2838BF72
:108FB0001B2038BD022D02D1C0F38F00F6E7032D30
:108FC00002D1C0F38F10F1E715B9C0F30F10EDE730
:108FD000064B044A40F2CA61D9E71B20E9E700BF0B
:108FE0004BCE04007BCE0400F2CD04009AA3040013
:108FF00004F028BE04F034BE13B5334C002306221F
:10900000694620460093CDF8033010F0ABF9A0B9C3
:1090100000902060A080CDF803000622694620461B
:1090200010F0A0F948B9684607F046FA28B9DDF80B
:1090300001302360BDF80530A380244C05F0DCFC32
:1090400004210A23E3730022FF23084623820AF047
:1090500011FD2246002342F8383FE263224604F124
:10906000140142F8243FA262194AA361C4E907230C
:10907000184AE362C4E90C23174A2364C4E91123A4
:10908000164AE364C4E914236061154A04F15800E8
:10909000FDF7E4FE04F0EAFD07F010F800F010FF21
:1090A00006F0F2FC02F056FC05F0E0FB44F2EF02A1
:1090B0000023C4E9002305F0E3F805F0D5F805F036
:1090C00033F802B010BD00BF398600204086002072
:1090D000BD8A03004D8A0300498A0300438A0300C6
:1090E000258B0300F0F7F2B8044A92F90010814290
:1090F00002D01070F0F7DCB8704700BF08620020A3
:1091000010B5044600F0D4FE08B1012010BD06F0F1
:109110007BFC0028F9D1094B1B68002BF5D1E30734
:10912000F4D4074B1B6823B90228CCBF00200120D0
:10913000ECE7D3F8B4300130F5E700BF50870020EA
:109140004887002047F611239842024603D8034877
:109150005043800D7047FCF703BF00BFDF180200CB
:1091600038B5074B1B785C1883891B07C0E9054499
:10917000054604D50348FCF7F3FE0444EC6138BD12
:109180001C8D00200088130038B50121104B836628
:109190000446406680F85810C07904F0D7FFA389D0
:1091A0005A070FD500F5FB700A4BA5691B78EB1A1F
:1091B000E365002384F85A301E30FFF7C3FF2844CC
:1091C000206638BDDB0748BF00F55570ECE700BFEF
:1091D000899303001C8D002070B50C461146A26BCC
:1091E00002B1127CA3895E0728D5638913F0020FB0
:1091F0000CBF2123A1230C250022AE1CE671668939
:10920000F60748BF43F040030B70234653F8201F76
:1092100001609B888380A189490700F1060306D578
:10922000214651F8326FC0F80660898899801AB1DA
:10923000A06B0021FDF724F8284670BDDD0709D496
:1092400013F0020F14BF062302231F2A04D8951D12
:10925000EDB2D2E72023F8E7034B044A044840F27A
:10926000F7110DF083FB00BF98CE040094CF0400EB
:10927000ADCE040038B513460A6C0D464AB1127CD7
:109280001F2A06D90E4B0F4A0F4840F29A310DF0B3
:109290006DFB698911F0010F0CBF04214421197085
:1092A0002B46941D53F8201F01609B888380E4B2F5
:1092B00022B1831D0021286CFCF7E2FF204638BD57
:1092C0000ACF0400AFCF0400ADCE0400F8B50646C7
:1092D00000680F46154608B1FCF73AFF0021284602
:1092E000FCF70CFF044630B1038A2B441F2B04DD2E
:1092F000FCF72EFF00243460F8BD2A463946FCF7FF
:109300003AFF0028F7D02046F2E7000008B504F045
:10931000C7F8074A48B1538913F0800004D0537846
:10932000002B0CBF1046002008BD1046FCE700BF14
:10933000B486002008B5074B78220021184610F0AB
:1093400047F807228270044AC0E914201222828161
:1093500008BD00BFB48600208597030010B5044601
:109360004C30FFF723FD0020FFF714FD0AF0D0F981
:10937000638923F0300363810AF0D2F9014B0022A4
:109380001A6010BDB086002038B5C468324B05465F
:109390001C600AF0BDF9638913F0300F06D02F4B23
:1093A0002F4A4FF490712F480DF0E0FA23F030036C
:1093B00043F0100363810AF0B3F9638903F4C063D7
:1093C000002B44D1284A2949A079EFF785FF20B125
:1093D000274B284A40F26641E5E794F90900FFF778
:1093E00083FE254BA97818786B681844F0F76CF960
:1093F00068BBEFF73DFFFF23237205F031FAD0B1D0
:10940000F0F766FAA389DA0618D59B0716D0002173
:109410000846EFF747FF022218482146F0F7C6F941
:109420000546A0B9E3787BB107F026F80120FFF7E5
:10943000B1FC284638BDF0F75BFAE3E71048214657
:10944000EFF730FF0022E7E707F018F8EEE72046D5
:10945000FFF784FF0125ECE7B08600201FCF040052
:1094600072CF0400ADCE040055555500D6BE898E8E
:1094700001A40400D3CF04001C8D0020D991030067
:109480005D93030010B50446583006F0D1FDA37873
:109490005A070BD413F0020F14BF26232523A37100
:1094A00004F14C00BDE81040FFF780BC2723F6E72D
:1094B00038B5438913F4C06F044623D013F4007504
:1094C00012D0C36B33B1806BFCF742FEE36BA36336
:1094D0000023E3630AF01CF9638923F400736381BA
:1094E000BDE838400AF01CB95B050BD5006CFCF7F1
:1094F0002FFE636CC4E910350AF00AF9638923F47E
:109500008063ECE738BD000010B50378044683B3F0
:1095100005F0CCFA04F1580006F08AFD0AF0F8F8DC
:10952000FFF73EFC012809D1EFF706FF0020FFF707
:1095300031FC104B00221A6005F0AEFF0AF0F0F883
:1095400004F14C00FFF7B6FCA06C18B1FCF7B0FBBF
:109550000023A3640AF0DCF8638923F030036381FD
:109560000AF0DEF8002323702046BDE81040FFF724
:109570009FBF10BDB086002038B500F12C054179A1
:10958000044600F120020123284605F021F9E0B14C
:109590000AF0BEF8638943F0010363810AF0C0F862
:1095A000A3895A0723D56179002304F132022846A2
:1095B00005F00EF990B10AF0ABF8638943F00203AD
:1095C0006381BDE838400AF0ABB82379D907DFD40E
:1095D0000AF09EF8638923F00103DEE76379DB0775
:1095E000E9D40AF095F8638923F00203E8E738BD6F
:1095F0000379012B10B504460ED94389DB050BD541
:10960000FFF7BAFF0AF084F8638923F4807363815B
:10961000BDE810400AF084B810BD00002DE9F04705
:109620000378044633B9524B524A41F2D32152488F
:109630000DF09CF905F03AFA04F158062046FFF7C0
:1096400037FF04F14C08304606F0F2FC4046FFF7C5
:1096500031FCA07841072DD410F0020F14BF262250
:109660002522A379454F934228D105F015FFA37811
:10967000DA0721D413F0020F14BF26232723A37186
:109680002069FFF75FFD656997F800A00544C4E90C
:1096900005558146FCF760FC2D1AB5EB0A0507D588
:1096A000626913464B44991AE942FBD4C4E9053375
:1096B000002515E02722D4E72523E0E75A1CD2B283
:1096C000A2F125050121A940084206BF0233A3717A
:1096D000A271FCF741FC3B7801331844A0610125DD
:1096E000A3891B0711D5D4E906329B1A002B0CDB8A
:1096F0002346A26C00203C2102F080F90023A364E1
:109700002046BDE8F047FFF7FFBE2046FFF770FF99
:109710002046FFF739FD05BB237823B9144B184ABF
:1097200041F2A12183E794F85930A3B9A38913F03A
:10973000080F40F24711304618BF002106F02CFCFC
:1097400020B12046BDE8F047FFF79CBE3B78E26DB4
:109750001344C4E90533BDE8F087304606F04AFCFF
:109760000028F8D04046BDE8F047FFF71FBB00BF18
:109770003CCF040006D00400ADCE04001C8D0020B8
:10978000EACF04008068FFF749BF000010B5084C1D
:10979000237863B12379012B09D909F0B9FF6389D3
:1097A00043F480736381BDE8104009F0B9BF10BD78
:1097B000B4860020FFF766BE38B50A4C206880B139
:1097C0004C30FFF7F3FA0020FFF7E4FA256809F0C0
:1097D0009FFF6B8923F030036B8109F0A1FF002309
:1097E000236038BDB08600200F292DE9F8430446D8
:1097F00001D0122052E03A4D2B78002B6DD1027926
:109800000388B0F80280877B042AF2D8DFE802F0F0
:1098100060485E035400102616F008090CD1434539
:10982000E7D8203B9BB243F6E0729342E1D8A8F11F
:1098300020039BB29342DCD86379032BD9D8A37958
:10984000012BD6D8274B93F90000274B93F9003012
:10985000C01AFFF747FC68726379012B06D92346CB
:1098600053F8070FE8629A88204B9A80627B12F0C7
:10987000F80FBED1002ABCD0032FBAD8B9F1000F1F
:1098800028D140F2712303FB08F361792971A17992
:109890006971EF70AA702B61AE810020BDE8F8837A
:1098A0000346002753F8070FE8629A880F4B1D26DE
:1098B0009A80B8463B46AFE70246002752F8070FAA
:1098C000E8629188094A15269180A5E71226A3E748
:1098D0001326A1E740F6A663D7E70C20DEE700BF1A
:1098E000B48600203086002032860020E0860020EA
:1098F000034B93F90030037001230B700020704775
:10990000308600200129F8B501D01220F8BD057875
:10991000FFF7FCFC0446002800F08780012D7ED173
:109920000378002B6BD109F0F3FE638923F00B035E
:10993000638109F0F5FE3E492079FFF743F90028DD
:10994000E3D0A389DE075CD42279D50763D5638988
:1099500043F001036381364B196821629B88A3841D
:10996000A38958070DD5234653F82C1FC4F832108D
:109970009B88E3866379D90742BF638943F002037A
:109980006381012A02D92046FFF7F6FD01232370E7
:109990000023A4F8763006F06FFCA37880EA10402C
:1099A000DA07A4F8740038D413F0020F14BF26238A
:1099B0002723A37105F08EF8054604F02BFC07461B
:1099C000FCF7CAFA42F210730646B7FBF3F003FB4A
:1099D0001070FFF7B7FB3044A0612046FFF7D4FBBF
:1099E000E26D531B002B04DA236EE5659A1A2A44B4
:1099F00022661049002204F1580006F0A5FA002062
:109A000084E7A06C00289FD1FCF740F9A0640028EF
:109A10009AD107207AE7084B9EE72523C9E7002D56
:109A20007FF473AFFFF770FDE9E742206EE700BFF8
:109A3000338600206191030039860020202937B544
:109A400002D0122003B030BD05781F2DF9D8411C7B
:109A50000091FFF75BFC0446002833D0838903F0B4
:109A60001203002BEDD0AAB2057800991DB3436C08
:109A70007BB1019209F04CFE638923F4806363811A
:109A800009F04EFE606CFCF763FBDDE90012002379
:109A9000636404F14400FFF719FC636C0BB9072001
:109AA000D0E709F035FE638943F48063638109F0F0
:109AB00037FE0020C6E74030FFF708FC236C002B80
:109AC000F7D1ECE74220BDE7202973B502D0122080
:109AD00002B070BD05781F2DF9D8461CFFF716FCA3
:109AE0000446002843D08389D90619D55A0712D4D1
:109AF00009F00EFE638923F04003638109F010FE34
:109B0000AAB225787DB9314604F13800FFF7DEFBB3
:109B1000A36B53BB1FE003F0C3FC0028E8D0D6E7DB
:109B20009B07E5D5D3E7E36B73B1019209F0F0FD34
:109B3000638923F40073638109F0F2FDE06BFCF7A5
:109B400007FB0023019AE363314604F13C00FFF771
:109B5000BDFBE36B0BB90720BAE709F0D9FD6389B8
:109B600043F40073638109F0DBFD0020B0E742207D
:109B7000AEE700002DE9F84FDFF82C9107460D46BF
:109B800049B9D9F80000FFF7E9FB4FF0FF34002096
:109B9000FFF700F96BE01AB90023C9F80030F4E7C9
:109BA000032801D00528F7D1D9F800A02C68062297
:109BB00004F108010AF120000FF0D4FB834628B11C
:109BC0004FF0FF340023C9F80030E0E79AF8038033
:109BD00014F8026B032F0CBF08F0010808F002080C
:109BE000C6F3801604F03CFE48B9B8F1000F28D047
:109BF0005A463146204606F0EBFB10BBE0E7314603
:109C00002046FEF7C7FF002834D006F0CDFD40B255
:109C100000288AF8080011DB2B8B43F480632B8328
:109C2000B8F1000F0DD0362324241C4A13FB004446
:109C300058431444165C4FF0010BD9E7B8F1000FFC
:109C4000BED12B8B032F43F040032B831FD114482D
:109C50005146EFF727FB134800225146EFF7A6FDC8
:109C600004460028AED12B8B43F010032B832046F3
:109C7000BDE8F88F3146204604F0D2FB0028B4D06E
:109C80004378002BB1D1C378002BAED098E7052FD5
:109C900096D13146204600F0C1FC91E7D88B0020D8
:109CA0005D93030075920300B08600202DE9F84310
:109CB0003D4C237888469146002B72D013881D06B0
:109CC0000CD409F025FD638923F03003638109F08A
:109CD00027FDBDE8F8433448FFF7A0BC05285CD158
:109CE000A189628901F0100002F008020243E8D065
:109CF0005806E6D54746490717F8025B03F4806625
:109D0000C5F3801514D5002E45D094F90800274AD4
:109D10003623242113FB001143431144D55C63799E
:109D2000AB42CED1224806220FF01CFB0028C8D13E
:109D3000EEB13B68C4F826301E4BBA889A8094F97D
:109D40000800394604F02EFD94F90820362324211A
:109D500013FB0212154950188A58C8F8022082884D
:109D6000BA8094F908205343CD5C0235EDB2A38943
:109D700083F01003C3F300134A462946404601F01E
:109D8000B3FC00289DD063891A070AD4BDE8F843C4
:109D90000548FFF7B9BB3946C1E7032891D1DB0677
:109DA0008FD5BDE8F88300BFB4860020D88B002093
:109DB000E0860020DA86002008B50C4B03281A68DC
:109DC00008D1938998070FD41046FFF7C7FA4FF0D0
:109DD000FF3008E00528F7D19389D907F4D583F03F
:109DE0001000C0F3001008BD0120FCE7B086002081
:109DF000044B1A7822B1D878B0FA80F04009704745
:109E000001207047B486002038B50B4DAA6C04467B
:109E100032B90A4B0A4A0B4841F20E410CF0A6FD3A
:109E20002B46002101F0EAFD0023AB642046BDE88B
:109E3000384004F07EB800BFB48600204FCF040045
:109E400016D00400ADCE040010B50379012B02D862
:109E50000024204610BD4389DB07F9D500F120041A
:109E600001212046FEF796FE0028F2D1F0E72630C9
:109E70007047000008B5EFF75FFA034B1868BDE8BC
:109E80000840FFF76BBA00BFB086002010B5074C42
:109E90002046FFF739FBA06BFCF75AF9206CFCF762
:109EA00057F9BDE81040FFF745BA00BFB48600205F
:109EB000024B1878003818BF01207047B486002084
:109EC000FFF738BA47F611239842024603D80348F1
:109ED0005043800D7047FCF743B800BFDF18020005
:109EE000F8B5054610460E461446FFF7EBFF074649
:109EF000FCF73EF8231ADBB228681F2B08BF013796
:109F000038442860307808BF00230344DBB21E2B9E
:109F100083BF1F3B33702B68337084BF01332B60CA
:109F2000F8BD000008B5EFF707FA0020FEF732FF92
:109F3000014B00221A6008BD4087002010B504467E
:109F4000FFF7F0FF2CB104F19C00BDE81040FEF7D4
:109F50002DBF10BD02786FF386120270FFF7EEBFBF
:109F6000027842F040020270FFF7E8BFFFF7E6BF59
:109F7000037843F0400310B50446037000F5947075
:109F8000EFF74AF904F58070EFF760F9E279D4F859
:109F9000F000013ABDE8104018BF01220021EFF7A0
:109FA0005FB9C279D0F8F000013A18BF0122002150
:109FB000EFF756B903786FF386130370EFF758B9CC
:109FC000F8B504460D46174605F036FD034606462D
:109FD00053F8012F22609B88A380034604F10C00F4
:109FE00053F8072FC4F806209B886381696DFBF73F
:109FF000DFFEAB6D2374AB6D1B0A6374B5F85A308A
:10A00000A37495F83830E374B5F8701004F11400B7
:10A01000FBF7CAFEB5F8681004F11600FBF7C4FEA2
:10A02000B5F8901004F11800FBF7BEFE04F11A0019
:10A03000B5F86A10FBF7B8FE2B46222053F81E2F06
:10A04000E2611B7984F8203095F8372095F82C30A0
:10A0500043EA421384F8213033783B70F8BD0000A6
:10A0600008B5034A034B044873210CF07FFC00BF82
:10A07000BED1040033D004005FD0040090F900305A
:10A08000002B10B504460BDA03F0BDFE20B106220A
:10A090000321204603F0EEF823786FF3C7132370F3
:10A0A000A378DA060FD5B4F84610CB070CD50021FB
:10A0B000204602F08FFD0021204603F04AFEA378DF
:10A0C0006FF30413A37010BD11F04001F4D006210A
:10A0D000204602F07FFD94F83510EDE713B5144AE1
:10A0E000436FC46F90F8791012781C441E29A4EBBA
:10A0F000020490F8782001D9FFF7B2FF0A44D2B2E7
:10A100001E2AC26E88BF01342AB113441A1B34EAD6
:10A11000220428BF1C4601A805F0B8FF28B1019B06
:10A120001A1B34EA220428BF1C46204602B010BD88
:10A130001C8D00202DE9F04F90F90130002B8DB0DF
:10A14000044609DA2378002543F0040323702E46E1
:10A150004FF0010800272BE0D0E92A6B002E40F0D9
:10A16000DD80077817F0040702D1BBF1000FE9D0BA
:10A1700094F8E830002F40F02A81DBF804200192A7
:10A18000022BABF1100640F28180E179012903D066
:10A19000032B7BD0022979D1584602F03FFB0028DF
:10A1A00070D1237843F00403237005464FF0010873
:10A1B00023785B070AD50CAB029300238DF820307F
:10A1C000ADF82230ADF8243008AD02AE94F830304E
:10A1D0000BB148F008080FB148F0100894F831307E
:10A1E0000BB148F0040894F9013085F80180002B88
:10A1F00080F20381DFF8F4824FF000096B7803F0FE
:10A200000303032B40F0498133681B78062B40F091
:10A210000C81237843F040032370012384F8E93054
:10A2200004F59470EEF7F8FF04F58070EFF70EF880
:10A23000E279012A14BF00220122D4F8EC000021A7
:10A24000EFF70EF8B8F1000F01D1DFF8A482214634
:10A250004046EFF727F89D484A463146EFF7A6FA01
:10A2600068B9237867F3410323705B0707D594F936
:10A270000130002B03DAA37843F00103A3700DB083
:10A28000BDE8F08F019B3BBB00230193D4F8AC30B9
:10A290005B68C4F8AC301BB904F1AC03C4F8B0304F
:10A2A0009BF809305D4603F00303032B35F808AB38
:10A2B00020D1314620465FFA8AF902F0FEFF9BF872
:10A2C0000980ABF80C90DDF804B0C4F8A860002752
:10A2D000BBF1000F43D186E0019802F09FFA0028FD
:10A2E000D4D1E379012BCFD0304602F0AAFA00286E
:10A2F000CAD0CBE7208B0121FEF740FE237894F8EB
:10A300000D905A0644BF043880B2D14528BFD146CB
:10A31000484528BF48465FFA80F9D0E7778BB6F802
:10A3200010A096F81C9006F11805002F4CD196F855
:10A33000198008F0030894F8E830022BC8D9BBF163
:10A34000000F50D0584602F069FA40B9E379012B6A
:10A3500049D0D4F8A80002F074FA002843D020466F
:10A36000FFF7BCFE07EB09035345B8BFAAEB070391
:10A370008346607BA78BBABFA3EB09031FFA83FA5E
:10A380001FFA80FA504528BF50460121C0B203F0A1
:10A39000DDFE01218246484603F0D8FE07F5E17351
:10A3A00003EB0A07E379012B08BFA38B384404BFF2
:10A3B0009633C018FFF786FD0746FBF7CDFD07442F
:10A3C000A7EB0B07FF0FF3E64FF00108B3E70025FB
:10A3D000022BAA462F46A9464FF001087FF678AF18
:10A3E000BBF1000F05D107EB09035345BFF6B2AE31
:10A3F000B5E7584602F012FAAFE7E379022B0FD126
:10A4000077B994F832305BB994F83430D80607D471
:10A4100033684046197802F028FB00283FF4EAAE82
:10A420004FF000084FF00209E8E6052B3FD12378F2
:10A430006FF3861323700823A4F8E830EEF718FFB3
:10A44000234A244BB8F1000F0CBF90469846FEE615
:10A4500023786FF3861323700623A4F8E830EEF711
:10A4600007FFF4E6237843F040032370012384F8C8
:10A47000E93004F59470EEF7CFFE04F58070EEF746
:10A48000E5FEE279D4F8EC00511E4A424A4100212F
:10A49000EEF7E6FE104A114BD4E723785A067FF513
:10A4A000D6AEE279012384F8E9309A42C2E60B2B5A
:10A4B000F3D1E379012BCBD0022BD3D0084B094A3F
:10A4C000094840F28F510CF051FA00BF098D03008A
:10A4D000719F0300619F0300B59F0300559F030018
:10A4E0009AA30400ECD10400CBD004006D9F0300BC
:10A4F000A39F0300F8B5C468414B05461C6034B9FE
:10A50000404B414A40F2DA5140480CF02FFAA3790F
:10A510002BB92046FFF712FD01252846F8BD05F0AE
:10A52000ADFF0420FEF736FCD4E9151294F82D0097
:10A53000374FEEF7D1FEEFF7DBF9364B93F900001A
:10A54000FEF7D2FDE679012E06D0022E2AD0324B3C
:10A550002D4A40F25561D7E76B683878A9781844DE
:10A56000EFF7B2F80546A8B923785A0617D504F5CF
:10A570009470EEF751FE04F58070EEF767FED4F8A4
:10A58000EC0032462946EEF76BFE2046FFF7D2FD7F
:10A59000054668B32046FFF7D1FC012528E0EEF719
:10A5A00067FEF2E723785B0626D504F59470EEF794
:10A5B00033FE04F58070EEF749FED4F8F000012276
:10A5C0000021EEF74DFE6B683878A9781844EFF754
:10A5D000B3F805460028DDD1237843F0100323703B
:10A5E000D4E921323D3303EB42020146EEF75CFD34
:10A5F000FBF7B2FC606690E7EEF73AFEE3E700BFD8
:10A600004087002029D10400FFD10400CBD00400F2
:10A610001C8D0020308600209AA304000B4B70B5DF
:10A620001C6805460E460CB9204670BD0622294618
:10A6300004F195000EF096FE20B994F89430734022
:10A64000DB07F1D5D4F8B440EDE700BFA88B0020BC
:10A65000F8B540F2E24303FB00F4204616460F46ED
:10A66000FFF730FC0546FBF783FC241AE4B21F2CED
:10A6700005BF00230135347033703D60F8BD406E76
:10A680004B6EC01AC00F7047034B1B680BB1D86DDF
:10A690007047FBF761BC00BF40870020013883B2E0
:10A6A000022B09D8054B4FF4B87202FB00308379B6
:10A6B000002B08BF002070470020704758870020FB
:10A6C000044B186820B1D0F8B4201A6002B95B605E
:10A6D000704700BF4887002003789B062DE9F041B2
:10A6E00004460D460AD590F82F20418D00F11E0337
:10A6F000BDE8F041B0F8480005F0FEBD90F82D002F
:10A70000012604F11E070DB9BDE8F08194F82E3042
:10A7100094F82C000344D8B2252884BFA0F1250367
:10A72000D8B2C0F3C702224484F82E00927F00F012
:10A73000070306FA03F3134209D194F82F30B0FB54
:10A74000F3F103FB1101C9B2384605F09FFD013D4D
:10A75000ADB2D8E770B50446FFF790FC94F83A30F4
:10A7600063B163789E0606D5E379022B09D10023F5
:10A77000A4F8903005E0204602F082F963789D0647
:10A78000F2D421687F4AB4F848500A40092A05F1FA
:10A79000010308BFB4F890209BB204BF9B189BB282
:10A7A0005D1BADB235B9784B784A794840F6B611A1
:10A7B0000CF0DCF8012DA4F8483040F0B180626F55
:10A7C000E36F1A4494F8793062671E2B01D9FFF7C2
:10A7D00047FC94F878100B44DBB21E2B85BF1F3B5F
:10A7E000013284F8783084F8783088BF6267A378C3
:10A7F000980763D5B4F84820B4F850319A425DD137
:10A80000E379B4F84A01012B15D0022B03D1B4F837
:10A81000463059060FD4B4F8683083420BD1B4F8EF
:10A820009020B4F84C319A4205D1B4F86A20B4F8BB
:10A830004E319A4203D0A37843F01003A370B4F8CA
:10A840004E3194F84621A4F86A30B4F84C31A4F89B
:10A85000903040F2E2435343C4F88430B4F84831B6
:10A8600084F83820A4F87030A4F8680004F1790264
:10A8700004F17C01FFF7ECFEB4F838315BB1B4F8B9
:10A88000443140F2712058431E30FFF71BFB002378
:10A89000E066A4F83831B4F8483143B140F2E242FE
:10A8A0005A4304F1780104F17400FFF719FB636F58
:10A8B000C4F88C30A3786FF34103A370A3789A0691
:10A8C0001DD5238DB4F848209B1A1BB2002B16DC33
:10A8D00004F12306304605F001FDD4F82330C4F816
:10A8E0001E3094F8273084F82230A37884F82F00A3
:10A8F0006FF34513A3700121204602F06BF929463E
:10A900002046FFF7E9FE637884F82D009B0614D5F6
:10A91000236E626F9B1A002B0FDC4FF0FF3070BD6F
:10A92000B4F8683040F2E2425A436A4304F17801D5
:10A9300004F17400FFF7D4FA59E7E379022B1FD131
:10A9400094F83720D4F88010606F05F0E7FCB4F875
:10A95000682040F271235343963B9842DDD2D4F8ED
:10A9600084301030C4F888001844FFF7ABFAA330E5
:10A97000084B1A78636F9B1A0344E3650020CEE707
:10A98000A320F5E70900620030D104001AD20400C8
:10A99000CBD004001C8D0020012370B58371037897
:10A9A00004466FF3000303700E46FBF7D5FAE37914
:10A9B0006066022BC4F88C0009D0E579012D56D0D1
:10A9C000022D6DD0394B3A4A40F6513146E0B4F889
:10A9D0007020F568B368C4F8803040F2E24000FBB4
:10A9E0000255B179222003F0B1FBB378242B05EB9B
:10A9F000000239D896F90530022B29DC002B29DD1D
:10AA000002F6C412B36863672146002301F8783F59
:10AA100004F17400FFF764FA94F83830656F40F27F
:10AA2000E2405843C4F8840000F59C500830FFF71A
:10AA300049FA01350544E565204605F051FA00283C
:10AA4000BBD02046FFF786FE0028F5D0002026E088
:10AA5000032B06D0154B164A40F6033115480BF070
:10AA600085FF02F6A662CDE702F2E242CAE7124B88
:10AA70001A6822B9114B124A4FF41A71EEE70026F8
:10AA800031461E602046334600F0B8FF204603F0F2
:10AA900050FA32460321204602F026F8012070BD0C
:10AAA00031462046FFF7B0F9F8E700BF9AA304004B
:10AAB00031D20400CBD004004487002044D10400EC
:10AAC000CFD1040010B5044669B1037843F02003E8
:10AAD0000370436D83EA134343850021FFF7FCFDB8
:10AAE00084F82D0010BD80F82E100121F6E700003B
:10AAF000014B1868FFF722BA40870020012370B588
:10AB0000C371022380F838300023A0F8703080F839
:10AB10003730044615460E4603F07CFB0C23B0FB91
:10AB2000F3F202FB1303053384F82C301D4B9A7BA0
:10AB300084F82F2053F8092FC4F81E201B7984F8BD
:10AB4000223005F099FB606503F064FB164BC4F8F6
:10AB5000DC3020F07F40A065737884F89330334672
:10AB600040F2712053F8032FC4F895209B88A4F875
:10AB70009930B37884F894302B68A4F868306B6807
:10AB8000E3672B7A84F879306B89A4F89030AB892D
:10AB9000A4F86A302B8A58431E30FFF793F9E06619
:10ABA00070BD00BF40860020F5A4030038B5058ABB
:10ABB000BDF810409542457A16BF0282002201225C
:10ABC0008D421CBF4172012244B1418AA14205D08D
:10ABD00044824BB9002101F0B3FF09E033B1817A1F
:10ABE000994203D08372F5E70122F8E7002AF1D1F8
:10ABF000002038BD7F2310B50372FF2380F8393061
:10AC00004FF408538387224BC0E9283003460021C4
:10AC100001608171C0F83E1080F83510C0F8411015
:10AC200080F892104187A0F83811C0F89C1043F8C2
:10AC3000AC1FC0F8B0304FF080730363154BC0F801
:10AC4000A8109A7842725A788272DA88DB89438235
:10AC5000114B0282C0E905334FF4A473C0E912110D
:10AC6000A0F8461041F61B3283831B230446C372AF
:10AC7000828183735022E8300EF0AAFB012384F80E
:10AC8000E830064B1A68C4F8B4201C6010BD00BF41
:10AC900011AE03003087002048014801A88B002036
:10ACA00038B5828A438AC17A934228BF1346428BC1
:10ACB0009A4218BF4383C28A038A14BF0125002524
:10ACC000934228BF1346028B9A42827A16BF0383AF
:10ACD0002B4601238A4228BF0A46817B914218BF36
:10ACE0008273017B427A1CBF01231D468A4228BF22
:10ACF0000A46417B9142044606D0427335B920464C
:10AD0000BDE8384002F0DCBF5DB11D46A07B0121EB
:10AD100003F01CFA638B80B2834228BF0346A383EF
:10AD20002B46002BEBD138BDF8B50446CC300D4690
:10AD300005F07EF908F0ECFC324B1B68A34201D110
:10AD4000FFF7F0F808F0ECFC04F1B800FCF710F99C
:10AD50002D4A1368A3421AD1D4F8B4301360D4F842
:10AD6000A80020B1FBF7F4F90023C4F8A83004F1DF
:10AD7000AC07D4F8AC60A6B17368C4F8AC300BB9BA
:10AD8000C4F8B070A6F11000FBF7E2F9F1E71A463B
:10AD9000D3F8B430A342FAD1D4F8B430C2F8B43006
:10ADA000DDE704F19C00FEF785F86378A67103F0F7
:10ADB0001803182B07D13146204603F04AF8637870
:10ADC00066F3041363706378DB0607D529462046D3
:10ADD00003F03FF863786FF3041363704DB1022DF5
:10ADE00003D194F90130002B03DA2946204600F004
:10ADF0004DFF0023C4F8B430044B5A681460B434D7
:10AE00005C60F8BD40870020A88B002048870020A8
:10AE100038B5044603F04AFEA46834B9364B374AC5
:10AE2000374840F66C310BF0A1FD04F035FB637838
:10AE300013F040051CD1236803F4C033B3F5C03FC1
:10AE400009D194F83B10002908BF13212046BDE822
:10AE50003840FFF769BF04F19C00FEF72BF8237818
:10AE6000DB0748BFC4F884502046FFF773FC08B1E5
:10AE70001621EBE7237884F8320060F30003237097
:10AE8000204601F075FE1F4BC4F8DC30204604F06C
:10AE90005BFFC8B9A379012B0BBFB4F86830B4F8D5
:10AEA0006A3041F64C5042F210700BBF5843584381
:10AEB0003E250825FFF706F8636FD4F88C209B1A0F
:10AEC000834207D32946C1E72046FFF743FC002809
:10AED000DCD0CDE7204600F065FE637803F0180370
:10AEE000182B07D10021204602F0B3FF63786FF3DF
:10AEF0000413637038BD00BF29D1040045D204009B
:10AF0000CBD00400F5A40300F8B50D46117B242B2B
:10AF1000536894BF05242524CF07164648BF44F044
:10AF200080046A1C002B39D0C9062CD590F89330C8
:10AF3000012B14D996F90D30002B06DA2A4B2B4A37
:10AF40002B4840F60E410BF011FD2A48362744F0FD
:10AF50004004012103FB070003F0E8FB06E073B99E
:10AF6000254B1968C5F801109B88938033681A68CF
:10AF7000C5F807209B88A5F80B302C70F8BD1F4B37
:10AF800044F04004EDE71968C5F801109B889380F0
:10AF9000337B9A07EAD544F04004E7E790F8931032
:10AFA000CB074ABF154B144B44F04004012911D97B
:10AFB00096F90D70002F0DDBDFF838C04FF0360E1C
:10AFC0000EFB07C1897829B144F04004012107FB39
:10AFD0000EC0C1E71968C5F801109B889380012352
:10AFE00080F89230C2E700BF59D104005BD2040060
:10AFF000CBD00400D88B0020398600203386002077
:10B0000010B5084C0020FDF7C5FE206840B103785C
:10B010006FF3000300F89C3BFDF7C8FE002323609C
:10B0200010BD00BF40870020024B1868CC3004F0F0
:10B03000FFBF00BF50870020144B2DE9F0411F686F
:10B0400006468846144600F118010022384604F0EE
:10B05000DDFE0546B0B904F0EFFC42460146B37E82
:10B060003846FFF751FF29462846EEF71BF9002C1A
:10B070000CBF2246022206483946EEF797FB18B16C
:10B08000FFF7D2FF4FF0FF30BDE8F081508700207E
:10B09000C19F0300F8B503681E78264B17460022AF
:10B0A0001D681A600B7BC3F3800385F894308B68AE
:10B0B0001A68C5F895209B88A5F899300B7B13F08A
:10B0C00008030C4606F020061FD091F90D00002859
:10B0D00006DA194B194A40F6CD4119480BF046FCE7
:10B0E000012385F89B30096803F05CFB206804F0BD
:10B0F00099FC237BDB0611D594F90D30002B07DA80
:10B100000D4B0E4A40F6D641E7E785F89B30F0E755
:10B1100027B90C4B094A40F6D741DEE7311E2846D5
:10B1200018BF0121FFF7CEFC28460021BDE8F840FA
:10B13000FFF732BC5087002059D104007BD20400B5
:10B14000CBD004006FD1040038B504460D4608F09A
:10B15000DFFA094B1B68A34207D008F0E1FA294641
:10B160002046BDE83840FFF7DFBDFEF7DBFE08F004
:10B17000D7FA04F091F9F2E74087002038B5144D72
:10B180002C680CB901200DE0636D8B420BD00020C0
:10B19000FDF700FE04F19C00FDF708FE00232B6084
:10B1A0004FF0FF3038BDA388C3702378022243F0EC
:10B1B0000103A271DA062370E4D56FF30413237040
:10B1C0008368C4F880306367C36884F87830D9E74F
:10B1D000408700200B882DE9F0470E4619060546EA
:10B1E00006D4424B424A4FF4576142480BF0BEFB33
:10B1F000F078FFF753FA044688B1FEF73FFF2B685B
:10B20000328893F80080920608F0080A0CD594F86A
:10B210003330534503D03D212046FFF795FF2846A4
:10B22000BDE8F047FAF794BF18F00307F7D093F89A
:10B230000190B9F1000F01D1012FF0D194F8E8206D
:10B24000E379052A06D9012B06D1284601F0D5FA63
:10B2500020B9E0E7022A01D9022BF6D0264A337939
:10B2600012789B1A2372E379022B06D118F0040F8F
:10B270001EBF237843F00803237094F833305345FE
:10B28000CDD0012F84F833A013D1B9F1000FC6D06F
:10B290006B79072B98BF002305F110021A442B6825
:10B2A0009B1A9BB2012B0CD8144B114A40F6E95162
:10B2B0009BE7032FECD129462046BDE8F04701F07B
:10B2C000A3BC02212846FBF7DCF82E68A188304693
:10B2D00041EA0731FAF768FDB01C4946FAF764FD08
:10B2E0002846BDE8F047F4F7D3BE00BF77D104008D
:10B2F00095D20400CBD00400318600209CD10400FC
:10B300002DE9F04F0C88AE4B0678D3F800A090F8EA
:10B31000019014F0800485B005460F4600F0488186
:10B3200009F10200FDF70CFC0446BAF1000F00F031
:10B330003C81BB68D7F80C8002930121484602F09B
:10B3400005FF3A881706804430D49AF8322001323B
:10B35000D2B2012A8AF8322000F227819AF8072017
:10B36000012A08D0022A0DD0964B974A40F69961DF
:10B3700096480BF0FBFA9AF80020C2F34002002A2C
:10B3800000F013819AF80760012E00F0E280504629
:10B39000FEF7D0FE0746002C40F0918017B15046D2
:10B3A000FEF7CCFD384605B0BDE8F08F00278AF8DF
:10B3B00032704046FEF786FD029B8AF834601844DE
:10B3C00006F0030BBBF1030FCAF88C0008BFAB7883
:10B3D0009AF800200CBF0193019724B130079AF826
:10B3E000311019D5D1B912F004029AF8301006F0D4
:10B3F000040302D1DAF8A80030B31BB321BB81F0FB
:10B4000001018AF83010002A3BD09AF800206FF32F
:10B4100082028AF8002017E00029E4D181F00101BE
:10B420008AF831105106DED5297801F0030101298F
:10B4300002D169780029D6D0DAF8F0100131CAF8C3
:10B44000F010D0E70029DAD1BBF1030F0ED1019B38
:10B45000022B0BD1B9F1020F08D19AF8012042F06A
:10B4600080028AF80120EA788AF83B209AF80720BF
:10B47000012A62D0022A85D0524B534A40F62671E7
:10B4800076E7DAF8A870002FDED09AF8E91021B13B
:10B49000DAF8EC100131CAF8EC10797E01F0030102
:10B4A000032914D10021CAF8A8103846514601F0EA
:10B4B000A5FF07460028C7D0002C3FF470AF2846F0
:10B4C0002146EDF79DFD2046FDF776FC66E7798B7A
:10B4D000B88BB7F810C0014489B26145798312D3A3
:10B4E00050B1BAF84A10013189B20229AAF84A10BB
:10B4F00002D93748FDF75AFC3846FAF729FE0022F0
:10B50000CAF8A820A0E7ACEB01018BB2BAF818008A
:10B5100003930121FDF732FD9AF800104B069AF8CB
:10B520000D10039B44BF043880B2994228BF1946CE
:10B53000884228BF0846B88386E79AF8002006F0BC
:10B54000100602F0020252EA060314BF0122002292
:10B5500015E75046FEF7C2FDDAF8A820074682B983
:10B56000DAF8AC0080B1A0F11002528B0088801A8A
:10B570009AF80D2080B2904228BF10460121C0B237
:10B5800003E002F11000F0E7314602F0DFFD06466D
:10B59000BAF81C00029B00F596708044F81AFAF77E
:10B5A000E7FC4644B0423FF6F2AE4FF0FF3783E788
:10B5B000BAF1000F7FF4BDAE4FF0FF37EFE600BFEA
:10B5C000408700209AA30400ADD20400CBD0040031
:10B5D0008C860020032A70B504BFCB800B82002329
:10B5E0000B764B834A760C4690F8E8100229054604
:10B5F00004F110060DD808F08BF8002344F8143F2E
:10B60000D5F8B0301E60C5F8B040BDE8704008F015
:10B6100087B802F00302032AEDD123681B78023BAE
:10B620000F2BE8D801A252F823F000BF73B6030035
:10B630008BB603008BB6030073B6030073B603002A
:10B64000F7B50300F7B50300F7B50300F7B503003E
:10B650006DB60300F7B5030073B60300F7B503003A
:10B66000F7B50300F7B5030073B60300C379012BE8
:10B67000C1D108F04DF8D5F8AC30636113B914347A
:10B68000C5F8B040C5F8AC60BFE70629F0E700BFD9
:10B6900013B50446C1F30B000192FEF7FFFF58B14A
:10B6A00011F4405F019B0CBF02220122214602B02F
:10B6B000BDE81040FFF78EBF204602B0BDE8104045
:10B6C000FAF746BD074B10B51C6804B910BDE17907
:10B6D000012903D10022204601F006FAD4F8B44033
:10B6E000F3E700BFA88B00202DE9F84F6B4F3C68B3
:10B6F00005468A469046994600F1020B002C40F020
:10B70000A880FEF7DDFF0446002800F0B18005F1B7
:10B710000E00FAF769FB6065B5F81320AB7C43EACD
:10B720000223A3656B7D84F8383005F11600FAF723
:10B7300056FBA4F8700005F11800FAF750FBA4F8C6
:10B74000680005F11A00FAF74AFBA4F8900005F129
:10B750001C00FAF744FB2B46A4F86A0053F81E2F8E
:10B76000C4F81E20844604F11E001B79037195F86D
:10B770002330B4F8686003F01F0384F82C3095F888
:10B780002320520984F83720B4F87020B24200F226
:10B790008180B21F92B240F67A418A427AD894F8F8
:10B7A0003820002A76D0B4F89010B1F5FA7F71D223
:10B7B000053B0B2B6ED842F2107303FB0CFC01FB14
:10B7C000066340F6C4114B439C4563D9013E082EE5
:10B7D00028BF082696425DD3DBF80030C4F89530C8
:10B7E000BBF80430A4F8993084F894A004F076FDF6
:10B7F000012884F82F004DD9B4F8680004F17902CB
:10B8000004F17C01FEF724FF0223E3712046FFF7D9
:10B81000F1F9B9F1000F33D12978C1F34011204675
:10B82000FFF750F91E4BC4F8DC3041462046FFF7C5
:10B83000B3F8F0B93B68D4F8B420A34222D13A60FF
:10B840000023C4F8B430174B5A681460B4345C60F9
:10B850000FE00622594604F195000DF083FD60B912
:10B860002A7894F89430520603F0010303D523B1EB
:10B870000020BDE8F88F002BFAD0D4F8B4403DE7A3
:10B880000121CCE71946D3F8B430A342FAD1C1F86C
:10B89000B420D5E70020C4F8B400D4E7A88B00207A
:10B8A000F5A4030048870020F8B5254B186818B1A7
:10B8B00000211960FFF738FA224C206818B1FAF716
:10B8C000F7F900232360204B204C00221A602068E7
:10B8D00018B10021FFF728FAF9E7EDF7F7FFFB2889
:10B8E000064628BFFB26F6B2371D194DFFB20446A7
:10B8F000012138466E7002F029FC0121E8813846AA
:10B900002E7002F023FC1B2C28BF1B24E4B2AC7069
:10B910000434E4B2A8810121204602F017FC012181
:10B92000E880204602F012FC03212881204602F024
:10B930000DFC1B23EB704FF4A4736881AB80F8BD42
:10B94000408700204487002050870020A88B0020DB
:10B95000308700202DE9F041134E144B144D002484
:10B96000C6E900461C60A04603274FF4B8720021C8
:10B9700028460DF02DFD01347368C5F8B480A4B2DB
:10B98000AC8028461D6005F1B40385F8CC70C5F87D
:10B99000D850736001F07AFD032C05F5B875E4D139
:10B9A000BDE8F041FFF780BF48870020A88B00204A
:10B9B00058870020002102F0CCB9884210B51BD86E
:10B9C000052819D9B1F5486F16D8B2F5FA7F13D208
:10B9D000A3F10A0080B240F67644A0420CD842F2AD
:10B9E000107402FB011240F6C410634350438342BB
:10B9F00094BF1220002010BD1220FCE72DE9F04179
:10BA000005460E46984614462AB9544B544A92218C
:10BA100054480AF0ABFF0A2002F0A6F807460028B7
:10BA200067D03E231F22237062700021A01C0DF0FE
:10BA3000CFFC0A23A370E670002D51D0AB88A38001
:10BA4000EB79013BA37195F89430E3712B4653F8E1
:10BA5000952FA2609B88A381EB79012B05D0022B47
:10BA600024D0414B3E4ABD21D2E795F892305BB9D4
:10BA700095F89330012B07D903F0D0FF20B103686C
:10BA8000C4F80E308388638295F89B3013B1E37954
:10BA90000233E371E379012B12D9EB79012B09D041
:10BAA000022B22D0304B2E4AD921B1E74046FEF777
:10BAB000CBF9E3E703F0AEFF036863618388238378
:10BAC000B5F868306383B5F89030A383B5F86A3071
:10BAD000E383EB79022B04BF95F8373084F82030EC
:10BAE0002046BDE8F04101F0DDBC4046FEF7BFF95D
:10BAF000E2E7012002F038F850B33E23132223700E
:10BB000062703946A01C0DF063FC0123A370E6703F
:10BB1000002DE5D0AB88A380EB79013BA37195F8AC
:10BB20009430E3712B4653F8952FA2609B88A38134
:10BB3000B5F86830E381B5F890302382B5F86A3003
:10BB40006382EB79022BCBD195F837302375C7E7A9
:10BB50002046BDE8F041FAF7ABB800BFC4D20400FC
:10BB60009DD30400CAD204009AA3040010B5094C66
:10BB7000226832B9084B094A094840F2E5410AF007
:10BB8000F5FE002318460221FFF738FF002323604B
:10BB900010BD00BF448700202CD30400F0D3040064
:10BBA000CAD204002DE9F843044620B308F080FC13
:10BBB000344B1B68C01AB0F5006F1CD2B4F84A3081
:10BBC000002B5CD00020FAF761F8002857D0132230
:10BBD000027001228270A288A0F80320B4F84A20E3
:10BBE000A0F80520052242700023A4F84A30BDE8E1
:10BBF000F84301F057BC244B4FF000081C68404646
:10BC0000C1464546012613273CB9A8B301F04AFCBA
:10BC100008F04EFC1B4B186031E0A3794BB3B4F82D
:10BC20004A3013B9D4F8AC301BB338B9FAF72EF850
:10BC300010B30770467000F10209857099F8003062
:10BC4000A18809EB83020133A2F80110B4F84A106D
:10BC5000A2F803104278DBB20432112B427089F84B
:10BC60000030A4F84A5004D101F01CFC4FF0010848
:10BC70000020D4F8B440C7E7B8F1000FC8D1BDE840
:10BC8000F88300BF0C620020A88B002038B5054661
:10BC900005200C4601F090FF88B10020F9F7F6FF6F
:10BCA00068B1052202700422427000228270AA88C4
:10BCB0004471BDE83840A0F8032001F0F3BB38BD63
:10BCC0000378012B09D813B98378032B05D843785F
:10BCD000032B8CBF122000207047122070470000F9
:10BCE00070B518298AB0044602D812200AB070BD77
:10BCF000524B1B680BB10C20F8E703F085FE0028BF
:10BD0000F9D1A51D61792846FEF788FC002840F08E
:10BD10008E80237B8DF8013023798DF80030002B45
:10BD200076D163798DF80230D4F80630CDF803303F
:10BD30006389ADF807306278237843EA0223ADF8CF
:10BD40000A30A378E278684643EA0223ADF80C3063
:10BD5000FFF7B6FF0028C9D1B4F80F50B4F80D3082
:10BD6000AB42C2D80595B4F81120ADF81E20B4F846
:10BD70001330ADF82030B4F81510ADF822108EB2A3
:10BD8000B4F81710ADF824108CB29BB292B22946C9
:10BD90002846FFF712FE0028A7D1A642A5D86B00BF
:10BDA000B6EB450F88BFADF82230A342244C38BF14
:10BDB000ADF82430284607AA06A9FEF749FC2068FA
:10BDC00018B9F9F763FFA0B32060FEF779FC0446C9
:10BDD00088B305AA6946FEF791FE2046FEF70AFFE2
:10BDE0006A460021204603F0E3FD00283FF47EAFC1
:10BDF0001449D4F8B4200B68A34210D10A60002380
:10BE0000C4F8B430104B5A681460B4345C606DE709
:10BE10008DF80200CDF80300ADF807008BE7194656
:10BE2000D3F8B430A342FAD1C1F8B420E7E70B202D
:10BE30005CE707205AE7092058E700BF5087002039
:10BE400044870020A88B002048870020022938B5AD
:10BE50000C4626D10088FEF721FC054618B343782E
:10BE6000DA0601D50C2038BD1B070CD4B0F84630DB
:10BE700013F0080407D1C379022B0AD00022032152
:10BE8000284600F031FE6B7843F010036B70002001
:10BE9000E9E7FDF71BF8234600F008021343EDD154
:10BEA000E0E71220DFE72046DDE70000F8B507886D
:10BEB0000546B8B2FEF7F2FB0446002800F0898080
:10BEC000B0F868306A889A4228D8AA889A4225D35E
:10BED000B0F89020EB889A4220D1B0F86A202B89E4
:10BEE0009A421BD1AB896A899A4202D91225284607
:10BEF000F8BD40F2712058431E3047F61123984296
:10BF000009D8384B5843800DE0662146364801F089
:10BF10007FFE0025EBE7FAF723F8F5E7B4F84630A3
:10BF200003F04103002B56D194F83D6016F0020651
:10BF300004D1E379022B02D11A25D8E70626A3788B
:10BF40001A0714D5E279012A08D0022A45D0274BD6
:10BF5000274A284840F23B410AF008FD6FF3C3032B
:10BF600094F83610A3702322204601F083F9A378B9
:10BF70009B0602D5E379022B31D06B88A4F83A31C5
:10BF800098B2AB88A4F83C3199B2EB88A4F83E3162
:10BF9000B5F808C0A4F840C19AB21FFA8CF3B5F8FE
:10BFA0000AC0A4F842C1AD89A4F844511FFA8CFE1E
:10BFB0001FFA85FCE64599D8FFF7FFFC05460028E7
:10BFC00095D10246A4F838713146204600F08CFD28
:10BFD0008DE702258BE70C2589E7232587E72A25AE
:10BFE00085E700BFDF180200B5B903009AA304007B
:10BFF000D9D30400CAD204000E292DE9F047054622
:10C0000090461F4674D1B0F80090FCF75FFF002304
:10C0100000F0020213431FFA89F465D02046FEF7B0
:10C020003DFB0446002861D083882A88A0F8383177
:10C030009A4206D02F4B304A304840F26F310AF016
:10C0400095FC6888A4F83A01A988A4F83C11EA880C
:10C05000A4F83E212B89A4F84031B5F80AC0A4F811
:10C0600042C1AD89A4F844519BB292B289B280B268
:10C070001FFA8CF6FFF7A1FC1FFA85FA054650BBA4
:10C08000564588BF1225A3781B071DD52DBB10214F
:10C090001B20FAF733F8064690B1D0F800A004F55B
:10C0A000AA725146204600F0FBFB154B8AF80000AF
:10C0B0001B5C0133DBB2032231462046FFF78AFACC
:10C0C000A3786FF3C303A3700223A8F800903B701A
:10C0D0002846BDE8F0871225D5E794F836103B22B4
:10C0E000204601F0C7F8EBE70125EDE70225EBE775
:10C0F0001225EDE742D30400B9D30400CAD20400EC
:10C10000EED5040003292DE9F843804616461D4666
:10C1100029D10788FCF7DAFE4FF0000900F002028F
:10C120004B461343BCB218D02046FEF7B7FA04467C
:10C13000A8B1817811F0080113D098F8022090F886
:10C14000361001F097F8A37869F3C303A37048464B
:10C15000022337802B70BDE8F8830120F8E7022026
:10C16000F6E70846F4E71220F5E7000038B507F0D7
:10C17000CFFA0B4B1D688DB1AC797CB901201C60E6
:10C1800002F04EFF02212846FEF7CEFD054821466B
:10C1900001F03EFD07F0C4FA204638BD0C24F9E753
:10C1A000508700206DBB030038B505460088B0F508
:10C1B000706F0AD2AB781A2B09D8042B05D901224B
:10C1C00002FA03F3124A134205D112201AE0292B76
:10C1D00001D03B2BF9D1FEF761FAA0B190F83A30CB
:10C1E0009BB9437813F0200406D00A4B0A4A0B4847
:10C1F00040F23A510AF0BAFBAB7880F83A3000F0DE
:10C200003FFC204638BD0220FCE70C20FAE700BFC7
:10C210002000380478D304001BD40400CAD20400E0
:10C22000022938B50C4618D10088FEF737FAB0B1AC
:10C23000B0F8464014F0100113D1457815F002050E
:10C2400005D12A46042100F04FFC284638BD44F0B1
:10C250001004A0F846400846F8E71220F6E720460A
:10C26000F4E70C20F2E70229F8B50C4615461E4605
:10C270000FD10088108080B2FEF710FA30B190F92B
:10C2800008300020AB7003233370F8BD7F232046B5
:10C29000F8E71220F9E70229F8B50C4615461E46C4
:10C2A00021D10788B8B2FEF7F9F9AB1C38B9C5F847
:10C2B00002001871204607232F803370F8BD817863
:10C2C00011F0200107D050F8232FC5F80220027981
:10C2D0001A710020EFE750F81E2FC5F802200279EE
:10C2E0001A710846E7E71220E8E72DE9F04306292E
:10C2F00085B0044617461E4603D0122005B0BDE89F
:10C30000F083B0F800801FFA88F0FEF7C7F9054601
:10C31000A8B1A288B4F8029003921146484601F0F1
:10C32000EAF80028E9D00023039A009349462846FA
:10C33000FEF73CFC0223A7F800803370DEE7022002
:10C34000F8E71C2938B5054625D10088FEF7A6F97F
:10C35000044610B3C379022B21D090F83930022B58
:10C360001FD0D5F80220D5F80630C0E93E23EA7A7E
:10C37000AB7A43EA0223A0F8EA30102205F10C015F
:10C3800000F58470F9F74AFD20460022022100F0F2
:10C39000ABFB002038BD1220FCE70220FAE71F208B
:10C3A000F8E70C20F6E712292DE9F041054617467B
:10C3B0001E4627D1B0F800801FFA88F0FEF76EF90C
:10C3C0000446C8B1C379012B18D090F8E830092B86
:10C3D00016D11022A91C00F58470F9F71FFD204624
:10C3E00000F002FA204600F039FA00200223A7F8F4
:10C3F00000803370BDE8F0810220F7E71F20F5E7E9
:10C400000C20F3E71220F5E702292DE9F0410C4654
:10C4100017461E4622D1B0F800801FFA88F0FEF7BA
:10C420003DF90546A0B1C379012B13D090F8E8304F
:10C43000092B11D10622032100F01CFF0A2385F8E5
:10C44000E83000200223A7F800803370BDE8F081B7
:10C450002046F7E71F20F5E70C20F3E71220F5E769
:10C460002DE9F84305460C46164601F1020901F193
:10C4700004088F1D002A3DD011882046F9F794FC4E
:10C4800071884846F9F790FCB1884046F9F78CFC72
:10C49000F1883846F9F788FC00232372B5F8481074
:10C4A00004F10900F9F780FC04F10B004FF6FF716D
:10C4B000F9F77AFC04F10D004FF6FF71F9F774FCFF
:10C4C00004F10F004FF6FF71F9F76EFC04F1110053
:10C4D0004FF6FF71F9F768FC04F113004FF6FF7196
:10C4E000F9F762FC04F115004FF6FF71BDE8F8435F
:10C4F000F9F75ABCB0F8383133B90C4B0C4A0D4837
:10C500004FF4E7610AF032FAB0F83A112046F9F731
:10C510004BFCB5F83C114846F9F746FCB5F83E111E
:10C520004046F9F741FCB5F84011B2E73AD40400AF
:10C5300030D504004BD4040038B50C460546817A4A
:10C54000601CF9F731FC698AE01CF9F72DFC697A67
:10C55000601DF9F729FC298AE01DBDE83840F9F78C
:10C5600023BC00002DE9F843054689461B20102115
:10C570001446F9F7C3FD074680B3066806F10108C3
:10C58000B9F1080F00F2AD80DFE809F0052B854B0B
:10C59000627378B07F00AA78002C14BF04230023B4
:10C5A00022F0060243EA0203AB700DD0224602F1EC
:10C5B000180C05F5AA7410685168234603C30832A5
:10C5C00062451C46F7D100244A4B34701B5D013391
:10C5D000DBB2032239462846FEF7FCFF3846BDE8A9
:10C5E000F883454B1A68C6F801201B7988F8043097
:10C5F000D8F80030C5F8233098F80430B5F8481062
:10C6000085F82730B5F890301944073189B229856B
:10C61000B01DF9F7C9FBAB7843F02003AB700124E0
:10C62000D2E7EB79012B08D0022B0FD0334B344AE1
:10C6300040F6C51133480AF099F90824FCF746FC86
:10C6400002460B464046F9F7BBFBBDE70E24F5E773
:10C650006B7843F002036B70092373704FF6FF7120
:10C66000B01CF9F7A1FB0021301DF9F79DFB0C244C
:10C67000AAE795F83A3073700224A5E700224146F4
:10C680002846FFF7EDFE0F249EE731462846FFF7C8
:10C6900053FF142498E795F8E830022B28D0D5E909
:10C6A0003E234046F9F78CFB05F59074B5F8EA1087
:10C6B00006F10900F9F778FB0821204601F072FD28
:10C6C0002146082206F10B00F9F7A8FB042105F525
:10C6D000807001F067FDD5F80031C6F813300324EF
:10C6E00072E7064B064A40F60B21A3E712246BE7DC
:10C6F0000A2469E7EED50400498600209AA30400C5
:10C70000A5D504004BD4040080682221FEF71CBD8F
:10C710002DE9F041044608460D46F9F760FB07464F
:10C72000A81CF9F75CFB8046281DF9F758FB064664
:10C73000A81DF9F754FB1A2F12D9B8F5A47F0FD30F
:10C740001A2E0DD9B0F5A47F0AD3A082A4F81680C2
:10C7500020462773E672FEF7A3FA0020BDE8F081B9
:10C760000120FBE702380F280BD8DFE800F00808AB
:10C770000808080A0A0A08080A080A0A0A0801201A
:10C7800070470020704770B50E2B16460446C279DC
:10C790000D4625D1012A25D1FCF798FB2A7884F88B
:10C7A0003D200B4655F8011FC4F83E10A988A4F897
:10C7B0004210A979657884F84410290702EA00023A
:10C7C00058BF45F0080584F83D2058BF6570024603
:10C7D000701CF9F7F5FA94F83D307370092070BDBC
:10C7E000022AD8E70720FAE710B500F5847420463E
:10C7F00003F032FF0028FAD110BD02681378507898
:10C8000003F00303032B02D19078FFF7ABBF012B9A
:10C8100006BFB0FA80F0400900207047427A838951
:10C8200002F00302032A04D150F8103C1878FFF7F5
:10C8300099BF012A03BFD8B2B0FA80F040090020A6
:10C840007047437E03F00303032B05D10368187878
:10C85000831F5842584170470020704710B510217F
:10C8600004461B20F9F74AFC0146B0B103680522D3
:10C870001A70204601230322FEF7ACFE94F83930EB
:10C88000FF2B08D1022384F839304FF4204104F102
:10C89000B800FAF719FB002001E04FF0FF3010BD9F
:10C8A00038B5C579012D134608D0022D20D0144B80
:10C8B000144A154840F294710AF058F88178002A19
:10C8C00014BF0422002221F0060142EA0102827014
:10C8D00013D01A4600F5AA7403F1180510685168C0
:10C8E000234603C30832AA421C46F7D1002038BDB4
:10C8F0000131FFF7B5FD1020F9E71846F7E700BF53
:10C900009AA3040050D504004BD40400F7B50446A4
:10C9100008460D4617461E46F9F761FAA4F8540179
:10C92000A81CF9F75CFAA4F85601281DF9F757FA84
:10C93000A4F85801A81DF9F752FAA4F85A012B7A65
:10C9400084F85C3105F10900F9F749FAA4F85E01B1
:10C9500005F10B00F9F743FAA4F8600105F10D00A9
:10C96000F9F73DFAA4F8620105F10F00F9F737FA7B
:10C97000A4F8640105F11100F9F731FAA4F8660191
:10C9800005F11300F9F72BFAA4F8680105F1150079
:10C99000F9F725FAB4F85A31A4F86A01B4F8582125
:10C9A000B4F85611B4F85401FFF707F8002855D130
:10C9B0000F2E04F5AA7215D1B4F86830B4F85411EA
:10C9C00099420FD8B4F8561199420BD3B4F86A10B3
:10C9D000B4F85A31994205D1B4F89010B4F85831EE
:10C9E000994236D0E379022B01D0102E1ED1B4F833
:10C9F0003831DBB1B4F85431B4F83A01834215D37D
:10CA0000B4F83C118B4211D8B4F8563198420DD885
:10CA100099420BD3B4F85811B4F83E31994205D17C
:10CA2000B4F85A11B4F84031994212D0062001925C
:10CA300001F09AF8B8B1019A2046114601F064F964
:10CA4000A37884F8366043F00803A370FF2003B096
:10CA5000F0BD39462046FFF723FFF8E71E237E701E
:10CA6000BB701120F3E71A23F9E700F00300032855
:10CA700003D18B1E58425841704700207047000078
:10CA800070B590F83A30044633B9134B134A144842
:10CA900040F6532109F06AFF00220521FFF762FDED
:10CAA000A0B16378B4F86A6043F02003637042F287
:10CAB00010735E43F9F750FA47F611239E4205467C
:10CAC00005DC084B73439B0D2B44236670BD304639
:10CAD000F9F746FA0346F7E7A9D40400BBD50400EA
:10CAE0004BD40400DF180200052938B504460D4672
:10CAF00006D1104B104A114840F66F2109F036FF5D
:10CB000090F83930FF2B0CD1FFF72CFD48B1012DE7
:10CB100084F8395005D04FF4204104F1B800FAF7F9
:10CB2000D3F9012101FA05F5B4F846100D43A4F834
:10CB3000465038BDC8D40400D7D504004BD40400F7
:10CB400090F83D309B0612D569B1437A1B2B0AD869
:10CB5000837A1B2B07D8038AB3F5A47F03D8438AB3
:10CB6000B3F5A47F03D900220821FFF7BDBF7047AA
:10CB700038B590F83A50044635B14378990621D437
:10CB8000BDE83840FFF77CBF90F83930FF2B19D152
:10CB9000B0F84630B3B1B4F846302B41DA070ED5C1
:10CBA000042D10D163785B070DD50021204601F0DC
:10CBB00076F9B4F8463023F01003A4F84630013576
:10CBC0000E2DE8D138BD294620460022BDE8384068
:10CBD000FFF78ABF38B590F839308B4204460D46CE
:10CBE00005D1B830FAF7C4F9FF2384F839300121B0
:10CBF000A940B4F8465025EA0105A4F8465020465D
:10CC0000BDE83840FFF7B4BF2DE9F84F0F68DFF8F3
:10CC100060A67B7897F80280013BB8F1290F0446A3
:10CC20008946DBB200F20C831AF808209A4240F0E1
:10CC30000783A8F10303242B49D8DFE803F0314828
:10CC4000314848484831484848353333482F4837F9
:10CC5000482C4848294848254848484848484848B2
:10CC60004813130000262025FCF730F906EA0002DD
:10CC700005EA010313432AD1B8F1030F18D00725A1
:10CC800000264FF0000BB4E04FF000760025EBE7F4
:10CC90004FF48036FAE74FF41066F7E71026F5E711
:10CCA0000126F3E70226F1E70826EFE72026EDE765
:10CCB00094F83D6016F004064FF01A0304D087F88C
:10CCC0000180BB701125DBE77B700D25D9E7FD1CCA
:10CCD000B8F1150F00F2AA80DFE818F01600530033
:10CCE000A8007E01B401D401EB01BD0016011E01B4
:10CCF00010021D0246017D027C0139026A027D029A
:10CD0000B60234027100A400E379012B54D0FB7801
:10CD100084F84631381DF9F762F8A4F84801B81DC7
:10CD2000F9F75DF8A4F84A0107F10800F9F757F898
:10CD3000A4F84C0107F10A00F9F751F8A4F84E01E4
:10CD400007F10C00F9F74BF8B4F84830A4F850019B
:10CD5000C31A9BB247F6FE72934204D9282120469B
:10CD6000FEF7F2F90BE0A27842F00202A27033B9AA
:10CD70000130A4F8483184F84631A4F85001FF2569
:10CD80001BE0E379012B17D007F10800F9F727F82A
:10CD9000B4F84830C31A9BB247F6FE729342DDD80E
:10CDA00020852B68C4F823302B7984F82730A378AA
:10CDB00043F02003A370E2E70725EDB206E1294620
:10CDC0002046FFF7A5FC8346002840F0398294F8FE
:10CDD0003930082B07D0B4F84630D80544BF23F4C7
:10CDE0008073A4F8463039462046FFF7A5FB00269D
:10CDF00015251AF805303D70072D03F1010308BF12
:10CE000087F80180DBB2032249462046FEF7E2FBA9
:10CE1000BBF1000F00F03381002202212046FFF712
:10CE2000A1FB2CE194F83930082B01D0002623E136
:10CE300029462046FFF76CFC0821002806462046BC
:10CE40000EBFFF2507254FF0FF36FFF7C3FEFF2D6E
:10CE50007FF417AF10E1FD7895B10E3DEBB2062BD4
:10CE60003FD8062D3DD8DFE805F01B233E3C343C7F
:10CE7000040094F83D3023F0200384F83D30082569
:10CE800094F83930AB427FF47AAF29462046FFF759
:10CE9000A1FE062D29D11A21204600F05AFF6EE787
:10CEA00094F83D3023F0080384F83D300325E7E78C
:10CEB00094F83D3023F0020384F83D30E379012BF0
:10CEC00011D1A378002523F00603A37084F8355010
:10CED00073E794F83D3023F0100384F83D30454665
:10CEE000CEE70E25CCE70625CAE7032D7FF447AF32
:10CEF0006378D90603D51A21204600F0AAFF63788B
:10CF00006FF3041363703AE708233A462946204634
:10CF1000FFF739FCC5B259E0FB7884F83D3057F88B
:10CF2000043FC4F83E30BB88A4F84230BB7984F893
:10CF3000443063781A075CBF43F008036370B4F8A9
:10CF400046301B0703D503212046FFF743FE6378D5
:10CF5000DF067FF56BAF0021204600F07AFF637893
:10CF60006FF30413637061E7FB7884F83C303D1D78
:10CF70002846F8F734FFA4F84C00B81DF8F72FFF47
:10CF80006378A4F84E0043F0040313F002066370C4
:10CF90001ED143F00203637009237B704FF6FF71CB
:10CFA000B81CF8F701FF28463146F8F7FDFE454664
:10CFB000B4F8466016F010063FF449AF0021204651
:10CFC00000F06DFF04212046FFF704FE00263EE737
:10CFD000FF25EDE70E2398E7E379012B3FF44FAEF1
:10CFE00003230026A4F8E8302846C4E93B66F8F796
:10CFF000FDFEC4E93E0107F10B00F8F7F0FE082240
:10D00000A4F8EA0007F10D0104F59070F8F706FFA7
:10D0100004F58C75D7F81530C4F80031082128467E
:10D0200001F0C0F829460822781CF8F7F7FE042121
:10D0300004F5827001F0B6F8D4F80431C7F809306D
:10D0400004251EE694F83930022B7FF4EFAE00265B
:10D050000822294604F58C70C4E93B6684F8E9602F
:10D06000F8F7DCFED7F80B30C4F804312046FFF7A0
:10D07000BBFB072384F8E8304846F9F769F83046E7
:10D08000BDE8F88FE379012B09D0022B3FF494AE71
:10D09000704B714A40F2A161704809F067FC94F846
:10D0A000E830072B7FF46BAE082384F8E8300625C0
:10D0B00083E694F8E830082B7FF4B8AEE379012BCF
:10D0C00006D0022B11D0634B654A40F21171E3E7A1
:10D0D00002212046FFF77EFD022384F8E830FF2579
:10D0E0000021204600F057FE67E694F83910022927
:10D0F00002D12046FFF76EFD0625F1E7E379022B0A
:10D1000007D194F8E830022B14BF07250B25EDB2A8
:10D11000B6E50725FBE794F807B0BBF1010F00F077
:10D120009580BBF1020F08D194F8E830052B7FF40D
:10D13000A6AD062384F8E83078E6464B494A40F22B
:10D14000DE61A9E707212046FFF744FD6EE6A378DC
:10D150001E073ED4B4F84630580617D5E379012BA4
:10D1600006D0022B0AD03B4B3F4A4FF4116193E7A4
:10D170000F237B702323BB701120CBE606212046B2
:10D18000FFF728FD2321204600F0E3FDE379012B82
:10D1900006D1A378990603D50F237B702A23EAE7EB
:10D1A0000F233A4629462046FFF7B0FBC0B2B1E64E
:10D1B000E379022B0BD0A3781A0744BF6FF3C303A4
:10D1C000A370B4F846305B0603D51023E9E70720C7
:10D1D000A0E6FF209EE694F83910B8F10D0F0CBFC1
:10D1E000FD783D7906290DD00829ACD002297FF4BD
:10D1F0001DAE2046FFF7EEFC2946204600F0CBFD91
:10D20000012397E7B8F1110F7FF410AEE379012BFA
:10D2100006D0022B0CD00F4B144A40F2C9713BE7E9
:10D22000A378002523F00603A37084F8355027E582
:10D230002046FFF7CFFC2946204600F08AFDF5E5A1
:10D2400007254FF0FF361CE5132519E54546002656
:10D25000CFE500BF9AA30400D9D404004BD4040046
:10D2600013D50400F6D4040087D504006DD504005E
:10D27000EED5040070B504460E461B20102115465D
:10D28000F8F73CFF0146B0B1032E036805D0112228
:10D290001A705E709D70032307E094F83D205207DA
:10D2A000F5D40D221A705D70022320460322FEF78A
:10D2B00091F9002070BD0120FCE7F0B50E683178CF
:10D2C00087B00446002977D1182268460CF080F810
:10D2D000B4F89010B4F84850A378B4F852210D4433
:10D2E00013F0040305F1070518BF04F5AA73ADB2E6
:10D2F000002A64D0B4F86830ADF80030ADF80230E0
:10D30000B4F86A30ADF806300023A4F85231ADF815
:10D310000410ADF80C206B469989B3F802C04FF6A3
:10D32000FF72914268D0B4F86800B3F80AE040F2A6
:10D33000E24707FB0CF278434F43AEEB050111F4D3
:10D34000004F4FD100FB0177B7FBF2F102FB1172E6
:10D3500040F2E241B2FBF1F2A4F84821DA889B885E
:10D36000A4F84C31A4F84AC1A4F84E21012384F852
:10D37000463194F84631A4F850517370B4F848110E
:10D38000B01CF8F711FDB4F84A11301DF8F70CFD88
:10D39000B4F84C11B01DF8F707FDB4F84E1106F1C2
:10D3A0000800F8F701FD294606F10A00F8F7FCFC31
:10D3B000A37843F00203A370002007B0F0BD002B58
:10D3C000AAD1B4F83C21A4F84A21B4F84021A4F829
:10D3D0004E21B4F83E21A4F84831A4F84C2194F829
:10D3E0003830C4E7A5EB0E014143C91BB1FBF2F095
:10D3F00002FB1011521AABE70022ADE710B502682C
:10D400001378023B0F2B27D8DFE803F0082C2E26D9
:10D41000362626262C3A2628262626124B7843F036
:10D4200040034B704FF0FF34F8F792FE204610BDDA
:10D4300091F83930062B0BD153780F2B08D1937804
:10D44000232B1FBF81F835308B7843F010038B708E
:10D4500091F8E830022B01D80024E5E7012381F898
:10D46000E830F9E70423FAE7092381F8E8300B787C
:10D4700043F080030B70EFE7CB79022BECD1EEE7A2
:10D48000CB79022BE8D10523E9E700000346024AE5
:10D490000249B830F9F7E2BC09C7030054860020FE
:10D4A0000020704708B543780233462B05D9054B59
:10D4B000054A0648712109F059FABDE80840F2F71B
:10D4C000E3BD00BF18D60400DAD6040043D604003A
:10D4D00008B50020F8F7DAFB60B10E2202700322D3
:10D4E0004270012282700022BDE80840C2700271C1
:10D4F000FFF7D8BF08BD1B38E02809D8A1F5A470F4
:10D5000080B244F2481398428CBF0020012070473B
:10D51000002070472DE9F047856890B035B9A64BDB
:10D52000A64A40F20371A64809F020FA2F460020CF
:10D5300037F8066B8DF80F00C6F385210829C6F36E
:10D54000090209D859B14B1E072B08D8DFE803F0B0
:10D550000A072645A90707B43F2900F0DF8240F2F9
:10D560000114E7E2062AA97805F1030004D01D2A78
:10D57000F5D1FEF755FE03E003290DD1FEF714FEA9
:10D5800000F58074012CEAD0002C80F2D0828D4B03
:10D590008A4A40F25471C6E71220F1E7032AAB78B9
:10D5A0000FD0632A14D0012AD9D1082B40F0CB82A6
:10D5B000854A2B4653F8031F5B68C2E90013002419
:10D5C0003DE0002B40F0BF82FBF786FC0446D9E724
:10D5D000082B40F0B8827D4AEBE7013AAC78082A84
:10D5E000BDD801A353F822F00DD603002DD60300B9
:10D5F00073D603005FD503005FD503005FD503003A
:10D600005FD503005FD503008DD60300002C40F0EA
:10D610009A820923AB716B724FF0FF33EC712C725D
:10D62000AB72EB722C736C73082306E0002C40F095
:10D630008A82384600F09AFC40238DF80F300E2382
:10D640002B709DF80F30A5F8036004336B70012335
:10D65000AB706C7128465E4DFFF724FF2B682BB131
:10D660005C4C2068984700232B60236010B0BDE815
:10D67000F087002C40F067826023AC717C70BC7036
:10D68000FC703B717C71BC71FC71CDE7002C40F0EB
:10D690005A82514B1A68C5F806209B88BB80062326
:10D6A000CBE7052A7FF45BAFA9780DF10F033A466B
:10D6B000E81CFEF7D8FD89E7531EAC7805F1030896
:10D6C0004D2B00F21082DFE813F04E00590063008A
:10D6D0000E026C0072008D0096009B00A000A50059
:10D6E000AA00AF00B400BA00C300C900CE00D30046
:10D6F000D800000108010D0127012F0134013C0170
:10D7000044010E020E020E024A0152015A01620148
:10D710006C010E020E02900195019A01A001A9016F
:10D72000B101B901BE01C3010E020E020E020E02CA
:10D730000E020E020E020E020E020E020E020E0269
:10D740000E020E020E020E020E020E020E020E0259
:10D750000E020E020E020E020E020E020E02CF0189
:10D76000DC01E5010902082C40F0ED811B4BD8F8E3
:10D770000010D8F80420C3E9001220E7002C40F084
:10D78000E281174B1A8AEA80DB7B2B72032354E772
:10D79000002C40F0D881FBF799FBC5F806007960B2
:10D7A00042E7002221464046FBF72AFA0EE72146CF
:10D7B0004046FCF719F809E7A0D604000BD704008F
:10D7C00043D60400B3D60400206200202862002063
:10D7D000386200203C620020398600203062002040
:10D7E00040860020002C40F0AE810DF10F0138463C
:10D7F000FCF77EF8EAE621464046FCF765F9E5E6E7
:10D8000021464046FCF71AF9E0E621464046FCF77F
:10D8100079F8DBE62146404602F032F8D6E62146AA
:10D82000404602F069F8D1E621464046FEF758FA34
:10D83000A6E6002C40F08781FEF798FCC6E6002C97
:10D8400040F081810DF10F01384602F0BBFDBDE6CD
:10D85000002C40F0788102F0A1FDB7E62146404659
:10D8600002F0BCFDB2E62146404602F0E5FDADE621
:10D8700021464046FEF71AFB82E6052C40F0638104
:10D88000404602F02BFD0128074640F25C8195F8E6
:10D89000079019F0E00940F05681DFF8C8A222464F
:10D8A000414650460BF05EFD044600283FF4C7AEEB
:10D8B0005346D8F8002043F8092998F804208AF83C
:10D8C00004209F73FDF7FEFE79E60DF10F033A4643
:10D8D00021464046FEF7DFFC78E621464046FEF74B
:10D8E000B5FA4DE610220DEB02004146F8F796FA24
:10D8F000102205F1130108A8F8F790FA04A802F025
:10D90000ABFE044630B910220CA93846F8F786FA67
:10D91000102392E63A2492E6002C40F0148108216C
:10D92000384600F03FFC7FE621464046FEF709FD01
:10D9300026E60DF10F033A4621464046FEF733FD39
:10D9400044E60DF10F033A4621464046FEF75CFDE2
:10D950003CE6002C40F0F780FBF7B2FA1DE70DF132
:10D960000F033A4621464046FEF746FB2EE60DF1F0
:10D970000F033A4621464046FEF7C4FB26E60DF16A
:10D980000F033A4621464046FEF7AFFC1EE6002C48
:10D9900040F0D9806D4BDA789B88EA802B81042394
:10D9A0004BE6042C40F0CF80B5F80340B5F8057085
:10D9B0002046B9B2FFF79FFD002800F0C480634BFA
:10D9C00018789F80E2B2DA70844228BF02469A70CB
:10D9D0009A89914228BF114640F648028A4228BFE0
:10D9E0000A46D9801A815981E9E52146404600F06E
:10D9F00037FDEBE52146404600F0C4FDE6E5002C8E
:10DA000040F0A18000F0EEFCE0E5002C40F09B80AF
:10DA10000DF10F01384600F0F9FCD7E50DF10F03C9
:10DA20003A462146404600F00DFECFE50DF10F03CA
:10DA30003A462146404600F01EFEC7E521464046D4
:10DA400000F0ECFDC2E52146404600F02DFEBDE5AC
:10DA5000002C78D13D4B1A78EA809A892A815A782D
:10DA6000DB896A81AB81DFE5002C6CD16FF07E0031
:10DA7000FBF738FBA8717E20FBF734FB0223E8712B
:10DA8000DBE5002C5FD1324B1B882B81314B1B888F
:10DA9000EB8084E7042C56D1B5F903301C4619B24B
:10DAA00003F5A0639BB2B3F5206F4CD8B5F90530F0
:10DAB00018461AB203F5A0639BB2B3F5206F42D8A3
:10DAC000244B1C80224B18800A23234891FBF3F13E
:10DAD00092FBF3F3214A0170137070E52146404632
:10DAE00000F002FE72E5262A0DD80C2A7FF637AD2B
:10DAF0000D3A1B4B92B2012000FA02F21340002BA8
:10DB00003FF42DAD3CE5442A06D8422A02D8322AF9
:10DB10007FF425AD012033E57E2AF9E70DF10F03EF
:10DB2000A9780093E81C3B4600F0B0FA4EE5FF2CC4
:10DB30007FF785AD0F232B7004236B700123AC702E
:10DB4000EB70AE8086E5122479E500BF30870020B7
:10DB50004062002042620020328600203186002090
:10DB60004112000349860020114B5A68002330B54A
:10DB70001C4602F0005554EA050216D0411E01224F
:10DB8000A0F12103C0F1210002FA03F322FA00F010
:10DB90001843084B8A40D3E9001318400A4052EA60
:10DBA000000314BF0120204630BD1846FCE700BF2B
:10DBB00020620020306200203F284FF0010315D979
:10DBC000A0F14001A0F16002C0F1600003FA02F28E
:10DBD00023FA00F010430C4A8B40D2E900121040A7
:10DBE0000B40034314BF012000207047411EA0F1E9
:10DBF0002102C0F1210003FA02F223FA00F01043DF
:10DC00008B40024AE9E700BF286200202062002022
:10DC100008B5074B1A6832B1064B074A074840F26D
:10DC2000E76108F0A3FE1860054B196008BD00BF4E
:10DC300038620020BBD60400F0D6040043D60400AE
:10DC40003C6200200346054810B5047824B983607F
:10DC5000FBF7ACF8204610BD0720FCE7106200205F
:10DC600008B5FBF70FF9002008BD00000D4A0E496A
:10DC700000231360C2E901130C4A1F200021C2E9EE
:10DC800000010B4A4FF0FF3041F6FF71C2E900017D
:10DC9000084A00200021C2E90001074A1380074A10
:10DCA000138070471062002015D5030030620020F9
:10DCB0002062002028620020406200204262002092
:10DCC00010B504460720FFF74FFFE0B10020F7F73B
:10DCD000DDFFC0B13E2202700B224270072282702B
:10DCE000A288A0F80320627BA0F80520228BA0F870
:10DCF0000720A27BA0F80920628BA0F80B20BDE8CA
:10DD00001040FFF7CFBB10BD38B5054606200C46C6
:10DD1000FFF72AFFE0B10020F7F7B8FFC0B13E22BD
:10DD200002700B22427006228270AA88A0F803209B
:10DD30002288A0F805206288A0F80720A288A0F811
:10DD40000920E288A0F80B20BDE83840FFF7AABB05
:10DD500038BD38B5044603200D46FFF705FFC8B1AE
:10DD60000020F7F793FFA8B13E2202700A2242700A
:10DD700003228270C570A2888280B4F86820C280B5
:10DD8000B4F890200281B4F86A204281BDE838409E
:10DD9000FFF788BB38BD70B50546407810F0010626
:10DDA0000C461AD10820FFF707FF88B13046F7F775
:10DDB0006DFF68B108220270042284704270B4FAC8
:10DDC00084F4AA88A0F8032064094471FFF76AFB71
:10DDD0006B7843F001036B7070BD3020FFF7ECFEF1
:10DDE0000028F9D00020F7F751FF0028F4D03022A6
:10DDF0000270032242708470AA88A0F80320BDE854
:10DE00007040FFF74FBB10B504460520FFF7ACFE8E
:10DE1000E0B10020F7F73AFFB8B13E2202700D22C0
:10DE2000427005228270A288A0F80320D4F8F8205E
:10DE3000C0F80520D4F8FC20C0F80920B4F8EA2086
:10DE4000A0F80D20FFF72EFB002010BD4FF0FF3093
:10DE5000FBE738B5044604200D46FFF785FEE8B120
:10DE60000020F7F713FFC8B13E2202700C22427067
:10DE700004228270C570A288828094F83D2082714D
:10DE8000224652F83E1FC0F807109188A0F80B10E8
:10DE900092794273BDE83840FFF704BB38BD38B50E
:10DEA00004460C200D46FFF787FEC0B10020F7F7AF
:10DEB000EDFEA0B10C220270082242708570A2888B
:10DEC000A0F8032094F83C204271B4F84C20C280A2
:10DED000B4F84E200281BDE83840FFF7E3BA38BD00
:10DEE00010B504461020FFF767FE58B10020F7F781
:10DEF000CDFE40B110220270012242708470FFF703
:10DF0000D1FA002010BD4FF0FF30FBE708B51A2012
:10DF1000FFF752FE60B10020F7F7B8FE40B11A22B9
:10DF20000270012242708270BDE80840FFF7BABA61
:10DF300008BD10B504461420FFF716FEA0B100205E
:10DF4000F7F7A4FE80B13E22027004224270142230
:10DF50008270A288A0F803202278C2F34012427196
:10DF6000BDE81040FFF79EBA10BD000010B5084B89
:10DF7000024603F1300153F8044B42F8044B8B4244
:10DF8000F9D11022002130300BF022FA10BD00BF71
:10DF90001FD704000A2A2DE9F3470C461E4603D07A
:10DFA000122002B0BDE8F0870F88B8B2FCF776FB0C
:10DFB000054600B3B4F80280B4F80490B4F806A0A3
:10DFC000248949464046FFF796FA0028E8D02146C2
:10DFD0005046FFF790FA0028E2D0009453464A4694
:10DFE00041462846FCF7E2FD0028DAD10A9B37803B
:10DFF00002221A70D5E70220D3E70000012AF8B503
:10E000000E461D4620D10020FBF77AF80446E8B9F9
:10E0100096F900300E4F0F4E97F900007F2B0CD170
:10E020004042FBF75FF830703A78337813442B7036
:10E03000069B01221A702046F8BD142BD4BFC0EBFA
:10E040000300C0F11400ECE71224F4E70C24F2E71B
:10E05000328600203086002037B51D46144692B91E
:10E06000684602F03EFA00280BDBDDF801302B6039
:10E07000BDF80530AB80069B06221A70204603B01F
:10E0800030BD1F20FBE71220F9E7000070B40A4CF6
:10E0900015462468039A14B9012070BC704726887D
:10E0A000AE4201D0A468F6E7039264680A46A4462B
:10E0B0000146284670BC604744620020154AF8B506
:10E0C0000024136826468E4202D104B11360F8BDC5
:10E0D000456845B904B113600F4B104A40F29511E1
:10E0E0000F4808F043FC07881D462DB983600136B0
:10E0F000034601240C30E6E7B5F800C0BC4501D06A
:10E10000AD68F2E704B11360064B044A4FF4CB71DB
:10E11000E6E700BF446200205FD704000BD804008C
:10E1200077D70400D7D70400034B0448002203210B
:10E130001A60FFF7C3BF00BF44620020943500207F
:10E14000014B33F8100070472AD80400034B5A5C87
:10E15000034B33F8113002FB0030704732D8040013
:10E1600022D8040010B5044605F0D2FA0B4B1A7AF7
:10E170001F2A10D81A7A0A490132D2B21A721A68C2
:10E1800014701A688A420CBF1F3A01321A60BDE847
:10E19000104005F0C5BA02F0B5FAF8E7AC8B0020E4
:10E1A000D78B0020F8B5194D194F06460C460CB90F
:10E1B0000020F8BD05F0ACFA2B7A2A7AA34228BFDA
:10E1C0002346D21AD2B2E41A2A72E4B2701E1A4658
:10E1D0006AB91E4405F0A4FA02F07EFA002CE7D0DA
:10E1E0002B7AA342E3D22B7A1F2BF9D9DFE7696898
:10E1F000097800F8011F6968B94214BF0131A7F11D
:10E200001F01013A6960D2B2E2E700BFAC8B002087
:10E21000D78B002008B5074B1A782AB10022064890
:10E220001A700621FFF7BEFFBDE8084002480BF058
:10E2300091B800BFB83500204862002038B50446C8
:10E2400040F2FD2503212046FFF7ACFF22786178DC
:10E25000A3780A44D218F5D0AA42F3D003F03F03C2
:10E2600043F04003A37038BD08B5044B1B7A1F2B45
:10E2700001D802F031FA002008BD00BFAC8B0020AD
:10E2800008B5054A054B06480121C3E9002202F002
:10E2900001FA002008BD00BFB88B0020AC8B002025
:10E2A00065E10300421E00F10F0312F8010F10B9DF
:10E2B0009A42FAD170470120704700002DE9F041E1
:10E2C0000E4B0F4D93F8038006460F4600239845EA
:10E2D00001DC00200CE02A78BA4203F1010409D1E4
:10E2E0000622314605F124000BF03CF810B9204617
:10E2F000BDE8F08136352346E9E700BFB08C002049
:10E30000D88B002008B5054B1B78012023B1FAF704
:10E31000F7FEB0FA80F0400908BD00BFB08C0020C5
:10E32000F0B58DB061B300F12A05041DE81CFFF7BC
:10E3300085FF6A46234604F1100716461868596897
:10E34000144603C40833BB422246F7D10D220021F4
:10E3500004A80BF03DF86B798DF81D302B798DF802
:10E360001E303046EB788DF81F3002F075F9BDF89D
:10E370002E305BBA2B809DF82D30AB700DB0F0BD08
:10E3800000F1300500F11404D0E7000070B5124C24
:10E39000124E0025F378AB4207DC71681048F8F79D
:10E3A00093FDBDE87040FBF7F1B9A3783BB105F0F0
:10E3B000AFF901212046FFF7B3FF05F0B1F9E3788B
:10E3C0003BB105F0A5F900212046FFF7A9FF05F0B4
:10E3D000A7F936340135DDE7D88B0020B08C00205A
:10E3E000B88C002038B5FFF78DFF50B1064D0024E2
:10E3F0006C8002F09BF905F10800F8F7B9FD2046A2
:10E4000038BD0C20FCE700BFB08C0020034B5B78CC
:10E41000037001230B700020704700BFB08C0020F8
:10E42000F8B50D4B0D4CDB78362506460F4603FB41
:10E430000545AC4202D100242046F8BD2378BB42FA
:10E4400007D10622314604F124000AF08BFF002890
:10E45000F2D03634EDE700BFB08C0020D88B00201E
:10E4600027292DE9F047064603D012273846BDE894
:10E47000F087FFF747FF002874D03C4D95F803A0C4
:10E480006B78534570D9B04618F8011B4046FFF72A
:10E4900015FF07460028E8D106F107094846FFF7AF
:10E4A00001FFDFF8DCC0362300284AD0AA7802FB3F
:10E4B0000330A0F136046444AAEB02025A43214619
:10E4C00060440AF06BFF3622002120460AF080FFEC
:10E4D0002346327803F8242BD8F800206262B8F87B
:10E4E00004209A804846FFF7DDFE58B1494604F102
:10E4F00014001022F7F792FC0123E370002120465C
:10E50000FFF70EFF06F117010846FFF7CBFE40B1FB
:10E51000201D1022F7F782FC0121A1702046FFF791
:10E52000FFFE00236370E3788BB104F1140002F066
:10E5300003F948B10E4B0F4A0F484FF4B07108F081
:10E5400015FA0AFB03C4BEE7AB780133AB70EB7876
:10E550000133DBB2012BEB7088D169680748F8F70B
:10E56000B3FC83E70C2781E707277FE7B08C002007
:10E5700036D804001BD904004CD80400B88C002005
:10E58000D88B00200729F8B5044634D1FFF7BAFE2E
:10E5900098B3204610F8011BFFF790FE054670B3B4
:10E5A000184CE678864206DA174B184A18484FF49A
:10E5B000C47108F0DBF93622471E02FB07F3A6EB15
:10E5C000000C14489918014402FB0CF218440AF09C
:10E5D000E5FEA378013EAB42E67005DB384602F06B
:10E5E000C9F8A378013BA370E47814B90A48F8F796
:10E5F000BFFC002000E01220F8BD0C20FCE7022048
:10E60000FAE700BFB08C0020ACD8040032D9040077
:10E610004CD80400D88B0020B88C0020012910B5FC
:10E620000446084601D0122010BDFAF769FD28B94A
:10E630002378012BF7D8024A1370F5E70C20F3E793
:10E64000B08C0020072938B514461D4611D110F8AA
:10E65000011BFFF7E5FE40B150F8303F236083888F
:10E66000A380002006232B7038BD2060A0800220EC
:10E67000F8E71220F8E7072938B514461D4611D1EE
:10E6800010F8011BFFF7CCFE40B150F82A3F236081
:10E690008388A380002006232B7038BD2060A080D3
:10E6A0000220F8E71220F8E7022908B517D10388FD
:10E6B0005A1E92B24AF2B7118A4210D84FF47A72B7
:10E6C00002FB03F1074BD8788902B1FBF2F15960E4
:10E6D00020B103F10800F8F7F7FB002008BD122075
:10E6E000FCE700BFB08C002070B5054601200E4647
:10E6F000FAF706FD044668B9082E0FD1284610F82F
:10E70000011BFFF78DFE38B1EB79012B06D8437062
:10E71000204670BD0C24FBE70224F9E71224F7E73A
:10E72000014B5868704700BFB08C002070B50E4692
:10E730001546044630B9154B154A40F2422115489A
:10E7400008F014F922B9144B114A40F24321F6E7BC
:10E7500004F0DEFF7EB1A37823B9104B0C4A40F2DF
:10E760004721ECE754F82A3F2B60A388AB80BDE833
:10E77000704004F0D5BFE37823B9094B044A40F256
:10E780004A21DCE754F8303FEEE700BFD4D804005C
:10E7900049D904004CD80400E6D80400FAD8040093
:10E7A0000BD9040038B50C46054604F0B1FF3623FA
:10E7B00003FB05F03030054B2168C150C218A38817
:10E7C0009380BDE8384004F0ABBF00BFD88B002079
:10E7D00013B51C460192FFF723FE78B1019A2CB1C4
:10E7E000837833B91C46204602B010BDC378002B95
:10E7F000F9D02146FFF79AFF0124F4E70446F2E737
:10E8000030B58DB00B6800934B6801938B68029311
:10E81000CB6803930024C378CDE9064405468DF800
:10E820001F3003798DF81E3043798DF81D3068460E
:10E83000CDE9044401F010FF9DF82F202B789A4277
:10E840000CD19DF82E206B789A4207D1A8789DF8BC
:10E850002D40231A584258410DB030BD2046FBE7E9
:10E86000014B1878704700BFB08C002010B5094CE0
:10E870004FF46123636001F095FF042828BF042052
:10E880006070054A054904F108000023BDE8104006
:10E89000F8F7E4BAB08C00208DE303005486002022
:10E8A00008B50648002300F8083BF8F761FBFFF7BE
:10E8B00099FDBDE80840FFF7D9BF00BFB08C00202C
:10E8C00010B504F037FF28B9094B0A4A0A483F211E
:10E8D00008F04CF8094C237843B901232370F7F76B
:10E8E0003BFB2063BDE81040EBF708B810BD00BF4C
:10E8F00065D90400E1D9040081D9040050620020E8
:10E90000024B00221A77FFF7DBBF00BF50620020E6
:10E910001A4890F8242038B590F825300546D2B131
:10E92000846A2BB1C36AE21A14EA220438BF1C4677
:10E930002B7F3BB12B6AA3421FD0002310482B77BB
:10E94000F7F708FBF7F708FB201A00280CDCBDE8F6
:10E950003840FFF7B5BF0BB1C46AE9E70377BDE8FC
:10E9600038400430F7F7F6BA01232B772C622146A2
:10E970000348BDE83840F7F7EBBA38BD50620020D5
:10E980005462002010B504F0D5FE28B9064B074AA2
:10E9900007484C2107F0EAFF064C23781BB1EAF741
:10E9A000AFFF0023237010BD65D90400F6D9040021
:10E9B00081D904005062002010B504F0A9FEF7F7D9
:10E9C000CBFA0446FAF7ECF90A4B93F824201AB173
:10E9D0009A6AA21A002A09DA93F825201AB1DB6A8A
:10E9E000E41A002C02DA08B9FFF7CCFFBDE81040AA
:10E9F00004F096BE5062002038B5084C0849002546
:10EA000032232A46201D638025702577F7F782FA86
:10EA1000044B6563C4E90E3538BD00BF5062002069
:10EA200001E90300B9E9030038B5094C0025201DB0
:10EA300025772562F7F78EFA04F13400FAF73AFAEF
:10EA4000FFF7A0FFC4E90B55A562A58438BD00BF40
:10EA50005062002038B505460C4604F059FE064BBE
:10EA6000598883F82450641A9C62FFF751FFBDE86F
:10EA7000384004F055BE00BF5062002010B5044677
:10EA800004F046FE002C084B14BF0122002283F83C
:10EA900025201FBF59886268521ADA62FFF738FFD3
:10EAA000BDE8104004F03CBE5062002010B5084C98
:10EAB00004F02EFE04F13400FAF7FCF923781BB1C0
:10EAC00004F13400FAF772F9BDE8104004F028BEF2
:10EAD0005062002010B504F01BFEFFF7F1FE084B5A
:10EAE0001A78022A06D1F7F737FA044604F018FE1E
:10EAF000204610BD1C6B588801340444F6E700BF63
:10EB00005062002030B5D0E90242456822448A1A9A
:10EB1000002AC36809DAA54212D0CA1A002AA3BF84
:10EB2000081BC01AC00F002030BDEA18C378C260AD
:10EB30000133DBB2282B08BF2523C3702244E6E74C
:10EB40000120F1E710B50B4653F81B4F04609B887A
:10EB500083800B4653F8214FC0F806409B884381C1
:10EB60008B7E13700C2010BD3030FAF71FB90000F7
:10EB700010B50279436E044632B11F4B1F4A40F272
:10EB8000F7211F4807F0F2FE1E491F4AD878EAF71E
:10EB9000A3FB014620B11D4B184A4FF43F71F0E72B
:10EBA000EAF780FBEAF764FBFFF75AFEF0B1EAF7F9
:10EBB0008FFE636E9B7823B1154B93F90000FAF733
:10EBC00093FAF7F7C9F9134B1B7800211844EAF7B9
:10EBD000B3FD08B1062808D1A378DB0709D501F0F9
:10EBE0004BFC0220FAF7D6F8002010BDEAF780FEB1
:10EBF000DFE701F043FCF4E70CDA0400D0DB0400AB
:10EC00002ADA0400D6BE898E5555550001A40400A9
:10EC1000308600201C8D002047F6112398420246C2
:10EC200003D803485043800D7047F7F799B900BFE8
:10EC3000DF180200F8B58468676E04F069FD257876
:10EC40006DB904F13C00F7F785F929462846FFF72E
:10EC500001FFFFF72BFFBDE8F84004F061BD237909
:10EC60001BB1012384F86030F5E7F7F775F9014629
:10EC70003846FFF747FFF96805460120FFF7EAFE2F
:10EC8000FE680DB1BB681E44FAF78AF8042819D84B
:10EC9000DFE800F01F1503181500EAF74DFB5DB122
:10ECA0002046FFF765FF04F03BFD314604F13C00D0
:10ECB000BDE8F840F7F74CB92846FAF76BF8FFF7CC
:10ECC000F5FEF0E7044B054A054840F27B4107F0AA
:10ECD0004DFE002DF3D0E3E79AA30400F7DB040018
:10ECE0002ADA0400062810B506D9104B104A11483C
:10ECF00040F2E64107F03AFE8B1C13600C78137B60
:10ED00000128C4F3801408BF01F1080064F3000374
:10ED1000137306BF506009780021DBB208BFC90930
:10ED200061F3410318BF5160137310BD88DA04000A
:10ED30000EDC04002ADA040038B50B688B600B7B0C
:10ED4000C3F3000262F382030B7390F907504D7313
:10ED500002880C4612F4806131D0002D06DA1C4B7B
:10ED60001C4A1D4840F27E7107F000FE1B48362108
:10ED7000242311FB053369430344A360435C217BD7
:10ED80009B0003F0040343F0080321F00C010B4344
:10ED900012F40052237316D0114D687800F0010070
:10EDA000F9F764FF6B78227B60605B0003F002037D
:10EDB00043F0100322F012021343237338BD237B68
:10EDC00061F3C303E4E7237B62F30413F5E700BFB9
:10EDD00097DA04007EDC04002ADA0400D88B0020D5
:10EDE000A862002070B51C4C1C496078F9F7EAFE57
:10EDF000234670B3646E34B9194B1A4A1A4840F26C
:10EE0000AB3107F0B3FD01229D6E1A702522E2702E
:10EE100005B1EA704FF0011200269A621E71134B81
:10EE200013481E70F7F703FD124BC3E90063FFF7A9
:10EE300051FE0146E0600120FFF70CFE1DB1D4E950
:10EE400002231344EB60E1680B48F7F781F80020D8
:10EE500070BD1220FCE700BFA862002033860020AE
:10EE6000AEDA0400E2DB04002ADA0400906200203B
:10EE7000B063002028630020E462002038B50B4D09
:10EE800005F016FB2B69C31A002B04460CDB062188
:10EE900005F11400FFF786F96B7E03F03F036B76F4
:10EEA000FFF73EFC2044286138BD00BFA862002067
:10EEB0001E4B5A8D10B51C462AB11D4B1D4A96217A
:10EEC0001D4807F053FD1A791AB11C4B194A9721B6
:10EED000F6E7E0B15A719B790133DBB2022B0FD018
:10EEE000A371FFF797F9238D013B1840013080B2E1
:10EEF000B0F5807F608518D9114B0E4AB121DFE74C
:10EF0000238DA271012BECD95B082385E9E7987169
:10EF10005B790133DBB2022B01D06371E1E7238D12
:10EF20006071FF2BDDD85B00EFE710BDA862002009
:10EF3000BCDA04009ADB04002ADA04000CDA0400CC
:10EF4000D7DA040038B5124C8022002120460AF09E
:10EF50003FFA104B0021142218460AF039FA0E4AE3
:10EF6000C4E90D2440F247120123C0E9022284F8CB
:10EF70006C3005F09DFA09492061224604F13C00FD
:10EF8000F6F7C8FF064B0025C4E91635656538BDA0
:10EF9000A86200209462002035EC030069EB0300B6
:10EFA000EDF40300034B5A8D0AB1013A5A8593F8E8
:10EFB0002A007047A8620020034B1A791AB100207A
:10EFC0001871FFF775BF7047A86200202DE9F04760
:10EFD0009A46114B114E1C7880468946174614B943
:10EFE0002046BDE8F08706224146301D0AF0BAF9F6
:10EFF00070B9358805F00105B9F1000F06D03DB1B3
:10F0000017B17388534503D10120EAE7002DF7D0EB
:10F01000013C0A36E4B2E2E790620020CC8C00208A
:10F0200010B504461548F6F795FF64B104F070FB7F
:10F03000F9F7B6FE022804D1EAF77EF90020F9F7C5
:10F04000A9FE04F06DFB04F063FB0D4B1A79002060
:10F05000187083F86000D86712B11871FFF728FFA5
:10F0600004F05EFB04F054FB00210846FFF7F2FCBD
:10F07000FFF71CFDBDE8104004F052BBE462002025
:10F08000A862002010B5134B5A6E9478012C05D05D
:10F0900014F0FD0F18D00024204610BD10B1821FBF
:10F0A000544254411A79002AF6D0002204281A71D9
:10F0B00004D10B8843F008030B80EDE70728F8D054
:10F0C0001046FFF7F5FEE7E701288CBF0024012476
:10F0D000E2E700BFA86200202DE9F8431E46137B3B
:10F0E000884603F0010123F01C0343EA81031373F4
:10F0F00092F90D308146002B1068906014460ADBAF
:10F10000F9F753FD012806D0434B444A44484FF4D5
:10F11000A16107F02BFC217B206801F00101F9F7C8
:10F1200044FDE8B1012833D194F90D00002817DB24
:10F130003C49362210FB02F35D18424324330B4452
:10F14000A3608B5C227B9B0003F0040343F0080365
:10F1500022F00C02134323736068D8B901272CE016
:10F16000217B206801F00101FFF75AF905460028CC
:10F17000F2D043782BB9C3781BB14FF0FF30BDE814
:10F18000F883284B284AEB1A5B1053436373E3E779
:10F190000025E1E7217BC1F34001F9F706FD0746B1
:10F1A000B8B10128DAD175B16068291DFFF728FBD5
:10F1B00048B1237B43F01003237318F0010F1ED1D5
:10F1C00046BB0020DBE718F0020F16D16FF00100FC
:10F1D000D5E719F0020F03D015B1AB78002BCCD1D5
:10F1E000217B09F00109C1F340014945C5D160689F
:10F1F000F9F728FD0028B1D1BFE70027DDE7217B23
:10F20000A068C1F3C002C1F3800101F0E1F8002859
:10F21000D6D1DBE73770D4E7F4DA040034DC04003D
:10F220002ADA0400D88B002013DA4B6808B5124B99
:10F23000D96F31B9114B124A124840F2775107F099
:10F2400095FB91F89430027B012B02D912F0080F44
:10F250000FD0C2F3800203F001039A4209D1806803
:10F26000062295310AF07EF8003818BF012040428E
:10F2700008BD4FF0FF30FBE7A862002029D1040051
:10F280004ADC04002ADA0400F0B5044687B028B945
:10F290007648F9F78BFD204607B0F0BD002950D025
:10F2A00001680E7806F00F06042E52D047D8022EC1
:10F2B00047D86F4D02AA30466F6EFFF713FD01F07D
:10F2C00073FAA9788DF815006B46687802AAFFF7E3
:10F2D00003FF00282DDBBF78022F07D1AB78D907B9
:10F2E00004D402A8FFF7A2FF002822DB238B9DF89D
:10F2F000141043F0400222839DF81520E2770A079C
:10F3000044BF43F488632383CB0642BF238B43F47B
:10F31000005323839DF800305BB1012F17D10EB14C
:10F32000062E06D16B6E9B78012B3CD0022B00F091
:10F3300094800020F9F72EFD4FF0FF30ACE7062E49
:10F34000B7D0238B6FEA43436FEA534329E0022F80
:10F35000E7E7304602AAFFF7C5FC238B1807F0D574
:10F3600043499DF814308A7E03F00103B3EBD21FAA
:10F3700005D102980622213109F0F4FF18B10020CE
:10F38000FFF796FDDDE701F00FFA40B20028A8BFB5
:10F39000238BE077A4BF43F480632383238B43F064
:10F3A00040032383C5E7002304981A46C1F3800174
:10F3B000FFF70CFE0028BCD12B7933B12D4B2E4A20
:10F3C0002E4840F20F6107F0D1FAFFF7EBFD00285D
:10F3D000AFD19DF814306A78029F13F0010F0CBF73
:10F3E00003268326D1074ABF254B264B46F040060D
:10F3F000920713D59DF91530002B2ADB22484FF0D8
:10F40000360C0CFB030292781AB303FB0C006A461D
:10F410000121FFF78BF96B4646F04006AE761A687D
:10F42000C5F81B2019499B888B803B68C5F82130A3
:10F43000BB884B81164802221B39EAF7B7F900282E
:10F440007FF477AF01232B71238B43F48043238315
:10F4500022E7FFF713FD0F4BDEE7002202A920464B
:10F46000FBF7EAFD0028EFD063E700BFFC62002055
:10F47000A86200200CDA040064DC04002ADA04002C
:10F480003386002039860020D88B0020C3620020FC
:10F4900045EB0300BC62002013B5134C23780BB37B
:10F4A00004F036F994F860305BB1002304F13000C9
:10F4B00084F86030F9F77AFC02B0BDE8104004F03F
:10F4C0002FB9F6F749FD0190F9F76AFC0199002878
:10F4D000F2D1606EFFF716FB0028EDD02046FFF753
:10F4E00047FBE9E702B010BDA862002008B5074B52
:10F4F0001A784AB11A791AB100201871FFF7D8FCAE
:10F50000BDE80840FFF7C8BF08BD00BFA8620020E3
:10F5100008B5054B1A791AB100201871FFF7C8FC1D
:10F52000BDE80840EAF724B9A86200202DE9F04FB1
:10F53000062887B004460F46904602D9FFF7ACFF75
:10F5400019E0B44B1288596E8978022916D15604F5
:10F55000F4D5396802AAFFF7C5FB039A009202A905
:10F560004046FFF7E9FB0020FFF75AFD009A02A989
:10F570003846FBF78FFD07B0BDE8F08F02F0C00101
:10F58000C029DBD11504D9D41B78002BD6D039681B
:10F5900002AAFFF7A7FB404602A9FFF7CDFB9DF8A3
:10F5A000143018070DD59DF91500002806DA9A4B7E
:10F5B0009A4A40F2A7719A4807F0D8F90299FFF7E2
:10F5C000F1F8944BDB78002B3DD0964D9DF81490CC
:10F5D000D5F800B0DDF810A0C9F380038DF8003035
:10F5E00099465E46002E40F0A7808F48F7F75BF9FA
:10F5F000034650B96B685B681B68D3E90221002A97
:10F6000000F0B180D160D9680A601022002118464C
:10F6100009F0DEFE0022C27102469DF8001002F8D9
:10F62000011BDAF80010C0F80110BAF8041091803C
:10F6300029680246034642F8081F002900F0958019
:10F64000CA602B60DD609DF81460DDF810A0DDF865
:10F650000CB0C6F38003012C0093C6F3400640F0C3
:10F66000868031465846F9F795FA0025A8420CBF26
:10F670004FF002094FF00B09B8F80030590541BFAF
:10F68000009A0232D2B200929A04684A98F8043082
:10F69000127848BF0236A3EB020348BFF6B25BB252
:10F6A000B9F10B0F019376D14846FEF75DFA0028B9
:10F6B00000F0DC800120F6F7E9FA002800F0D6809F
:10F6C0003E220270122242700122C2700271009A20
:10F6D00080F802904271DAF80020C0F80620BAF8EB
:10F6E000042042810673DBF80020C0F80D20BBF82F
:10F6F0000420A0F81120019AC274FDF7D3FE00285F
:10F7000040F0B480434BDB78002B00F0AF80454ADB
:10F71000009B156803F001034DB12A789A4206D187
:10F7200006225146681C09F01DFE002862D0404B9D
:10F73000404A40F277213EE733784B4506D1062216
:10F740005146701C09F00EFE002875D0B66849E7D6
:10F75000042C0CBF03F0040303F0010371E06960A3
:10F7600076E06A607DE069604DE76A6069E72CB128
:10F77000062C0ED0022C0CBF032404243B685D78B9
:10F780000821063D3846F6F7A1FDEDB24FF002091B
:10F7900072E70224F2E70220FEF7E6F9002865D0BE
:10F7A00005F10C0BBBF1440F60D80120F6F76EFA9F
:10F7B000064600285AD03E2303700223837001239B
:10F7C000C370009B80F801B004714371DAF8003017
:10F7D000C0F80630BAF804304381057300F10D0318
:10F7E0002A46002138463544F6F74AFD019B6B73E3
:10F7F000304682E7B9F10B0FEB7903D143F00203F6
:10F80000EB7133E0042C0CBF43F0040343F001031D
:10F81000F6E700BFA862002059D10400A6DC04006E
:10F820002ADA040028630020B0630020318600201B
:10F830004ADB0400B2DB0400012CF37988D103F029
:10F840000203B3450FD0D6E90221002A87D0D16048
:10F85000F1680A602968324642F8081F002980D002
:10F86000CA602E60F560002B3FF4EDAEB8F80030B2
:10F870001B077FF563AE0120FFF71AFB5EE600BFB2
:10F880000729F8B531D11A4B1C7864BB01780129DE
:10F890002BD8B0F801301A1F92B243F6FC75AA4279
:10F8A00023D8B0F80360321F92B2AA421DD8B342E7
:10F8B0001BD34779032F18D88279032A15D80D4D09
:10F8C0002F706A7040F2712701226A71A97107FBDB
:10F8D00003F0FFF7A1F9A86007FB06F0FFF79CF91A
:10F8E000E8602046F8BD0C20FCE71220FAE700BFD4
:10F8F000A862002094620020022938B535D14278F0
:10F90000012A32D80478012C2FD8204B18781946B8
:10F910002CB918B10120FFF783FB002038BD40B19E
:10F9200093F86D0018B193F86E30022B1FD0CA7097
:10F93000F3E7DA70164A9866117859705178997021
:10F94000517903F16C05A1B183F86D10083212F8FA
:10F95000021C83F86E1007CA03F1700484E80700E4
:10F960005D66BDE83840FFF73DBA1220D6E70C20AF
:10F97000D4E7012283F86D2040F24712C3E91C222C
:10F980005D665970997083F86E10EAE7A8620020EE
:10F9900094620020054B1A782AB1987800F0010093
:10F9A000C0F1010070470120704700BFA86200202D
:10F9B000F8B5134C537863701378A3700023C4E92F
:10F9C0001933012384F86D30E0670646508940F210
:10F9D000712778431546FFF71FF92067A8897843F8
:10F9E000FFF71AF9022384F86E3004F16C036067A4
:10F9F0006366FFF7F7F908B9024B1E60F8BD00BF58
:10FA0000A862002050870020014B1878704700BF83
:10FA1000A862002000487047AF620020004870478D
:10FA2000C3620020034B0268C3F807208288A3F852
:10FA30000B207047A862002000487047C262002077
:10FA400010B50C4B1B7813B10020FFF7E9FA0A4BF5
:10FA50000A480024214650221C7009F0B9FC0848CD
:10FA6000F6F7E5FE074BC3E90043BDE81040FFF79A
:10FA700069BA00BFA862002090620020CC8C0020F0
:10FA8000B06300202863002007B50C4B00930C489E
:10FA90000C4B10220821F6F7C1FE30B10A4B0B4A7D
:10FAA0000B4840F6D22106F061FF0A4BC3E9000380
:10FAB00003B05DF804EBFFF745BA00BF7CDB040040
:10FAC000B06300203063002091DB0400C6DC04003A
:10FAD0002ADA0400286300200120704700207047C4
:10FAE000044B1A7822B9012203481A70F6F732BA89
:10FAF000704700BFD4630020D863002008B50378A6
:10FB0000032B05D0084B094A09486E2106F02EFF49
:10FB10000B78032B05D1BDE80840C968C068FAF727
:10FB2000AEBD012008BD00BFD7DC04006DDD0400C0
:10FB3000EEDC040010B5094B1A786AB100221A7085
:10FB4000074B1C682046FEF799FF2CB161680548F9
:10FB5000BDE81040F6F7FCB910BD00BFD46300202B
:10FB6000CC630020D86300201F4A70B51468002CB5
:10FB700039D0D4E90531C3B19961A2690026136077
:10FB80001A4B667001221A70F9F70AF90546F6F762
:10FB9000E3F98DB1E9F7D0FB022D08D0042D12D086
:10FBA000012D13D1F9F708FE06E05160E5E7304674
:10FBB000F9F7F0F8FFF700FA236973B90C4B0D4A17
:10FBC00040F2034106E0FBF71BFAF5E70A4B094A4E
:10FBD00040F2FE31094806F0C9FE20469847BDE8CC
:10FBE0007040FFF7A7BF70BDCC630020D463002036
:10FBF0004DDD040014DE04009AA30400EEDC0400D2
:10FC00002DE9F84F04460F46914603F093FD28B9BD
:10FC1000464B474AEF21474806F0A8FE6368A268B2
:10FC200003EB070BA2EB0308434BD3F800A01E46DF
:10FC3000BAF1000F10D1224642F814AFA361C3E914
:10FC4000004201236370FFF74BFF6078B0FA80F049
:10FC500040094042BDE8F88F0025A368DAF8042087
:10FC60009B1A002B22DCDAF81830C4E905A31C60CB
:10FC700004F11403CAF8183001236370002D3BD03F
:10FC800000272B466D699A69002D44D0AA619A69B4
:10FC900015601A785F70012A3FD0032A41D1D868D5
:10FCA0009C30F9F783F8AC42EBD125E0DAF8083064
:10FCB00062689B1A002B06DD51462046C84780B17A
:10FCC000002D08BF5546DAF814A0BAF1000FC4D1D0
:10FCD0007368A361C4F814A01C6004F1140373607A
:10FCE000CAE7DAF80830013363601FB1A3EB0B02F7
:10FCF000002A0CDB002363703368A342A5D163782C
:10FD0000002BA0D10D4B0A4A4FF49C7183E743446A
:10FD1000A3600546D7E77260B9E7D868F9F74AFDEE
:10FD2000C1E7074B074ABD2175E700BF65D904004D
:10FD30009ADD0400EEDC0400CC6300205BDD0400EF
:10FD40009AA3040085DD040070B52A4B1A78436F2E
:10FD50009B1AC0F8D030C379012B044600F1CC05C2
:10FD600008D0022B26D0244B244A25484FF4BA71E0
:10FD700006F0FCFD90F8783084F8CE30E36DC4F8DE
:10FD8000D430D4F8D060F6F7E7F8301A00280EDB4C
:10FD900003F0BEFCF9F704F804281FD1FAF774FC4D
:10FDA000D4F8D030C01A002818DD03F0B9FC4FF0A9
:10FDB000FF341DE0D0F8880047F6112398420AD896
:10FDC000104B5843800DD4F8D030013B181AC4F8BA
:10FDD000D0000023D0E7F6F7C3F8F4E70A4A002181
:10FDE0002846FFF70DFF044603F09AFCFFF7A2FE3A
:10FDF000204670BD1C8D00209AA30400AEDD0400D7
:10FE0000EEDC0400DF180200FDFA03002DE9F341E7
:10FE10000D46044600F1CC06F6F79EF8AB78242B8D
:10FE20003BD900F13905DFF8B480E16F98F8007034
:10FE30000191EB1BC4F8D03005F1A303C4F8D43012
:10FE4000002384F8CE3003F063FC30461F4A01994A
:10FE5000FFF7D6FE0646C0B9D4F8D0003844401BA0
:10FE6000F6F786F840F2E24398F80020B0FBF3F092
:10FE7000D4F8D030A4F870001344636794F8CE30FF
:10FE800084F87830D4F8D430E36503F049FCFFF708
:10FE900051FE304602B0BDE8F08195F90530012BE6
:10FEA00002D100F16205BEE7022B02D100F15C0530
:10FEB000B9E7032B02D100F1DE05B4E7044B054A94
:10FEC000054840F2FF1106F051FD00BFDDFA0300C6
:10FED0009AA30400CBDD0400EEDC04001C8D00209E
:10FEE000F7B5164B456F1F78044600F1CC06D0F8E5
:10FEF000880047F6112398426FEA07071BD8104B7A
:10FF00005843800D3D44E36DC4F8D430281A0025D1
:10FF1000C4F8D00084F8CE5003F0FAFB094A294611
:10FF20003046FFF76DFE019003F0FAFBFFF702FE8B
:10FF3000019803B0F0BDF6F713F8E3E71C8D00203D
:10FF4000DF180200D9FA0300F8B504460E4617463A
:10FF500003F0DEFB0C4A6FF000412046FFF750FE35
:10FF6000054630B1094B0A4A0A4840F2D92106F049
:10FF7000FDFCE06861683A46B04703F0D1FBFFF74B
:10FF8000D9FD2846F8BD00BFDDFA030001A4040036
:10FF9000E9DD0400EEDC0400F8B505460C46866891
:10FFA00003F0B6FB124A21462846FFF729FE074612
:10FFB000B8B96B6943B15B68A96834441A1B34EA69
:10FFC000220428BF1C46641A2CB1FEF723F9B0FBAB
:10FFD000F4F303FB14046B68A968234421446B60A9
:10FFE000A96003F09DFBFFF7A5FD3846F8BD00BFF3
:10FFF000DDFA030010B5044603F08AFBF8F7D0FEE3
:020000024000BC
:10000000012801D0042805D103F08AFB4FF0FF340A
:10001000204610BD054A00212046FFF7F1FD0446A9
:1000200003F07EFBFFF786FDF2E700BFDDFA030079
:1000300038B5044630B9114B114A124840F27531B7
:1000400006F094FC03F064FB6378ABB1D4E90531AE
:100050000D4A106873B19961A2690025A04213602E
:10006000657001D1FFF73CFD03F05AFBFFF762FD1D
:10007000284638BD5160EFE70125F5E769DD04004A
:10008000FEDD0400EEDC0400CC63002010B5044665
:1000900003F03EFB054B1B6833B15B682360012412
:1000A00003F03EFB204610BD1C46F9E7CC63002060
:1000B0000148F5F74FBF00BFD863002008B5064BD5
:1000C000064907480D221A700022F5F723FF054B59
:1000D0000020187008BD00BF1C8D002069FB0300C4
:1000E000D8630020D463002008B500231A4613F01B
:1000F000070F04BFDA088A5C12F0010F04D008B9B8
:1001000098B208BD013880B20133252B4FEA520264
:10011000EDD1034B034A044840F2771106F026FC68
:100120009AA30400C6DE04002EDE040070B5252567
:10013000B0FBF5F405FB1404C4F3CC05A6B2555D81
:1001400004F0070445FA04F4E40718D5002529460D
:100150002C46600704BFE008155CE80703D5A642FB
:1001600015D0013189B20134252C4FEA5505F0D163
:10017000084B094A09484FF4AF7106F0F7FB4843B2
:10018000000CBDE8704018801146FFF7ADBF198024
:10019000304670BD9AA30400A9DE04002EDE0400E0
:1001A000484090FAA0F000BA00EB00120A4492B264
:1001B00092FAA2F212BA02EB021253189BB293FA0D
:1001C000A3F31BBA03EB0313581880B27047000067
:1001D00082B2B2EB104F70B54FEA1043044615D00F
:1001E00043F3852043F3C423584008F089FE0128D7
:1001F0000CDD20482023604000220121084201D06C
:1002000032B90122013B4FEA4101F7D100201CE045
:1002100000251F232946104604EA00064000044238
:1002200019D09EB90131C9B20122B0F5807F1AD12F
:10023000022DEBD9062AE9D8013BEDD1B0F1004FF0
:10024000E4D118298CBF0020012070BD0132D2B248
:100250000135EDB2E9E716B90132D2B2E5E7013175
:10026000C9B20122F4E7B0F5803FE3D10B29E1D90F
:10027000CCE700BFD6BE898E10B5FDF7CBFF044694
:10028000FFF7A6FF0028F8D0204610BD70B5002368
:1002900001381A4610F8016F7EB10025012426426C
:1002A00006D0914202D15819C0B270BD0132D2B20B
:1002B00001356400082DE4B2F1D10833DBB2282BFC
:1002C000E8D1034B034A0448FA2106F04FFB00BF74
:1002D0009AA304008DDE04002EDE040007B5027927
:1002E00002F01F010191F5F77FFD019908F01CFE56
:1002F000C0B203B05DF804FB30B585B0154601937C
:10030000FFF74EFF4840019A0DF10E03294680B2D7
:10031000FFF70CFFC0B205B030BD0000401A002846
:1003200010B514460EDDF5F723FE074B33F81430F5
:1003300003F5FA734FF47A72B0FBF2F05843B0FB56
:10034000F2F010BD0020FCE7E4DE0400F8B50C4D2F
:1003500006460F4600232A785C1C52B16B78BB42DC
:1003600007D106223146A81C08F0FCFF08B9204638
:10037000F8BD082C05F108052346ECD10020F7E76D
:100380001D8D002008B5F9F733FD28B9FFF702FBF2
:10039000003818BF012008BD0120FCE708B5FFF7B1
:1003A000F1FF58B10023064A194602F83310013311
:1003B000082BFAD100F0AEF8002008BD0C20FCE7B5
:1003C0001D8D00200823037001230B70002070474F
:1003D0000AB1FFF7BBBF00F039B90000072938B5F3
:1003E000054621D1FFF7CEFF00B32C4614F8011BC0
:1003F0002046FFF7ABFFD8B90E4B0822197869B930
:100400002268C3F80220A288DA8029785970012274
:100410001A702046BDE8384000F088B8013A03F170
:100420000803EBD1072038BD1220FCE70C20FAE7C7
:100430000020F8E71D8D0020072913B5044615D1CB
:10044000FFF7A0FFA0B114F8011B01912046FFF7B0
:100450007DFF019920B1074B0138002203F83020BD
:10046000204600F099F8002002B010BD1220FBE7F2
:100470000C20F9E71D8D002000F0D0B800F0DCB8AA
:100480000B4B1A680B4B3AB90121C3F80813C3F898
:100490000021D3F800327047D3F8001131B10021A8
:1004A000C3F80011D3F80805C0B21047704700BF69
:1004B000A48D002000D000404FF08052D2F8A03030
:1004C00013F0010301BFD2F8A410D2F8A820A0F8BD
:1004D0000520C0F8011006BF037018464FF0FF302A
:1004E00070474FF08053D3F8A020D2070FD5D3F830
:1004F000A420D3F8A830A0F805308379C0F80120F3
:1005000063F03F03837101230370002070474FF0B5
:10051000FF307047034A0023C2F84036024A137086
:10052000704700BF00100040F06300202DE9F0414B
:10053000174E337807468846012500242B421FD1E9
:100540003846A400F5F750FC04F1804404F58054CB
:10055000C4F80006381DF5F742FCB8F1010F08BFDA
:100560000C4AC4F8200602BFD2F8403643EA0523FD
:10057000C2F8403633781D4335700020BDE8F08165
:100580000134082C4FEA4505D8D10720F6E700BF13
:10059000F0630020001000402DE9F0418846044639
:1005A000F5F722FC0746201DF5F719FC194B1A4DEB
:1005B000D3F840362E784FEA132C01220021164240
:1005C00020D08B0003F1804303F58053D3F800461D
:1005D000BC4217D1D3F82036984213D1D3B2B8F128
:1005E000010F03EA0C040BD164B10A4926EA0303A4
:1005F0002B70D1F8403623EA0202C1F8402606E00B
:10060000002CF2D0013108294FEA4202D7D1BDE8CF
:10061000F08100BF00100040F0630020044A054B49
:10062000D2F840161B780B43C2F84036704700BF23
:1006300000100040F0630020034AD2F8403603F473
:100640007F43C2F84036704700100040014BD3F89A
:1006500014017047001000400D4B01221A60043B4A
:100660000021C3F80011C3F80411C3F804051A608F
:10067000D3F80021D3F8040122B90028F8D04FF0B4
:10068000FF307047003818BF01204042704700BF5C
:1006900004E0004038B50C4B044691B10122C3F888
:1006A000042564B1094D0A49E02385F80D330D2076
:1006B000F6F7C8F94FF400532B60064B1C6000207E
:1006C00038BDC3F80415ECE700D0004000E100E0BD
:1006D00081040400A48D002008B503F019F8074B2D
:1006E0000022C3F80021064A1168012209B1C3F8AB
:1006F00004231A6003F014F8002008BD00D0004065
:10070000A48D002010B503F003F8064B0649012222
:100710000024C3F808230A60C3F8004103F000F87E
:10072000204610BD00D0004004D00040014B002204
:100730001A707047608D0020F0B50C4D2A78042A9D
:1007400011D00B4C034604EB021400F1100718689B
:100750005968264603C60833BB423446F7D10132F6
:100760002A700020F0BD0720FCE700BF608D00204C
:10077000648D002009490B7883420EDD013BDAB21B
:1007800082420A7009DD064B121A03EB8003120144
:1007900003F11001184608F001BE7047608D00207B
:1007A000648D002010207047074BD3F8002542B11C
:1007B000D3F800212AB1D3F8042112B1D3F80004F0
:1007C00070474FF0FF30704700F0004043090122AE
:1007D00000F01F0002FA00F04033024A42F8230002
:1007E000704700BF00E100E073B50669044602F0FF
:1007F0008FFFD6F80415D6F8043165685BB105F1B2
:1008000080750023D6F804156560C6F8043194F9A4
:100810000100FFF7DBFF41EA0500019002F080FFD5
:10082000019802B070BD30B484780369BCB34FF452
:100830008022C3F80823D3F80445D3F80451426852
:100840001DB1D3F8044502F1807222438A1A002AAE
:100850004FF0010506DCC3F8085330BC90F90100E5
:10086000FFF7B4BF022A07DCC3F80453D3F80435FA
:100870009C42F2D130BC7047B2F1807FB4BF21F00E
:100880007F4104F500044FF48022C3F80853B4BF3D
:10089000C3F84815C3F84845C3F80423EAE74FF402
:1008A0000022C3F80823C3F84C15C3F84C41C3F821
:1008B000042301229A64D3F84835591A0029D9DB58
:1008C000CBE700002DE9F8432C4C2669D6F84831D7
:1008D00013B10023C6F84831D6F8003113B1002314
:1008E000C6F80031D6F8043133B10023C6F804311C
:1008F000636803F180736360A368DFF8808001336D
:10090000A36002F005FF01274FF00009656945B1BA
:10091000A3789BB14046FFF767FFEB68C01A002839
:1009200011DA6369EBB9A278236922B34FF480220C
:10093000C3F808230122C3F8082316E023699F6443
:10094000D3F84805E9E7D5E9043243B15A616A6949
:100950001360D5E90130C5F814909847D6E7A26135
:10096000F5E7D9680548FFF75EFF02F0D9FED6F833
:100970004831BDE8F8834FF40022DCE7A88D002061
:10098000052810B51BDC0F4B53F82030BBB11C7889
:10099000ACB9052813D10C4B0C4901229A700B20DD
:1009A0000B4A1A6158700B4B4FF40062C3F8802059
:1009B000E02283F80B23F6F745F8204610BD1620F9
:1009C000FCE700BF5CDF0400A88D0020C508040020
:1009D00000B0004000E100E00528F8B570DC394BBC
:1009E00053F82060002E6BD0052827D1364E34787E
:1009F000002C65D1B1F5004F62D13369002B5FD077
:100A000001253570F16002F083FE336902225D60DA
:100A10009D60C3F80845C3F80441C3F804231D6072
:100A2000727896F9013002F01F0295405B09274A5F
:100A300042F8235002F074FE2046F8BD3578002DB0
:100A40003ED1234B99423BD8B3FBF1F1B1F5007F86
:100A500036D83369A3B301290FD001231A4602FA0D
:100A600003F08842DDB226D3013B02FA03F3CB1A2E
:100A7000411A8B4201D2013DEDB2154B01272B41AA
:100A8000F360377002F044FE3369032200245F6094
:100A9000DF60C3F80445C3F80825C3F810551F608C
:100AA000727896F9013002F01F0297405B09074AFD
:100AB00042F82370BEE701330A2BD0D11D46DCE794
:100AC0001620BAE75CDF0400A88D002000E100E0FA
:100AD0000024F400052808B50FDC0B4B53F8200068
:100AE00058B183781BB1BDE80840FFF77DBE0369AC
:100AF00001229A64D3F8480508BD044B044A05480E
:100B000040F2133105F032FF5CDF04009AA30400C9
:100B10004DDF0400F4DE0400052810B509DC064CA6
:100B200054F820402CB1C1E90123002048610C6039
:100B300010BD1620FCE700BF5CDF040038B504469A
:100B4000002832D04369002B2FD14368002B2CD0D2
:100B50000568C16002F0DCFD6B6904F1100253B955
:100B600023612B46AA6143F8144F6361E16828466C
:100B7000FFF759FE0CE0E068D968411A00290BDA4A
:100B80005969C4E904310C605A616B699C42EDD02B
:100B900002F0C6FD002038BD1B69002BECD123619B
:100BA000AB6963611C60AA61EFE71620F3E738B513
:100BB000044660B3056802F0ABFD616999B16A69EA
:100BC0002369A2420BBF012000201A46002273B104
:100BD000596161690B600023636120B14AB1D1683A
:100BE0001068FFF720FE02F09BFD002038BDA961D0
:100BF000EFE7AA782B693AB14FF48022C3F80823B3
:100C00000122C3F80823EEE74FF40022F9E716208B
:100C1000ECE700008271054A417112680449B2FB99
:100C2000F1F14FF47A724A43C260704714360020E3
:100C300040420F0038B504460D464079022106F0C7
:100C40002DF802F00DFDA0F5FA60A060657438BDC6
:100C500070B505460E460024687906F081F8B0426A
:100C600006D1EB68A34204F1010203D84FF0FF3430
:100C7000204670BD1446EFE7F0B50D46D1B00446EE
:100C800002F0EEFC3DB9A368C31AB3F5FA6F02D2C5
:100C9000207C51B0F0BD00250221A0602560607964
:100CA000257105F0FBFF012002F0E2FC60790121D3
:100CB00005F0F4FF6079294606F02EF8A379153B7C
:100CC000012B1AD82F4B304843F001039847607925
:100CD000022105F0E3FF607C20B12A4B800143F044
:100CE0000103984772B600212046FFF7B1FF01309B
:100CF00007D10020207462B6CBE7142002F0B8FCC4
:100D0000E5E701212046FFF7A3FF0130F1D06D4652
:100D10002E46002700212046FFF79AFF0121306070
:100D20002046FFF795FF0237502F706006F1080646
:100D3000F0D162B60022D5E90060711C01D0431CDD
:100D400002D100202074A4E7D1108642635C4FEAF0
:100D50004303DBB202F1010238BF43F00103282A4A
:100D6000635405F10805E6D16178237822790B44B4
:100D7000A1780B44E1780B44DBB29A42E1D1012027
:100D8000E0E700BF80DF0400001301000000000066
:100D90002DE9F0410D462DED028B11460446FFF77B
:100DA0006BFF28B1A3790C2B5CD003D80B2B1DD083
:100DB000454B51E0153B012BFAD8A678E378300279
:100DC00000F4FE40184307EE900AF8EEE77A17EEBB
:100DD000900A07F08DFC38A3D3E9002307F0E0FC6C
:100DE00007F0D6FF16F0800F03465CE0A378E078AA
:100DF00008EE103A94F90330B8EE488A002BB8BFD9
:100E0000FFEE007A00F00F00B8BF37EEC88A07F097
:100E10005DFC29A3D3E9002307F0C2FC064618EEC7
:100E2000100A0F4607F064FC0B460246394630466E
:100E300007F000FB07F0ACFF03466DB107F058FC6C
:100E40001FA3D3E9002307F0ABFC204B002207F0DF
:100E5000F1FA07F09DFF0346BDEC028B00EE103A5D
:100E6000BDE8F081E07894F8028000F00F0007F010
:100E70002DFC11A3D3E9002307F092FC07EE908A22
:100E8000F8EE677A064617EE900A0F4607F030FC38
:100E90000B4602463946304607F0CCFA07F078FF99
:100EA00018F0800F034618BF83F00043002DD3D005
:100EB0001846C3E7AFF300809A9999999999B93F79
:100EC000CDCCCCCCCCCCFC3F0000C07F000040405F
:100ED000D0B50446FFF7D0FE20B1A3790C2B04D87F
:100EE0000A2B16D89FED1A0A2AE0153B012BF9D8D8
:100EF000208840BA80B207EE900AF8EEE77A17EE43
:100F0000900A07F0F5FB10A3D3E9002307F048FC93
:100F100012E0607807F0DAFB0BA3D3E9002307F0B7
:100F20003FFC064620780F4607F0D0FB02460B46F2
:100F30003046394607F07EFA07F02AFF00EE100A25
:100F4000D0BD00BFAFF300809A9999999999B93FA4
:100F50000000C07F704705F09CBA084605F08CBAC7
:100F6000084611461A4605F08BBA0846114605F0A8
:100F700085BA05F087BA10B5044605F04FFA204649
:100F800010BD000038B5054608460C4608F047FC81
:100F9000013083B222460C48294600F075F808B1AA
:100FA000002038BD084800F0F3F8204608F037FC70
:100FB000013083B222460448294600F065F8002833
:100FC000EED11C20EDE700BFF463002038B50546E4
:100FD00007480C4600F056F90548294600F036F857
:100FE00018B10C302060002038BD1C20FCE700BF89
:100FF000F463002010B5074C074A0849204607F063
:10100000C5F905F046FA214682B2BDE81040044811
:1010100000F008B8BC35002000340020550F040053
:10102000F463002038B504460023A3740B682160E4
:101030009B68084615469847854204D22068036895
:101040009B68984785B22582204638BD426810B516
:1010500084680432944215D91368B3F1FF3F1046F7
:1010600010D0994201D153684BB9538923F003033F
:10107000043302F10C009BB203441A46EAE75A1CFF
:10108000FBD110BD0020FCE72DE9F04F90F8129045
:1010900087B00446884616461D46B9F1000F05D1B3
:1010A0004FF00009484607B0BDE8F08FB1F1FF3FAF
:1010B000F6D0FFF7CBFF074648B132783AB9012D99
:1010C00005D820680368391D1B699847EAE74FF087
:1010D000FF3304934FF6FF7343EA0543D4F80C90B3
:1010E000059315F0030314BF6A1C2A46019309F106
:1010F0000C031344A268CDF80C809342D0D820682A
:10110000036803AAD3F814B049460323D8472068DC
:10111000E1680368C5F3870A0C31D3F814B0E160C5
:1011200053463246D847E26804231AFB03F113FB07
:101130000A2A019BC4F80CA07BB10023019A0293F8
:10114000314402A808F01CF92068029A036851464D
:101150001B699847E3680433E3602FB12068036894
:101160004A461B69391D984741462046FFF76EFFE6
:10117000002895D043899D4292D100F10C012A4666
:10118000304608F0EFF8B0FA80F94FEA591989E7CC
:101190002DE9F041044600680368DB6898476368FE
:1011A0001F4A05468342206808BFA5681F1D0368C3
:1011B00029461B69984704353A68A368013214D060
:1011C000BB4212D97E897B6826F0030610360133B4
:1011D000B6B208D1206803682946D3F814803A468D
:1011E000B308C04735443744E6E76668E560A3685E
:1011F000B3420AD92068036831469B699847206842
:1012000003689B6898470644F1E7AB42228A2CBFEB
:1012100063689B18A3609B1A63600120BDE8F0819E
:10122000F5C0A5F138B5044600680368DB68984747
:10123000238A606003440546A360228A636803EB47
:101240004203AB420AD92068036829469B69984744
:10125000206803689B6898470544EEE738BD0000A6
:1012600010B50446FFF7DEFF2068054A0368616891
:101270001B69984763680433E3600123A37410BDBE
:10128000F5C0A5F170B5857C044695B90068036882
:10129000DB689847238A6060C218A2601349066819
:1012A0008E420BD0C058884205D02046FFF7D8FFA9
:1012B0000125284670BD13446260A3606268042162
:1012C000131D186801300BD05B89A06823F003035D
:1012D00004339BB20C33194453188342F1D3E8E72B
:1012E0000A440125E260A574E3E700BFF5C0A5F15B
:1012F0000A680B46926801461846104713B5044623
:10130000084659B1019108F08AFA23680199DB680F
:101310000246204602B0BDE81040184702B010BD9A
:1013200008B5FFF7EBFF08BD03689B68184700008E
:1013300008B50249FFF7E2FF08BD00BFACDF0400BB
:1013400038B50546FFF7DAFF04462846FFF7F0FFF9
:10135000204438BD0EB403B503AB014653F8042B4B
:101360000448019304F0EEFF02B05DF804EB03B013
:10137000704700BFF1120400F0B58BB000238DF868
:101380002430012A98BF0A2209ACB1FBF2F602FB15
:101390001615EBB2092D0F4694BF30333733DBB24D
:1013A000BA4204F8013D3146EFD92146FFF7A6FFC6
:1013B0000BB0F0BD2DE9F04107460E4614462AB9A0
:1013C0000368BDE8F0419B68C9B218470A2A0DD1ED
:1013D00000290CDA2D21FFF7A7FF224605467142AE
:1013E0003846FFF7C9FF2844BDE8F081D2B2BDE816
:1013F000F041FFF7C1BF10B42AB902685DF8044B91
:101400009268C9B210475DF8044BD2B2FFF7B4BF7F
:10141000FFF7F1BF38B50546FFF7EDFF0446284654
:10142000FFF786FF204438BD38B50546FFF7E3FFD8
:1014300004462846FFF77CFF204438BD2DE9F84FCD
:1014400055EC104B06460F4610EE102A10EE100A0F
:101450002B46294607F03EFC38B14B493046FFF792
:101460004DFF82465046BDE8F88F25F00049474BB6
:101470004FF0FF322046494607F02CFC48B9434B59
:101480004FF0FF322046494607F006FC08B94049B4
:10149000E4E7404B4FF060422046294607F010FC3D
:1014A00008B13D49DAE73D4B4FF0604220462946FE
:1014B00007F0E8FB0028F4D100220023204629464B
:1014C00007F0E0FBD0B12D213046FFF72DFF05F1ED
:1014D000004382461D463249DFF8CC904FF0000BA6
:1014E00000204FF000085FFA8BF39F4208D9424674
:1014F0004B4607F07FFA0BF1010BF4E78246EAE76F
:1015000022462B4606F096FF0D46044607F020FCC7
:10151000804607F0CBF802460B462046294606F0E7
:1015200087FF0A2204460D4630464146FFF724FF56
:10153000824427B11B493046FFF7E0FE8244DFF8C2
:1015400068904FF00008013FFFB2FF2F8AD04B4652
:1015500042462046294607F023F90D46044607F087
:10156000CFFB0A22014683463046FFF723FF824421
:10157000584607F0ABF802460B462046294606F0CF
:1015800057FF04460D46DEE7AFDF0400FFFFEF7FA5
:10159000B3DF0400FFFFEF41B7DF0400FFFFEFC13F
:1015A0000000E03F479F040000002440C9B2FFF75D
:1015B00045BF38B5C9B20546FFF740FF0446284687
:1015C000FFF7B6FE204438BD70B592B01E460C46FB
:1015D00015460021422201A807F0FAFE412E5CD9EF
:1015E00040F60832ADF8042040F20222ADF808209F
:1015F00040F20942ADF80C20631C40F20122DBB23C
:101600002748ADF8102005228DF815208DF81E30E2
:10161000242208908DF8273040F224608DF8313074
:101620000A238DF81620ADF824001E4A1E488DF8B6
:10163000343040F2075306920A9001220820ADF898
:101640003830402302218DF81C208DF82C00042214
:101650004FF411608DF83C3007238DF807108DF89A
:1016600012108DF81F20ADF82E008DF830208DF867
:1016700033108DF83B108DF83F3042220B4B8DF824
:10168000064001A928468DF80E408DF8264010939B
:1016900007F076FE422012B070BD0020FBE700BFCD
:1016A000240202052001052407058003058002406D
:1016B000A0F11000FFF788BF07B503688DF8071089
:1016C000DB6801220DF10701984703B05DF804FBC8
:1016D000704710B5002000F0C3F8044608B901F0C7
:1016E000AFFF204610BD002000F0F4B8002000F04D
:1016F00035B910B5044604F091FE204610BD07B57B
:1017000000210DF10702084600F0C8F820B19DF84D
:10171000070003B05DF804FB4FF0FF30F9E707B5B1
:1017200001220DF10701002000F0A4F820B19DF87E
:10173000070003B05DF804FB4FF0FF30F9E770B528
:101740000E46144615465DB1002000F063F838B12E
:101750002A463146002000F0AFF82D1A064401D188
:10176000601B70BD01F06CFFEDE7000000224FF43C
:101770007A71C0E901214261034A02F1080138325D
:1017800001600261704700BFBCDF0400704707B50D
:10179000084641B9694600F053F8009BB3F5966FCF
:1017A00001D101F0A7FD03B05DF804FB08B5054BBE
:1017B0001846FFF7DBFF044A04491846BDE8084015
:1017C00006F0E4BD0864002000340020D1160400B7
:1017D000428B838A9B1A9BB23F2B10B5044618D9C3
:1017E000C178002000F0CAFC98B1628BA38AE1782E
:1017F0009B1A9BB23F2B07D904F532724023BDE8F8
:101800001040002000F01EBDBDE81040002000F098
:10181000EDBC10BD10B5044600F098FB08B90020DF
:1018200010BD00F09BFB0028F9D104484FF452731F
:1018300003FB0404207900F00100F1E7206400209C
:10184000064B4FF4527202FB003050F8063F0B601B
:1018500083888B8083798B71704700BF2064002060
:10186000034B4FF4527202FB0030408B80B2704742
:10187000206400204FF4527370B503FB00F4064E51
:1018800004F1100092B2304400F033FA05463019EA
:10189000FFF79EFF284670BD20640020054B10B462
:1018A0004FF4527404FB003089B25DF8044B1030E1
:1018B00000F057BA2064002010B5054B4FF4527465
:1018C00004FB003092B2243000F085FA10BD00BF56
:1018D000206400202DE9F843DFF87C904FF4527427
:1018E000444309EB04070546FB8D9BB2C8460BB980
:1018F000002021E0B978002000F040FC0028F7D05B
:1019000004F5427604F124004E4440223146484416
:1019100000F0EFF9044698B12846FFF77BFF78B155
:10192000B97823463246002000F08CFC30B9094BD0
:101930001B68DB07DCD500BEBDE8F8832046FBE76B
:101940004FF4527000FB05850020A97800F04EFC92
:10195000CEE700BFF0ED00E020640020044B4FF420
:10196000527202FB0030C38D008DC01A80B27047E6
:101970002064002073B51A4C4FF4527200212046A7
:1019800007F026FDFF2363714FF442430125002633
:10199000E3800823237304F138012B4600964FF4AB
:1019A000807204F110002581668100F08CF92B46CD
:1019B0004FF4807204F59C71009604F1240000F04D
:1019C00082F904F50E71284602F0FCF804F5207146
:1019D0002062284602F0F6F8606302B070BD00BFD6
:1019E0002064002010B5074C002304F11000236090
:1019F000237100F033FA04F12400BDE8104000F038
:101A00002DBA00BF20640020F7B54B79022B0746A2
:101A100003D00025284603B0F0BD8B79022BF8D106
:101A2000CB79062BF5D8204EB3787BBB8B783370FF
:101A30000C7809250C4403E023781D44ADB21C4406
:101A40006378242B1BD19542F6D96378042B12D1ED
:101A500063790A2B0FD1154B26780193013300933C
:101A600002231A46A119384600F042FB70B10E3528
:101A700016FA85F5ADB20C48FFF7AAFECAE7052BAA
:101A8000E3D12146384600F076FB28B9084B1B68A5
:101A9000DB07BED500BEBCE7A378737023781D4476
:101AA000ADB21C44D1E700BF2064002022640020B6
:101AB000F0ED00E008B50B7803F06003202B0FD1A8
:101AC000084B8A88187890420AD14A78202A05D192
:101AD000054A1AB1991D0020AFF30080012000E0F3
:101AE000002008BD20640020000000000A7802F0F9
:101AF0006002202A38B509D1104A8C881578A54291
:101B000004D14C78212C03D81F2C11D8002038BDCB
:101B1000222CFBD14C88147100F0FCFE084B5BB109
:101B2000C4F3400204F001010020FFF730FE03E09F
:101B30000723063200F006FF0120E8E720640020BA
:101B40008F1704002DE9F74F1C46324BDA788A4292
:101B500080460F461D464AD09B788B424FD1AB78CA
:101B6000BB4222D0012451E006F53271504600F00C
:101B70001AF9B9F1000F09D06B79FF2B06D096F84E
:101B8000C812994202D10020AFF300800136B3455C
:101B9000EAD1214B2BB16B8B9BB213B10020AFF379
:101BA00000801C48FFF714FED9E71C4B13B100203E
:101BB000AFF300800020FFF78DFE0028D2D1EB8D1F
:101BC0009BB2002BCED1002CCCD014F03F03C9D156
:101BD000A9780193404600F0D1FA019B0446002801
:101BE000C0D0A9781A46404600F02CFB0EE0DFF882
:101BF00034901E4603EB040B03F1100AC7E7084BB1
:101C00001C6814F0010401D000BE0024204603B07B
:101C1000BDE8F08F206400200000000000000000FC
:101C2000F0ED00E000000000006920B100231A463A
:101C3000194601F043BF704770B504460846E38972
:101C4000E18826689BB215464A4301FB036107F011
:101C500097FBE389A28815FA83F39BB2934224BFD2
:101C60009B1A9BB2E38163895A1B92B2628170BD59
:101C700070B5044683892668C0889BB215464243E6
:101C800000FB036007F07CFBA389A28815FA83F3AD
:101C90009BB2934224BF9B1A9BB2A38163899BB2E0
:101CA0009A4215BF6389A38915FA83F29BB216BFC6
:101CB00092B2E381628170BD006918B14FF0FF31CB
:101CC00002F09AB87047F8B504460F4616461D460E
:101CD000FFF7F2FF9DF8183023720023638120463E
:101CE000A3812760A680E580E381FFF79DFF0120A7
:101CF000F8BD2DE9F341438901919BB20446154695
:101D0000C3B1FFF7D9FF6389B4F8048001999BB28E
:101D1000AB4238BF6589E38938BFADB215FA83F3AA
:101D200043450BDC2A462046FFF786FF2046FFF797
:101D30007BFF2B46184602B0BDE8F081E689019191
:101D4000B6B2A8EB0607BFB23A462046FFF774FFCB
:101D5000E3880199A6EB08022A4492B207FB03111B
:101D6000E1E7F8B543899BB28B4205460E4617461C
:101D700017D9FFF7A1FFEC89EA8816FA84F18BB234
:101D8000A9888B4228BF5B1A296828BF9BB202FB37
:101D90000311384607F0F4FA2846FFF745FF012003
:101DA000F8BD0020FCE7438982889BB29A4213B5B4
:101DB000044601D1007A60B120460191FFF77CFF13
:101DC000019901222046FFF753FF2046FFF72CFF21
:101DD000012002B010BD2DE9F84304460F46154618
:101DE000CAB1FFF769FF237AB4F80480B3B96389F5
:101DF000A8EB03039BB29D4228BF1D46A38915FA99
:101E000083F3434517DC2A4639462046FFF730FF67
:101E10002046FFF709FF2846BDE8F883A845EDD224
:101E2000E388A5EB080503FB05770023A38145465E
:101E3000E3816381E2E7A689B6B2A8EB06091FFA3F
:101E400089F94A4639462046FFF712FFE188A6EB9A
:101E500008022A4492B209FB0171D6E710B5044684
:101E6000FFF72AFF002363812046A381E381FFF768
:101E7000DBFE012010BD00000B4B63B10B4B1B7848
:101E8000834206D90A4B1B68C0EBC00003EB8000FD
:101E90007047C01AC0B2042803D8064BC0EBC0007C
:101EA000F4E70020704700BF000000006C670020CE
:101EB00068670020F8DF040070B532220021054673
:101EC0000E480F4E07F084FA1022FF210D4807F04C
:101ED0007FFA1022FF210C4807F07AFA00F06AFD21
:101EE00000242046FFF7C8FF436828469847337808
:101EF0000134E4B20433A342F3DA70BDB8670020C2
:101F00006C670020BA670020CA67002007B5134637
:101F10004AB94FF0FF3201F0D1FD003818BF01205F
:101F200003B05DF804FB002301AA01F089FE019BC8
:101F3000002BF2D0044B4FF080525A6040BFBFF3E9
:101F40004F8FBFF36F8FE8E700ED00E0024B18788A
:101F5000C0F38000704700BFB8670020024B1878BC
:101F6000C0F3C000704700BFB867002037B5322209
:101F700000211E4807F02CFA1D49012001F022FE25
:101F80001C4B186030B91C4B1B68DB072CD400209D
:101F900003B030BD19490B46002233F8080B0092FC
:101FA0004A68498801F054FD154B18600028EAD0B2
:101FB000144B23B11448AFF30080144B1860124D3A
:101FC00000242046FFF758FF036898472B78013418
:101FD000E4B20433A342F4DA002000F005FE00204E
:101FE00000F004FE0120D3E700BED1E7B86700206F
:101FF00070670020EC670020F0ED00E0C0350020A5
:10200000F0670020000000006C6700206867002077
:102010004378023B0A46032B14D8DFE803F0022979
:102020001820144B19786FF30001197019786FF3A9
:102030004101197019786FF38201197019786FF3E3
:10204000C30119700C4B01461868FFF75FBF094BBD
:102050001978C9070CD5197841F00801F1E705494D
:102060000B78DB0704D50B786FF3C3030B70E9E73C
:10207000704700BFB8670020F06700201FB500233D
:10208000CDE901338DF804008DF8051001A8114643
:102090000393FFF7BDFF05B05DF804FB1FB50023F8
:1020A000ADF806308DF804000623086849688DF8FD
:1020B000053002AB03C3114601A8FFF7A9FF05B025
:1020C0005DF804FB1FB50024CDE901448DF8040040
:1020D00007208DF805008DF8081001A89DF818104C
:1020E00003928DF80930FFF793FF04B010BD000094
:1020F0002DE9F047DDE9085681460C4690469A46A0
:102100000027B84501DC01200CE06378052B04D1E1
:10211000E37803F00303534508D00E4B1B68DA073E
:1021200002D40020BDE8F08700BEFAE72146484609
:1021300000F074FD28B9074B1B68DB07F1D500BE22
:10214000F0E7A378DA0914BF33702B7023780137D6
:102150001C44D6E7F0ED00E01FB50023CDE90201F5
:1021600001931146082301A88DF80530FFF750FFB1
:1021700005B05DF804FB00F051BD0000F8B5194B47
:1021800001F07F0403EB440303EBD11101F12004C0
:1021900091F8225015F0010521D191F822305A070B
:1021A000C3F3800717D4104E4FF0FF31306801F0B1
:1021B00023FEA57815F001050FD1A3785B0704D4A1
:1021C000A37843F00403A3700125002330681A4666
:1021D000194601F073FC2846F8BD3D46F5E7002599
:1021E000F9E700BFB8670020EC67002038B5134C52
:1021F0000D4620684FF0FF3101F0FEFD104B05F059
:102200007F0103EB410303EBD51120318B7813F0F1
:10221000010210D18B78C3F380055B0703D58B785F
:1022200062F382038B70002320681A46194601F07E
:1022300045FC284638BD0025F5E700BFEC670020C7
:10224000B867002070B5144D01F07F0605EB460518
:1022500005EBD1142034A578ED0707D50F4B1B688B
:10226000DA0701D4002070BD00BEFBE7A57845F079
:102270000105A57000F004FD0028F4D1A37860F3F7
:102280000003A370A37860F38203A370034B1B6861
:10229000DB07E7D500BEE6E7B8670020F0ED00E019
:1022A000054B01F07F0203EB420303EBD11191F8E0
:1022B000220000F001007047B867002010B50C46FE
:1022C00000F030FD094B04F07F0103EB410303EB09
:1022D000D41191F8223043F0020381F8223091F8B2
:1022E000223043F0010381F8223010BDB86700208E
:1022F00010B50C4600F028FD094B04F07F0103EBFC
:10230000410303EBD41191F822306FF3410381F8BC
:10231000223091F822306FF3000381F8223010BD93
:10232000B86700202DE9F04F89B000F083FF074621
:10233000002800F06982AE4B4FF0FF32186805A903
:1023400001F0E0FC002800F05F829DF81530013BB1
:10235000072B00F28E82DFE813F0080011008302E1
:1023600062026D021B00300285029DF81400FFF727
:10237000A3FDA04B9DF818205A70DCE79DF81400CF
:10238000FFF79AFD9C4B002BD5D0AFF30080D2E72E
:10239000984D9DF814402B78002043F001032B70DA
:1023A00000F010FB9DF8188008F06002602A2E46AD
:1023B00006D1924B1B68D90740F1478100BE44E12A
:1023C000402A0FD18E4B002B00F03F818D4808B181
:1023D00000F0F8FA06A92046AFF300800546002D6C
:1023E000A9D132E108F01F08B8F1010F00F07381A4
:1023F000B8F1020F00F08E81B8F1000FD9D1202A78
:1024000014D19DF81C300F2B00F21F811D44A878B9
:10241000FFF732FD0546002800F01781006900F043
:10242000D1FAEB6806A920469847D7E7002AC0D121
:102430009DF81930092BBCD801A252F823F000BF37
:10244000C1260400B1260400B3230400A126040021
:10245000B32304006924040011260400B3230400FC
:10246000832404009D24040006A800F0B1FA9DF81E
:102470001A10204600F0C0FB2B7843F002032B70AB
:1024800059E72B78C3F380038DF8123001230DF147
:10249000120206A9204600F055FA4CE72B789DF869
:1024A0001A905B0726D4B9F1000F23D009F1FF3051
:1024B000C0B204F0BFFD10B14378022B06D04F4BE1
:1024C0001B68D8077FF575AF00BE72E72A78C3791D
:1024D00022F0600203F0600313432B704388C3189B
:1024E00000F109010193019B8B4211D8464B0BB1BE
:1024F000AFF30080B9F100092B7818BF4FF0010944
:1025000069F382032B7006A9204600F003FA12E754
:102510004B780B2B03BF0B788A46C9184FF0000A83
:102520004B78042BCBD1019B5A1A92B24FF0000B7F
:10253000364B1B785FFA8BF804334345BFDB4046CC
:10254000CDE90212FFF798FCDDE90212836820460C
:1025500098470BF1010BDDE902120028E8D00828AA
:10256000ADD98242ABD38A78B31893F802C0BCF1DC
:10257000FF0FA4D183F80280BAF1000F1ED10A46E2
:10258000002392F801C0BCF1050F09D192F802E0D6
:102590000EF07F0C06EB4C0C0CEBDE1C8CF8128062
:1025A00092F800C063449BB298426244E9D8174B4A
:1025B0001B7804339845014495DD80E79AF8023092
:1025C00093427FF47CAF9AF804C04A7994457FF433
:1025D00076AF03339AF8032033444FF0000C0CF12C
:1025E000010C5FFA8CFE7245C9D903F8018BF6E73E
:1025F000F0670020B867002000000000F0ED00E068
:102600000000000000000000000000006C670020D7
:10261000BDF81A309DF81A001B0A013B0E2B14D886
:10262000DFE803F008262C131335131313131313C9
:1026300013131E0004F0FAFC1223024606A92046DA
:1026400000F080F900287FF476AE9DF81400002198
:1026500000F068FB9DF81400802100F063FB6AE63F
:10266000874B002BF1D0AFF3008002465388E5E79B
:1026700004F0E0FC02460028F8D19AE6BDF81C10F0
:1026800004F0DEFC02460028DFD01378D6E77D4B4D
:10269000002BDAD0AFF3008002460028F5D188E69F
:1026A000BDF81A30012BD0D12B7843F0100329E765
:1026B000BDF81A30012BC8D12B786FF3041321E732
:1026C0002B78C3F38012DB0803F002031343ADF849
:1026D00012300223DBE69DF81C300F2BB5D81D44C9
:1026E000A878FFF7C9FB05460028AED0006900F0C6
:1026F00069F9EB6806A92046984700287FF41BAECD
:102700009DF8183013F060039FD19DF819200A2A14
:102710009BD1B9E69DF81C1011F078057FF449AE05
:1027200001F07F0A4FEAD119CAB99DF81930012B7F
:1027300030D0032B39D0002B7FF43BAE06EB4A039D
:102740004B4420330DF112029B78C3F34003ADF8E4
:10275000123006A94346204600F0F4F83D4606EB49
:102760004A064E44B07CFFF787FB064648B1006935
:1027700000F028F9F36806A920469847002818BFFA
:1027800005469DF8180010F060007FF428AE00F0B8
:1027900019F924E6BDF81A3013B92046FFF7A8FD51
:1027A00006A9204600F0B6F8D8E7BDF81A30002B8D
:1027B000F6D12046FFF782FDF2E79DF81810324B64
:1027C00001F07F0403EB440303EBD11393F82200E1
:1027D0006FF3000083F8220093F822006FF3820069
:1027E00083F822003CB9079B9DF819209DF814003E
:1027F00000F0FCF89FE5987CFFF73EFB38B9234BCF
:102800001B68DA0700D500BE09B0BDE8F08F446947
:10281000079B9DF819209DF81400A0478BE51C4BE1
:10282000002B3FF488AD184B1878C0F30010AFF3BD
:10283000008080E5174B002B3FF47DADAFF30080A7
:1028400079E5FFF719FB836913B19DF814009847E8
:102850000134114B1B78E0B204338342F1DA6AE5AC
:102860000024F6E7069B002B3FF465AD07989847D8
:1028700061E5064B1B68DB077FF55DAD00BE5AE5E1
:102880000000000000000000B8670020F0ED00E04C
:1028900000000000000000006C670020054B01F004
:1028A0007F0203EB420303EBD11191F82200C0F346
:1028B00040007047B867002037B514490446CA89FC
:1028C000888991F90050831A9BB2402B28BF40237E
:1028D000002D10DA904214D01A4689680C480193F2
:1028E00006F04EFD0A4A019B8021204603B0BDE858
:1028F000304000F0C5B990424FF0000103D10022F2
:10290000F3E78021FBE7024AEFE700BFB46800204D
:10291000C868002030B40A4C05460A460868496871
:10292000234603C392F9002000239A42C4E90233EC
:1029300028461A4630BCACBF8021194600F0A0B929
:10294000B4680020F8B5194E0C4605460868496879
:10295000B260374603C70021F181E1888B4228BF6E
:102960000B46B38179B143B13AB9114B1B68DA0711
:1029700001D40020F8BD00BEFBE72846FFF79CFF0E
:1029800068B10120F6E794F90030002B0A460B46A7
:102990002846ACBF8021002100F072F9F0E7044B1B
:1029A0001B68DB07E5D500BEE4E700BFB468002084
:1029B000F0ED00E002481422002106F009BD00BF3E
:1029C000B4680020014B1861704700BFB468002054
:1029D00010B50246044C00685168234603C3002327
:1029E000C4E9023310BD00BFB468002070B51E46B4
:1029F0002B4B1A78C909B1EBD21F05461C4610D0E3
:102A00003EB1284B1B68DA0701D4002070BD00BE20
:102A1000FBE7254A0AB90120F8E71946AFF3008021
:102A2000F9E793F90030002B06DBA0680028ECD012
:102A30001E49324606F0A4FCA268E38932443344BE
:102A4000A260E2889BB29A42E38101D03F2E23D854
:102A500023699BB994F90030002B4FF000031A460C
:102A6000ACBF80211946284600F00AF90028D2D1CF
:102A70000C4B1B68DB07C8D500BEC7E708492846D2
:102A8000984701460028E5D1284600F04BF98021FF
:102A9000284600F047F9BEE72846FFF70DFFE5E7B7
:102AA000B4680020F0ED00E000000000C8680020DD
:102AB000064B1868043B1B68082B04D103288CBF05
:102AC0000020012070470020704700BF3401001033
:102AD000144B93F8C02001468AB1134A5268C2F3DE
:102AE00008021AB111480122FFF736BBEFF310823A
:102AF0001AB90F4A526812060ED493F8C02093F800
:102B0000C0200132D2B283F8C02001230B60BFF392
:102B10006F8FBFF34F8F704793F8C020002AFBD10F
:102B2000EDE700BF0869002000ED00E0D12A0400B5
:102B300000E100E0F8B5104D104E00F59473182434
:102B400055F823304443142202FB0052DDB20C4BF3
:102B50003159C2F8001703EB8000C2F80457FFF7A1
:102B6000B7FF335937192B443351FB8815FA83F3D8
:102B70009BB2FB80F8BD00BF0070024008690020D6
:102B800028700240104B182101FB003110B44A8A12
:102B90000B8ACC689B1A0A7D9BB2934228BF1346CE
:102BA0001422424302F1804202F51C32C2F8004670
:102BB000C2F804362344CB60044B5DF8044B03EBAE
:102BC0008000FFF785BF00BF086900200470024045
:102BD0004FF08043D3F80C24D3F80C0410F4803069
:102BE00018BF02F00100704770470000014B8022BF
:102BF0005A60704700E100E0074BD3F80014D3F8A7
:102C000000240A43C3F800240022C3F858214FF4DB
:102C10008002C3F8042370470070024010B5887822
:102C2000097900F07F0318240C22C0095C4302FBE1
:102C30000044114A224411720122104902FA03F49D
:102C400078B90C3302FA03F3C1F80433D1F8143520
:102C50002343C1F81435BFF36F8FBFF34F8F0120AB
:102C600010BD023302FA03F3C1F80433D1F8103572
:102C70002343C1F81035EEE70869002000700240D8
:102C8000F7B501F07F001826234C06FB00F70D4630
:102C90000C26C90906FB0176A719A2510022BB80A8
:102CA000FA802646E8B9E3B91C4BD3F88024C2F376
:102CB000C012914215D01A48FFF70AFF94F8C030AD
:102CC0002BB194F8C030013BDBB284F8C030002354
:102CD00000931A4629461846FFF7F4F9012003B07D
:102CE000F0BDA9B9182303FB00635B7A13B1FFF7AA
:102CF00021FFF3E7094B30B90122DA64BFF36F8F8C
:102D0000BFF34F8FEAE700F5947043F82010F5E722
:102D1000FFF738FFE2E700BF0869002000700240BB
:102D20005070024011F07F0F064B0BBF012241F49F
:102D300080715A65C3F81815BFF36F8FBFF34F8FBB
:102D4000704700BF007002404B060AD0054BC3F825
:102D5000181541F48071C3F80C15BFF36F8FBFF3E2
:102D60004F8F70470070024008B500221146930053
:102D700003F1804303F51C330132082A596099623C
:102D8000F5D1064B59629964054BC42200211846BF
:102D900006F01EFB40220275027208BD0070024060
:102DA000086900202DE9F04F9D4B9E4AD3F800039F
:102DB000002385B01C4601251E4605FA03F1084292
:102DC00009D052F8237037B10C4342F82360BFF3A7
:102DD0006F8FBFF34F8F0133192BEED1E10706D56B
:102DE000FFF7C2FF012211460020FFF747F9A202B8
:102DF00004D5012203210020FFF740F9630217D513
:102E0000874ED6F8005405F44073EF05C6F8003439
:102E100007D5012204210020FFF730F90123C6F86D
:102E20002C35AE0504D5012205210020FFF726F937
:102E30007D4B7E4E23404BB196F8C030002B40F0C6
:102E4000C7807B4B1B68DD0700D500BE20022BD559
:102E5000734BD3F88014C9B28DF80810D3F88424CA
:102E6000D2B28DF80920D3F888048DF80A00D3F87F
:102E70008C048DF80B00D3F890048DF80C00D3F877
:102E800094048DF80D00D3F898048DF80E00D3F853
:102E90009C348DF80F30490601D1052A04D0012257
:102EA00002A90020FFF7FAF8604FDFF874A1B846D6
:102EB00000254FF001094FF0140B05F10C0309FA3E
:102EC00003F32342E9B21BD00BFB05A30020D3F888
:102ED0000827182303FB0563D2B2587298F808C07C
:102EE00094457ED1DB88B8F804209BB29A4278D909
:102EF000002D71D1CAF84C90BFF36F8FBFF34F8F85
:102F00000135082D08F11808D7D14A4B2340002B72
:102F10005BD0434BD3F86C84C3F86C84BFF36F8FE2
:102F2000BFF34F8F14F4806407D0D3F88044D3F8F4
:102F300080341B06C4F3C01462D54FF0000ADFF8DA
:102F4000EC9000254FF0010B0BFA05F313EA080F84
:102F5000E8B201D1B5B9ACB1314B142202FB053353
:102F6000D3F80416182303FB05635A8A11FA82F278
:102F700092B25A825A8AB9F8101092B2914242D94A
:102F8000FFF700FE0135082D09F11809DCD10024F6
:102F900001254FF0180904F1100305FA03F313EAB1
:102FA000080FE0B203D15CB9BAF1000F08D009FBF9
:102FB0000462B988D3889BB299422FD9FFF7BAFD32
:102FC0000134082C07F11807E5D105B0BDE8F08FF2
:102FD000002386F8C03039E705F594734AF82300DA
:102FE0008AE7182303FB0563DA88A8F80420DA8847
:102FF000CDF80090002392B21846FFF763F87FE700
:103000004FF0010A9BE75A8ACDF800B0002340F048
:10301000800192B21846FFF755F8B3E75572CFE733
:103020000070024000710240FCFB1F000869002094
:10303000F0ED00E000040001012810B500F0A580CB
:10304000022842D0002840F09980644BD3F8002534
:10305000002A40F093804FF40062C3F80024BFF3CD
:103060006F8FBFF34F8F5E4B1B68082B10D15D4BEA
:103070001B68032B0CD85C4AD35C4BB15B4B5C4A9E
:1030800018680321E8B949F27530186011601860BA
:10309000FFF70EFD48B1554B564A1868C02190B94C
:1030A00049F275301860116018604C4B0122C3F86A
:1030B0000025BFF36F8FBFF34F8FBDE8104003F0C3
:1030C000C3BC1160E4E71160EFE74449D1F804356F
:1030D0001BB1FFF77DFD002850D1D1F800341B054E
:1030E000FBD54FF40063C1F80034BFF36F8FBFF31B
:1030F0004F8FFFF7DDFC48B13C4B3E4A1868002873
:103100003DD149F27531196010601960344B1B686C
:10311000082B0FD1334B1B68032B0BD8324AD35CDF
:1031200043B1324B324A186860BB49F275311960BD
:1031300010601960FFF7BCFC48B12F4B40F2E372FE
:103140001A6040225A60BFF36F8FBFF34F8F234B3B
:103150002A498022C3F81C25C3F804132849C1F862
:1031600084214A601946FFF733FD0028FBD0012374
:10317000C1F80435BFF36F8FBFF34F8F10BD00232D
:103180001360C3E700231360D4E7144BD3F8002582
:10319000002AF3D00024C3F80445BFF36F8FBFF3B8
:1031A0004F8F174A8021C2F88410D3F80023C3F848
:1031B0000823C3F80045BFF36F8FBFF34F8F03F0B1
:1031C0007FFC104B5A68C2F30802121B204618BF3E
:1031D0000122BDE810400221FEF750BF00700240FE
:1031E000300100103401001084E0040000EC0640BF
:1031F00014ED064014EC06400078024005148001EE
:1032000000E100E000ED00E038B5084D2C783CB955
:10321000FEF7ACFE30B9064B1B68DB0700D500BEDD
:10322000204638BD01232B70FAE700BFCC6900208F
:10323000F0ED00E0014B1878704700BFCC6900202A
:1032400007B51C491C4B4B611C48103103F0F8FDBD
:1032500042F29A3148F22902184803F04BFE17480F
:1032600003F04BFE164B402283F827234FF0804398
:103270006846D3F838449DF8003023F003038DF8F6
:10328000003003F06FF90F4B019301A803F0A6F98A
:1032900003F090F9E20702D50020FFF7CDFEA30767
:1032A00002D50220FFF7C8FEFFF7AEFFFFF73AF89E
:1032B000FCE700BF0864002088E00400F0750020EF
:1032C00000E100E0393004000020FFF76BBD000092
:1032D00007B500230422CDE9002304490448C8228D
:1032E00001F014F803B05DF804FB00BF97E00400A0
:1032F0004132040008B5052000F0BAF9BDE80840E5
:1033000003F09ABB10B54FF0805386B05A6E1B6E17
:103310000C4601A8074903F001F8A21E01AB1E34B8
:1033200013F8011B22F8021FA242F9D1102006B0A7
:1033300010BD00BF9CE00400F8B52C4F0E46396864
:103340000546144699B92022294806F041F8294B30
:103350004FF0FF321A605A60274B4022C3F880209A
:10336000C3F8802183F806231A6001233B60212DD6
:1033700035D8A31E022B32D8204B1E4A53F82530D5
:103380000020154612F9011B4F1C29D1810001F1C3
:10339000804101F5C041164A2B5442F82060D1F813
:1033A000102522F4473222F44072C1F810251B0286
:1033B000D1F8105503F4F853C4F1050443EA04436B
:1033C0002B43C1F81035D1F8103543F00103C1F893
:1033D0001035012303FA00F0094BC3F80403F8BDCC
:1033E0009942D3D001300828CCD1F8E7F869002001
:1033F000D0690020F069002000E100E0C09A0400DC
:10340000006000402DE9F341114E124FDFF8488073
:103410000024A50005F1804505F5C2452B68012B68
:1034200010D1D6F80423A34013420BD0E357013345
:1034300003D058F8243003B1984700232B602B6841
:103440000193019B0134082CE3D102B0BDE8F08167
:1034500000600040F0690020D0690020F8B51546F2
:1034600016460024224A27468F420EDB4CB17A1AB8
:10347000002A06DDC2F104002044B3B33D2105F06B
:10348000A7FF00233370701BF8BD07F1010C04780F
:103490008C45B8BF90F801C04FEA0424B8BF64441B
:1034A00007F1020C8C45B8BF90F802C04FEA042423
:1034B000B8BF64444FEAA44C033712F80CC086F836
:1034C00000C0C4F3053C033012F80CC086F801C0FC
:1034D000C4F3851C04F03F0412F80CC0145DF470B2
:1034E00086F802C034460436BEE70646C9E700BF88
:1034F000A7E004002DE9F04F85B04368019383688D
:10350000C768002BD8BF6FF000430025002F04468A
:103510000093D8BF6FF00047A846009BB3EB080BA1
:103520001ED0236803EB080A13F80830C3B166699C
:103530005246C6F1040900234B450CDB06F110008E
:10354000CB4520441DDA5A46514605F019FF626901
:103550005A44626104E012F8011B29B94FF0FF35AB
:10356000284605B0BDE8F08F3D2908D02B48CDE9AD
:10357000023206F047F9DDE902320028EED00133CD
:10358000DAE74A46514605F0FBFEB9F1030FE5DDE7
:10359000002204F10F0604F1130B134616F801AFD5
:1035A000BAF13D0F4FEA831323D101325E45F5D1C5
:1035B000022AD3DC43EA02635A1CCFD00022BD4268
:1035C000C84462614FEA1361CADA01981A0C0129F2
:1035D000425505F101020AD8BA421DDA019E180AC5
:1035E000B054AA1C19B9BA4216DAB354EA1C1546EB
:1035F00093E7002AB2D109488646014610F801CB6C
:10360000BCF1000F02D14FF0FF3103E0E245F4D1ED
:10361000A1EB0E010B44C9E71546A1E7A7E00400A2
:1036200030B587B005460C461022002102A805F0EF
:10363000CFFE6846CDE90054FFF75CFF07B030BD10
:1036400008B50020FEF746F9044B4FF080525A604F
:1036500040BFBFF34F8FBFF36F8F08BD00ED00E099
:1036600008B500F01FFF4FF47A735843800A08BD75
:1036700038B580024FF47A74B0FBF4F400F012FF16
:1036800005460020FEF726F900F00CFF431B9C4284
:1036900005D92C44201ABDE8384000F0FDBF38BDE4
:1036A00072B6FEE74FF0807340E90213054B40F815
:1036B0000C3C6FF0020340F8202C40F8243C4438C6
:1036C000704700BFA13604000E4C08B5E02384F813
:1036D000223000F077F80C4B00221A60D4F88830C2
:1036E0000A4A43F47003C4F88830536843F04043F7
:1036F0005360236943F01003236104F0C1FC72B6E8
:10370000FEE700BF00ED00E0FC69002030EF00E0C4
:1037100072B6024A1368013313607047FC690020D7
:10372000034A1368013B136003B962B6704700BFD8
:10373000FC690020014B1868704700BFFC6900203D
:10374000EFF3108072B6704780F310887047000066
:1037500073B5194B00261E601B680193019BFFF790
:10376000EFFF164BD3F80445C3F8006103F58073EF
:1037700005461B680093009B00F094FE231A23F07B
:103780007F4424F0010323B101F0EAF8022818BFB6
:1037900001240026013C0BD226B1094B4FF0805288
:1037A0005A6040BF284602B0BDE87040FFF7CCBF6A
:1037B00000F08CFE0643EDE740110140001001408F
:1037C00000ED00E00A4B0B491F22C3F80825012237
:1037D000C3F804230A601A600222C3F84423064B8C
:1037E000E02283F811234FF400321A60704700BFC3
:1037F000001001400810014000E100E07FB50546DF
:1038000072B62C4CD4F8046501F082F823460028E7
:103810004DD0294CAC4228BF2C46321922F07F42B1
:103820000121C3F80813C3F84025244A0021116080
:103830001168019101994FF48031C3F80413BFF36B
:103840004F8F114695B1F1EE102A22F09F02E1EE62
:10385000102AF1EE102A1A4A4020C2F8840120BF33
:10386000D2F80051D2F804012843F8D000204FF4D8
:103870008032C3F8082308600A680392039A114A49
:10388000106012680292029A0122C3F80423D3F84E
:1038900004359B1B23F07F40A042094B4FF40032BC
:1038A00028BF2046C3F8802108B100F007FE62B6A9
:1038B00004B070BD00100140FDFFFF004011014049
:1038C00000E100E00011014010B50446FFF720FFC1
:1038D000A46BFFF725FFB4FA84F0400910BDF8B5DA
:1038E0001546026C866B044652B9076847BB806870
:1038F00001F094F8A76005460136A6632846F8BD96
:1039000065B9406805F03CFD6368226C1344A26809
:1039100063609342F0D323686360EDE7C06805F00D
:103920002FFD226CE36851429B1A2268E3609342A8
:103930003EBFA3685B18E360022D01D116B1013EC2
:103940000025D9E73546D7E7034610B41A6C084678
:103950006AB1DC68996814448C4228BF1968DC603D
:1039600028BFD960D9685DF8044B05F009BD5DF842
:10397000044B704770B50446FFF7CAFE94F84550F3
:1039800004F124066DB2002D14DCFF2384F84530C9
:10399000FFF7C6FEFFF7BCFE94F8445004F1100692
:1039A0006DB2002D12DCFF2384F84430BDE8704076
:1039B000FFF7B6BE636A002BE7D0304600F030FF59
:1039C00008B100F09FFF013D6DB2DCE72369002BD9
:1039D000E9D0304600F024FF08B100F093FF013D2C
:1039E0006DB2DEE738B504460D46FFF791FED4E927
:1039F0000F31226862604B43D0185B1A1344A060F9
:103A0000E3600020FF23A06384F8443084F845304D
:103A10009DB923696BB104F1100000F001FF40B1C2
:103A20000A4B4FF080525A6040BFBFF34F8FBFF335
:103A30006F8FFFF775FE012038BD04F1100004F010
:103A4000DEFA04F1240004F0DAFAF2E700ED00E017
:103A500010B51C4663B10123002908BF2246C4E902
:103A60000F0184F84630226019462046FFF7BAFF5E
:103A7000204610BD70B50646484348300D4604F058
:103A8000E5F9044660B1002380F8463055B100F1F5
:103A90004803C4E90F65236001212046FFF7A2FF18
:103AA000204670BD0346F4E710B502220C46002103
:103AB000FFF7E0FF00B1846310BD00002DE9FF4770
:103AC0004FF00008DFF8F8A0019204460F461E46AA
:103AD000C146FFF71DFEA26BE36B9A4201D3022E93
:103AE0001AD1324639462046FFF7F9FE636A1BB108
:103AF00004F1240000F094FE40B1314B4FF08052AD
:103B00005A6040BFBFF34F8FBFF36F8FFFF708FEC0
:103B1000012004B0BDE8F087019D1DB9FFF700FE4C
:103B20000020F6E7B8F1000F02D102A800F0B6FEBF
:103B3000FFF7F6FD00F0AEFCFFF7EAFD94F8443025
:103B4000FF2B08BF84F8449094F84530FF2B08BF42
:103B500084F84590FFF7E4FD01A902A800F0AAFE51
:103B600038BBFFF7D5FDA26BE36B9A420FD1FFF78D
:103B7000D7FD019904F1100000F02EFE2046FFF75A
:103B8000F9FE00F01BFD50B14FF00108A1E7FFF76F
:103B9000C7FD2046FFF7EEFE00F010FDF4E74FF002
:103BA0008053CAF8043040BFBFF34F8FBFF36F8F0D
:103BB000EAE72046FFF7DEFE00F000FDB0E700BFB9
:103BC00000ED00E038B50C4691B10025012184F8E4
:103BD0004610E163246025642046FFF703FFA560DB
:103BE0002560E5602B462A4629462046FFF766FFFA
:103BF000204638BD38B58568044600F0ABFE8542E6
:103C00000AD1E368013BE36023B91A46194620460E
:103C1000FFF754FF012000E0002038BD10B5024638
:103C200000210120FFF726FF044638B100238360FE
:103C30000360C3601A461946FFF740FF204610BDD7
:103C40002DE9F3410446019117469846FFF778FDA8
:103C5000A26BE36B01999A42064602D3B8F1020FB8
:103C600023D194F84550A36B6DB242462046FFF72E
:103C700036FE6B1C14D1636A0BB9012409E004F110
:103C8000240000F0CDFD0028F7D0002FF5D001244E
:103C90003C603046FFF758FD204602B0BDE8F08199
:103CA00001356DB284F84550E7E70024F1E770B5BF
:103CB00004460D46FFF744FDA26BE36B93420646B4
:103CC0001ED994F845100132FF294BB2A26312D1DC
:103CD000636A0BB9012409E004F1240000F0A0FD9F
:103CE0000028F7D0002DF5D001242C603046FFF7D6
:103CF0002BFD204670BD01335BB284F84530E9E707
:103D00000024F3E72DE9F04385B00027DFF8E490C5
:103D1000019204460E46B846FFF7FAFCA56BDDB1EA
:103D200031462046013DFFF70FFEA56323696BB1C5
:103D300004F1100000F074FD40B12E4B4FF08052A2
:103D40005A6040BFBFF34F8FBFF36F8FFFF7E8FCA0
:103D5000012005B0BDE8F083019D1DB9FFF7E0FC2F
:103D60000020F6E717B902A800F098FDFFF7D8FC8D
:103D700000F090FBFFF7CCFC94F84430FF2B08BF19
:103D800084F8448094F84530FF2B08BF84F84580C0
:103D9000FFF7C6FC01A902A800F08CFDF8B9204687
:103DA000FFF792FDA8B1019904F1240000F014FD81
:103DB0002046FFF7DFFD00F001FC40B94FF08053D3
:103DC000C9F8043040BFBFF34F8FBFF36F8F012797
:103DD000A2E72046FFF7CEFD00F0F0FBF7E7204614
:103DE000FFF7C8FD00F0EAFB2046FFF76DFD002855
:103DF000EDD0B5E700ED00E02DE9F04385B00025FA
:103E0000DFF81C91019104462F462E46FFF780FCF7
:103E1000A36BEBB1013BA363236813B900F074FEFD
:103E2000A06023696BB104F1100000F0F9FC40B10F
:103E30003B4B4FF080525A6040BFBFF34F8FBFF3F0
:103E40006F8FFFF76DFC0125284605B0BDE8F083B4
:103E5000DDF80480B8F1000F03D1FFF761FC002505
:103E6000F2E717B902A800F019FDFFF759FC00F0BE
:103E700011FBFFF74DFC94F84430FF2B08BF84F88A
:103E8000446094F84530FF2B08BF84F84560FFF785
:103E900047FC01A902A800F00DFD48BB2046FFF732
:103EA00013FDF8B123683BB9FFF732FCA06800F0BE
:103EB00067FD0546FFF734FC019904F1240000F08A
:103EC0008BFC2046FFF756FD00F078FB40B94FF021
:103ED0008053C9F8043040BFBFF34F8FBFF36F8FDB
:103EE000012793E72046FFF745FD00F067FBF7E762
:103EF0002046FFF73FFD00F061FB2046FFF7E4FCA2
:103F00000028EDD0002D9FD0FFF702FC616A19B1A7
:103F1000236B1968C1F10501A06800F0B5FD9CE7AD
:103F200000ED00E037B585680191044600F012FD10
:103F30008542019905D1E3680133E360012003B0B4
:103F400030BD2046FFF758FF0028F8D0E368013362
:103F5000E360F4E72DE9F341054601919046FFF750
:103F6000EFFBAC6B01990746CCB195F8446028464D
:103F700076B2FFF7E9FC013C731CAC6316D12B69E8
:103F80000BB901240BE005F1100000F049FC0028FA
:103F9000F7D0B8F1000FF4D00124C8F8004038463B
:103FA000FFF7D2FB204602B0BDE8F081013676B2C1
:103FB00085F84460E5E713B50446FFF7A9FBA06B5D
:103FC0000190FFF7ADFB019802B010BD806B704708
:103FD00070B504460D461646FFF79AFB94F8443038
:103FE000FF2B04BF002384F8443094F84530FF2BA6
:103FF00004BF002384F84530FFF792FBA36B2BB975
:104000003246294604F1240000F0F6FB2046BDE8C4
:104010007040FFF7AFBC00002DE9F0410446FFF708
:1040200077FB314B314D1A68314E01321A602A68E4
:10403000002A4FD12C601B68012B25D12D48DFF8B9
:10404000EC802D4F03F0DBFF2C4803F0D8FF2C4809
:1040500003F0D5FF2B4803F0D2FF2B4803F0CFFF2E
:10406000404603F0CCFF384603F0C9FF274803F071
:10407000C6FF274803F0C3FF264803F0C0FF264BC6
:10408000C3F80080254B1F60254A2649136808683D
:1040900001331360E26A0123934003430B60154B25
:1040A000142000FB0230211D03F0B7FFFFF738FB9F
:1040B00033686BB12B68DA6AE36A9A4208D21A4B0A
:1040C0004FF080525A6040BFBFF34F8FBFF36F8FE6
:1040D000BDE8F0813368002BD6D12B68DA6AE36A39
:1040E0009A4298BF2C60CFE7706A0020006A0020D7
:1040F000D06A00200C6A0020986A0020206A002004
:10410000346A0020486A00205C6A0020BC6A0020F3
:10411000E86A0020D46A0020046A0020086A0020AF
:104120007C6A0020806A002000ED00E0846A0020A4
:10413000094B0A4A1B681268D06A58B9084A1268C3
:10414000012A08D8012B06D8064B1868064B1B68B5
:10415000C01A704700207047806A0020006A002063
:104160000C6A0020B06A0020FC6A0020064A13682E
:104170001968064B19B94FF0FF321A607047126880
:10418000D2681268F9E700BF046A0020B06A002014
:104190002DE9F047DDE909844FEA82094A460646DF
:1041A0000D46206BA5211F4605F012F9226BA9F1DF
:1041B0000409914429F00709ADB36B1E04F13402E0
:1041C000033513F8011F02F8011B197809B1AB423E
:1041D000F7D1002384F83730089D042D28BF04252B
:1041E0004FF0000AE562A563201DC4F83CA003F06F
:1041F00011FFC5F1050504F1180003F00BFF246160
:10420000A5616462C4F840A084F844A03A463146EF
:104210004846FFF747FA2060B8F1000F01D0C8F810
:104220000040BDE8F08784F83450D5E710B590F829
:10423000453004463BB9006B03F08CFE2046BDE8D8
:10424000104003F087BE012BF9D010BDF8B51B4B11
:104250001B4F1D680446386804300E4603F000FF0B
:104260003B4640B939681748CF6A02680121B94016
:1042700022EA01020260621C07D136B119681248B5
:10428000BDE8F840043103F0C8BE1A682C19546028
:1042900007D30E4A10681968BDE8F840043103F0EE
:1042A000C8BE0B4A10681968043103F0C2FE094BFE
:1042B0001A68A24288BF1C60F8BD00BFFC6A0020DB
:1042C000006A0020806A0020D46A0020086A00206A
:1042D000046A0020B06A002030B587B0DDE90B54D5
:1042E0007CB18DB12563022584F8455005AD01955B
:1042F0000A9D02940095FFF74BFF2046FFF78CFEC6
:10430000059C204607B030BD2C46FAE72DE9F04366
:10431000074685B0900088461646994603F096FDFC
:104320000546E8B1482003F091FD0446A8B10023FA
:1043300080F845300D9B056301930C9B0290009320
:1043400032464B4641463846FFF722FF2046FFF7EC
:1043500063FE012005B0BDE8F083284603F0FAFDB6
:104360004FF0FF30F6E70000F8B50446234DFFF7A5
:10437000CFF904B92C68261D304603F071FE60B9F0
:10438000E76A1F4B142078431B5833B91D4901229B
:104390000B68BA4023EA02030B60A36A1BB104F165
:1043A000180003F05DFE184A1368013313602B6890
:1043B000A34219D11548314603F02FFE144A136861
:1043C00001331360FFF7ACF9124B1B685BB12B682C
:1043D000A34208D1104B4FF080525A6040BFBFF348
:1043E0004F8FBFF36F8FF8BD0C4A13682046013B17
:1043F0001360FFF71BFFFFF7B9FEE3E7006A002039
:104400000C6A0020806A00207C6A0020E86A002094
:10441000746A0020D06A002000ED00E0706A00207D
:1044200010B588B0002407AA06A905A8CDE905445F
:1044300003F074FE059B0293069B079A0E490F48F2
:10444000CDE900432346FFF747FF0D4B186070B1DD
:1044500000F074FC01280AD172B60A4B4FF0FF320B
:104460001A60094B1860094B1C60FFF72DF9084BC7
:104470001B6808B010BD00BFE8E00400C946040096
:10448000AC6A0020B06A0020D06A0020FC6A0020DC
:1044900010360020024A136801331360704700BFD2
:1044A000786A0020014B1868704700BFFC6A002042
:1044B000014B1868704700BFFC6A0020024A13686D
:1044C00018441060704700BFFC6A00202DE9F84FC7
:1044D0002F4B1B68002B54D12E4B1E6801361E60DB
:1044E0005EB92D4A2D4B1168186810602C4A19606E
:1044F000136801331360FFF739FE2A4F3B689E4271
:104500004FF0000407D2284B1B68002B18BF012472
:104510002046BDE8F88FDFF88090DFF89880DFF85C
:1045200098A0D9F800301B681BB94FF0FF333B60EF
:10453000E9E7D9F80030DB68DD686B689E42F6D3A6
:1045400005F1040B584603F08BFDAB6A1BB105F176
:10455000180003F085FDEA6AD8F8001001239340A3
:1045600014200B4300FB02A05946C8F8003003F0AA
:1045700054FD0E4BEA6A1B68DB6A9A4228BF01248D
:10458000CFE70B4A1368013313600024C0E700BF74
:10459000786A0020FC6A0020046A0020086A002073
:1045A000B46A0020B06A0020006B0020006A00207E
:1045B000B86A0020806A00200C6A00202DE9F341CF
:1045C000FFF7A6F82B4B1A68013A1A601C6834B141
:1045D0000024FFF7A5F8204602B0BDE8F081264B85
:1045E0001B68002BF4D0254D254EDFF8A8801FE076
:1045F000EB68DC6804F1180003F032FD211D084669
:10460000019103F02DFDE26A30680199012707FA54
:1046100002F30343142000FB0280336003F0FDFC2F
:10462000184BE26A1B68DB6A9A4201D3164B1F6083
:104630002B68002BDCD10CB1FFF798FD134D2C68D3
:1046400044B1114E0127FFF741FF00B13760013C33
:10465000F9D12C600C4B1B68002BB9D00C4B4FF0E0
:1046600080525A6040BFBFF34F8FBFF36F8F01245A
:10467000AFE700BF786A0020706A0020BC6A0020A3
:10468000806A0020006A0020006B0020B86A0020C9
:1046900000ED00E00C6A002008B548B9094B4FF066
:1046A00080525A6040BFBFF34F8FBFF36F8F08BD7A
:1046B000FFF7F0FE0021FFF7C9FDFFF77FFF00289D
:1046C000ECD0F4E700ED00E0F8B51B4C1B4F1C4D9F
:1046D0002368EBB91B4B1B68012B08D91A4B4FF011
:1046E00080525A6040BFBFF34F8FBFF36F8F02F00D
:1046F000DFF8FFF71DFD0128E9D9FFF7CBFEFFF733
:1047000017FD012801D9FFF779F8FFF757FFDEE71A
:10471000FEF7FEFFFB68DE68301D03F0A1FC2B688E
:10472000013B2B602368013B2360FEF7F9FF304615
:10473000FFF77CFDCCE700BF746A0020E86A002028
:10474000706A00200C6A002000ED00E01D4B1A6822
:104750001D4B70B512B101221A6070BD1B4C1A605E
:1047600023681B6B1A68B2F1A53F0BD15A68B2F1EE
:10477000A53F07D19A68B2F1A53F03D1DB68B3F139
:10478000A53F04D020682168343102F079F8104B3D
:1047900010491B68B3FA83F3C3F11F03142000FB15
:1047A00003F28D1808326E6876686E600A4496428D
:1047B00004BF72686A6000FB03135B68DB682360F8
:1047C000CBE700BF786A0020006B0020006A002061
:1047D000806A00200C6A002010B5064B0C46196850
:1047E000183103F026FC20460121BDE81040FFF7F8
:1047F0002DBD00BF006A002038B5084B0D46196872
:104800001446183103F009FC002C21460CBF284641
:104810004FF0FF30BDE83840FFF718BD006A0020B8
:10482000C36837B5DC6804F118010846019103F04C
:1048300017FC144B01991B6803BB211D084601910D
:1048400003F00EFC1048E26A0568019901239340C9
:104850002B4303600D4B142000FB023003F0DDFB03
:10486000FFF784FC0A4BE26A1B68DB6A9A4285BF49
:10487000084B01200020186003B030BD064803F04B
:10488000CCFBEFE7786A0020806A00200C6A0020E9
:10489000006A0020006B0020BC6A0020034B1B68EC
:1048A0000360034B1B684360704700BFB46A00207D
:1048B000FC6A002070B50D460446FEF729FF0F4B39
:1048C00019682B685A1C17D00D4826680068626862
:1048D000864208D08A4206D800232B600124FEF7C6
:1048E0001FFF204670BD881A8342F5D95B1A134416
:1048F0002B602046FFF7D2FF0024F0E7FC6A00207F
:10490000B46A0020014B01221A607047006B00203E
:104910000B4B1B687BB90B4A106870B90A4B1B68BC
:1049200063B90A4B18680A4B1B68013B984214BFD5
:10493000012002207047002070471846704700BFD2
:10494000BC6A0020006B0020B86A0020D46A0020F6
:10495000706A0020014B1868704700BF006A002091
:10496000054B1B6833B1054B1B68002B0CBF0220A5
:104970000020704701207047D06A0020786A00202C
:10498000F7B50446002832D0214AC36A1168C96AC3
:104990008B42164633D282691E4D002AA1BF32686F
:1049A000D26AC2F105028261142202FB03534269FA
:1049B0009A421ED1011D0846019103F051FB164B8E
:1049C000019930B9E76A1A680120B84022EA00026A
:1049D0001A6032681E68D26AE262012404FA02F0A8
:1049E00030431860142000FB025003F016FB2046F1
:1049F00003E03368DB6AC362012003B0F0BD1368D3
:104A0000806BDC6AA0422CBF00200120F5E700BFCC
:104A1000006A00200C6A0020806A002037B5044636
:104A200010B9002003B030BDC36BC16A826B013B7B
:104A30009142C363F5D0002BF3D1011D08460191CB
:104A400003F00EFB0E4A019930B9E56A13680120A4
:104A5000A84023EA00031360A36B1568E362C3F167
:104A60000500A061012404FA03F028431060054A00
:104A7000142000FB032003F0D0FA2046D2E700BF49
:104A8000806A00200C6A002037B50446002834D024
:104A9000836B994238BF1946C36A8B422DD0C26BD3
:104AA000012A2AD18269164DC162002A4FF01402F0
:104AB00002FB03534269A4BFC1F1050181619A421F
:104AC0001BD1011D0846019103F0CAFAE46A0D4AA0
:104AD000019928B913680120A04023EA000313605C
:104AE00010680123A3400343142000FB045013600B
:104AF00003B0BDE8304003F090BA03B030BD00BF52
:104B00000C6A0020806A0020044B1A681AB11968E8
:104B1000CA6B0132CA631868704700BF006A002080
:104B20002DE9F843274DDDF8208004461E468946CE
:104B30001746FEF7EDFD2B68234493F84430022B13
:104B40001AD02B6803EB840301211A6C22EA0902B4
:104B50001A642B68234483F84410B8F1000F0BD07B
:104B60004046FFF773FB184B4FF080525A6040BF2E
:104B7000BFF34F8FBFF36F8FFEF7D2FDFEF7C8FD77
:104B80002EB12B6804F1100253F8223033602B68E9
:104B9000234493F84430022B01BF2B6803EB8403BA
:104BA00001261A6C04BFBA431A642B681C444FF0E8
:104BB000000318BF002684F84430FEF7B1FD3046EC
:104BC000BDE8F883006A002000ED00E02DE9F34124
:104BD000089E05460C4690461F46FEF799FD26B1F5
:104BE00004F1100355F8233033602B19022293F897
:104BF000446083F844207B1EF6B2032B09D8DFE81B
:104C000003F00211161A05EB8404236C43EA08032F
:104C10002364012E16D00126FEF782FD304602B035
:104C2000BDE8F08105EB8404236C0133F0E7103418
:104C300045F82480EDE7022E29D004F1100145F853
:104C40002180E6E7291D0846019103F009FA114881
:104C5000EA6A0468019906FA02F3234303600E4BE3
:104C6000142000FB023003F0D8F9FFF77FFA0B4B5A
:104C7000EA6A1B68DB6A9A42CDD9094B4FF0805231
:104C80005A6040BFBFF34F8FBFF36F8FC4E700265A
:104C9000C2E700BF806A00200C6A0020006A002082
:104CA00000ED00E0F7B50F4CFEF732FD25689DB929
:104CB0000D4F0E4E384603F0A2F9304603F09FF92F
:104CC0000B4B0C4A1F600C4B10211E6020200B4B1D
:104CD0000095FEF7BDFE206003B0BDE8F040FEF792
:104CE0001FBD00BF806D00200C6D0020206D0020D6
:104CF000046B00200C6B0020086B0020386D002036
:104D0000914208B5416000610AD8D21A83699A427B
:104D10000DD2084B011D186803F08BF9002008BD67
:104D20009A4201D2994202D2034B011DF3E70120BE
:104D3000F5E700BF086B0020046B002010B588B0B9
:104D4000FFF7B0FF0E4B18680024B8B107AA06A9F8
:104D500005A8CDE9054403F0EDF9059B0293069BF8
:104D6000019304230093079A064907482346FFF757
:104D7000B3FA064B1860001B18BF012008B010BD25
:104D8000806D0020EDE00400854E0400846D00205D
:104D90002DE9F041804628200F4615461E4603F0B7
:104DA00055F80446A0B1002380F82430FFF77AFFBD
:104DB000069BC4F80080C4E906762362201D03F038
:104DC00029F92DB194F8243043F0040384F82430F9
:104DD0002046BDE8F08100007FB50F4C05462068F5
:104DE00016461A4680B10529CDE9001602950DDC5C
:104DF000FFF7B6FD0023022808BF089A206818BFF5
:104E00001A466946FEF75AFE04B070BD0023694693
:104E1000FEF716FFF8E700BF806D0020F0B5174DD4
:104E200085B000272B681A682AB9154A11682960CD
:104E3000136005B0F0BDDB68DC681E68211D084604
:104E4000039103F00DF9236A2046984794F8243023
:104E5000039913F0040FE5D0A36933449E4205D2B1
:104E600028686360246103F0E4F8DBE7002300971F
:104E7000324619462046FFF7AFFFD3E7046B002008
:104E8000086B00202DE9F04F674E87B0B1463368BC
:104E9000D3F800B0BBF1000F2AD0DB68D3F800B024
:104EA0000024624D624FFFF7F5FAFFF7FBFA2B681B
:104EB00098428246A8461DD32860002C44D05D4B02
:104EC0001B681C68B4FA84F4640938682246ABEBAA
:104ED0000A01FFF77DF8FFF771FB88B9564B4FF0D9
:104EE00080525A6040BFBFF34F8FBFF36F8F07E010
:104EF0000124D6E7FFF792FFC5F800A0FFF75EFB9D
:104F00003868002202A9FEF7FDFE0028BFD0029BF0
:104F10000498002B3FDB049C6369002B42D1FFF710
:104F2000C1FAD8F800309842054601D2FFF776FF63
:104F3000029BC8F80050092BE2D8DFE803F03737AE
:104F400037575E6D3737575E8345BED8FFF736FB60
:104F5000D9F80030DB68DD68281D03F081F895F88A
:104F60002430580712D5A9695B4652465944284651
:104F7000FFF7C6FE30B1009423465A462146284624
:104F8000FFF72AFF2B6A28469847B9E723F0010369
:104F900085F82430F6E7039B05999847029B002B80
:104FA000AEDBB8E7201D03F05BF8B8E794F82430D7
:104FB000A16943F0010384F82430039B2A46194475
:104FC0002046FFF79DFE00289AD0236A2046984786
:104FD00094F82430590793D5A269039900230A4411
:104FE000009319462046FFF7F7FE89E794F824302E
:104FF00023F0010384F8243082E794F824300399E5
:10500000A16143F0010384F824302A462B46294449
:105010002046FFF775FE73E794F824309A07E7D42B
:10502000204602F097FF6BE7046B0020346D0020F0
:10503000806D0020086B002000ED00E040687047A4
:1050400013B50446FEF764FB94F8240000F0010059
:105050000190FEF765FB019802B010BD13B5044640
:10506000FEF756FBE0690190FEF75AFB019802B08B
:1050700010BD02F0EBBE02F0B2BF02F097BF02F02B
:1050800069BF9A4238BF8854704770472DE9F74F7F
:10509000DDF83C9019F0030FDDE90D4607468B461D
:1050A000154628D00C9901EB04081444A24226D1DD
:1050B00019F0020F0AD0A4EB0508C1464E4505EBD6
:1050C000090226D83544464528BF2C46204603B061
:1050D000BDE8F08F594620200193B847019B08F1A5
:1050E0000108B0450AEB0802F4D3321BB44288BF72
:1050F00000222A44D6E7A046A2EB040AF1E702F117
:10510000010A18F8010D01935946B847019B524610
:10511000CCE759462020019309F10109B847019BCA
:10512000CCE72DE9F04F2DED028B91B008EE903ACF
:105130009DF8783006939246DDE91C231343DDE9A0
:10514000217408EE100A9DF87C60894620D1600524
:1051500018D430238DF8203024F010040125A10745
:1051600000F19B8004F0010247B1002A00F0958015
:10517000069B13B914F00C0F00D0013F2B4608A971
:10518000302032E0102E01D124F010040025E6E793
:10519000002314F0200FF2B2CDE9042314BF37230B
:1051A00057230DF1200800250793DDE90423DDE9ED
:1051B0001C0103F08DFED2B2092A8ABF079B303250
:1051C000D218D2B2DDE904BC08F8012BDDE91C23BA
:1051D000634508BF5A4505F10105C0D3202DBED057
:1051E000CDE91C01E1E7585401331AB19F4201D9BE
:1051F000202BF8D108A9302201E0CA5401332098AD
:10520000984201D9202BF8D1082E03D19D4238BFF6
:1052100024F0100441F21002144223D062053FD45E
:10522000002B3DD0209A9A4201D09F4238D19D4216
:1052300036D25A1E33D0102E37D1954233D2023B8C
:10524000A5063BD41F2B17D810AA1A44782002F8C1
:10525000200C01331F2B0FD810AA1A44302002F85B
:10526000200C01331F2B07D8069A6AB310AA1A44E0
:105270002D2002F8200C0133CDE90013CDE9027492
:1052800018EE903A18EE100A52464946FFF7FEFE15
:1052900011B0BDEC028BBDE8F08F2B46AAE7134698
:1052A000102E03D1CCE71346CAE71346022ED1D104
:1052B0001F2BE1D810AA1A446220C8E71F2BDBD8A5
:1052C00010AA1A445820C2E7600703D510AA1A444E
:1052D0002B20CEE72207CFD510AA1A442020C8E7FA
:1052E0002DE9F04F2DED028B85B01F46DB0F0393A8
:1052F0001CBF07F100431F46164618BF1646019013
:105300003946304603F034FE109A444B03EBC20397
:1053100093ED007B0446B0EE478AF0EE678A0D46B7
:1053200003F010FA02460B463046394603F080F887
:1053300053EC182B03F034FA8046894603F018FE2C
:1053400082468B4603F0FEF902460B46404649462C
:1053500003F06EF8324B00228046894603F0B0FC21
:105360000290002845D01AF1010A4BF1000B50467B
:10537000594603F0E7F902460B4651EC180B03F0CF
:105380008BFC30B1013445F100054FF0000A4FF0BD
:10539000000B109BFBB92046294603F0D3F90246C7
:1053A0000B463046394603F043F81D4B0022804639
:1053B000894603F067FC30B1194B0022404649464C
:1053C00003F07EFC38B104F001020023134302D045
:1053D000013445F10005019B1A46C3E90045C3E9C4
:1053E00002AB039B1374104605B0BDEC028BBDE805
:1053F000F08F0B4B00224046494603F039FC002851
:10540000C7D05AEA0B0304D0029B0AF001021343EF
:10541000BFD01AF1010A4BF1000BBAE710E104000A
:105420000000E03F08B100F09DBF704710B1D1E926
:105430000031184770472DE9F04F2DED048B85B0F2
:105440009B469DF848300393139B1B9C08EE103A33
:10545000149B08EE903A159BDDE9176809EE103AA7
:10546000169BCDE90001DDE9197509EE903A9246E7
:10547000002E47D007F40163B3F5006F40F0918030
:10548000012A7BF1000344DB0A22002350465946DF
:1054900003F0CEFC134340F08180504659460A2267
:1054A000002303F0C5FC013E82468B46ECE75046E4
:1054B00059460A22002303F0BBFC029B303203F85A
:1054C000012B504602930A220023594603F0B0FCF8
:1054D00082468B465AEA0B0209F101030DD105EB16
:1054E00009032E444C463022202C63D0B34204F1F1
:1054F000010404D12E221A700BE0994656E003F8FD
:10550000012BF1E7F90604D5202C53D02E232B557F
:1055100001342E1916E0DDE900010A22002303F010
:1055200087FC3032DDE9000106F8012B00230A2256
:1055300003F07EFCCDE90001DDE90023134304F113
:10554000010438D0202CE6D134E02B550134A0459D
:1055500014D9202CF9D119EE903A19EE102A18EE30
:10556000901A18EE100ACDE91487CDE9125405B04F
:10557000BDEC048BBDE8F04FFFF788BD202CEAD0CE
:10558000039B1BB12D232B550134E4E77A0701D58A
:105590002B23F8E73B07DED52023F4E75AEA0B0379
:1055A000B7D02B1904F1010902932644B9F1210F58
:1055B0007FF47DAF202407F00303012BDED1B8F187
:1055C000000FDBD0039B13B917F00C0F01D008F1CB
:1055D000FF383023BBE782B0F8B506A981E80C009C
:1055E0009DF82050044657EC106BDDE9060135B1FB
:1055F00010EE102A3B4603F0D3F8012315E0C1F367
:105600000A52A2F2FF32C7F30A53A3F2FF33002A71
:10561000B8BF5242002BB8BF5B429A420DDD3B46F9
:1056200010EE102A03F0E6F92B46C4E900012372BC
:105630002046BDE8F84002B0704702460B4610EE27
:10564000100A394603F0D6F9D7E700000000000041
:105650002DE9F04F2DED048B9BB009EE903A299B7C
:105660000B90DB0F09EE101A0E924FF000080F930B
:1056700005D0DDE9282101F10043CDE92823DDE94A
:1056800028010022002303F0F3FA0C90002840F0D8
:10569000E180DDE92876C6F30A50A0F2FF3003F07E
:1056A00015F8CEA3D3E9002303F07AF8CDA3D3E90C
:1056B000002302F0BFFEC6F313060D4646F07F51ED
:1056C0000446BF4B3846002241F4401102F0B0FEC0
:1056D000B3A3D3E9002303F063F802460B46204648
:1056E000294602F0A7FE03F00BFB044602F0EEFF92
:1056F000ADA3D3E9002306460F4603F051F8B14BA2
:10570000002202F097FE03F0FBFAA9A3D3E90023DD
:1057100005463946304603F043F8064628460F460C
:1057200002F0D4FFA4A3D3E9002303F039F8024622
:105730000B463046394602F07BFE02460B460646D3
:105740000F4603F02DF83246804689463B463046E8
:10575000394602F06FFE9C4B82468B460022404643
:10576000494603F047F9994B002202F063FE0246D6
:105770000B464046494603F03DF9954B002202F0A6
:1057800059FE02460B464046494603F033F932467D
:105790003B468046894600204FF0804102F048FE9B
:1057A00002460B464046494602F044FE02460B467E
:1057B0005046594603F01EF905F2FF35854B00228D
:1057C00002F038FE0C9A2B0502F0EAFFDDE92823EF
:1057D00006460F4603F074FA40B1304639467B4B1B
:1057E000002203F007F9013C06460F4604F11103BD
:1057F000222B94BF4FF001084FF0000808D8764BD9
:1058000084EAE472A2EBE47203EBC203D3E900671B
:105810002C9B190540F1BB812A9B221D03F1FF330C
:105820001ADB2A9A012A38BF0122944214DA1B1B80
:10583000012523EAE3732A932C9B002C43F4806315
:105840002C930BDAB8F1000F40F09B814FF0000869
:105850003DB938E00024DBE70025EAE70DB984BB59
:1058600025460F9B2BB1DDE9282101F10043CDE94D
:1058700028232A9B009314A8DDE92823FFF730FD95
:105880009DF860300F93DDE914ABDDE91667002D5C
:1058900040F0E380BAF10A0F7BF1000306DB01342C
:1058A000002600274FF0010A4FF0000B04F16303BC
:1058B000C72B4FF0000534BF4FF004084FF0050828
:1058C000E6E04FF00008CDE91067DDE928018DF82A
:1058D000488032463B46B8F1000F52D002F060FFDC
:1058E00003F046FB82468B4602F02CFF02460B4635
:1058F000B8F1000F48D032463B4603F07BF8024631
:105900000B46DDE9280102F093FD2A9A324B03EBA6
:10591000C20393ED008B06460F46DDE91201B0EE9F
:10592000480AF0EE680A8DE80300DDE9102314A8A8
:10593000FFF751FE9DF85810DDE91423304641B3BE
:10594000394602F02DFF2A9B06460F46002B4DD10B
:105950001C4B002203F0AAF9003818BF01201AEBF3
:10596000000A184B4FF00002304639464BF1000B4D
:1059700003F07EF910B12AF00102924600260027BA
:1059800088E703F037F8ABE73046394602F008FF06
:10599000B5E7394603F02EF8D5E700BFAFF3008036
:1059A00061436F63A787D23F71A379094F930A4080
:1059B0001655B5BBB16B0240EF39FAFE422EE63FF9
:1059C0000000F83F0000E03F00002C4000002440B1
:1059D000000018400000F03F10E10400FB799F50E8
:1059E0001344D33FB3C8608B288AC63F03F0C0FA84
:1059F000CDE90C0102F0A6FE02460B4630463946C0
:105A000002F016FD664B00228046894603F04EF9EF
:105A1000DDE90C67003818BF01203618604B4FF0E5
:105A200000024046494647F1000703F021F910B152
:105A300026F0010216463046394602F083FE024641
:105A40000B4651EC180B03F027F900283FF422AF66
:105A50001AF1010A4BF1000B90E72C9B13F400683C
:105A600016D0631C12DB5046594602F06BFE4D4BBC
:105A700004F1010903EBC903D3E9002303F0F8F8AB
:105A8000002871D02A9B013B2A934C464FF0000816
:105A90002C9B13F0020902D0B8F1000F66D12B9BAA
:105AA000984563D2A3EB08032E9A09922D9A089287
:105AB0002C9ACDED049ACDE906322A9B05930E9BD4
:105AC00003930B9B01930F9B009332468DED029A3B
:105AD0003B4650465946FFF7AEFC0646002D3DD1E9
:105AE0002C9B0B9E13F0200F024600F1010519EECE
:105AF000903A14BF4520652019EE101AB047002CCB
:105B000022464FEAE47302DC624263EB4303052161
:105B100008F1FF30069105900A210020E40FCDE93D
:105B20000310CDE9002319EE101A19EE903A0B98E4
:105B300002942A46FFF7F5FA0646B9F1000F0DD098
:105B40000E9BC51A2C460E9B1A192B9BA3420FD8ED
:105B50002B990E9B0B44A94228BF1E4630461BB012
:105B6000BDEC048BBDE8F08F804691E700239BE7F6
:105B700019EE903A19EE101A0B9F2020B847013405
:105B8000E1E74FF0010863E64FF001089BE6002CC7
:105B9000BFF665AEB8F1000FF6D1454656E600BF38
:105BA0000000E03F10E104002DE9F04F9BB0DDE97B
:105BB00024AB1F469DF8A4300B9304460D461646B1
:105BC0005B46524650465946DDF8A09003F050F827
:105BD00080B9279B029303230193514BCDF80C907E
:105BE000009332463B4629462046FFF74FFA1BB04A
:105BF000BDE8F08F4FF0FF326FF4801350465946E6
:105C000003F040F838B1279B029304230193CDF8A9
:105C10000C90444BE4E7444B4FF0FF32504659465A
:105C200003F04EF878B1414A2799CDF80C9009F06D
:105C30000403002B08BF03223D4B1CBF1346042264
:105C4000CDE90121CCE70B9B0BBB31A3D3E90023AA
:105C50005046594603F034F838B92FA3D3E900234E
:105C60005046594603F00EF888B10023069312AB54
:105C7000CDE90493279B0393269B0293CDE900ABC8
:105C80003B46324629462046FFF7E2FCAFE719F4CF
:105C9000806F269B08BF06232693269ADDF89880FE
:105CA00012AB203A30202699B8F1110FA1EB080170
:105CB00006D908F1FF38904503F8010BF3D12021F4
:105CC0000B9B3BB112ABCDE90493279B0691CDE929
:105CD0000283D3E752465B460CA8CDF800800B91B7
:105CE000FFF7FEFA12ABCDE90793279B0B990991B9
:105CF000CDE905839DF840300093CDE90367CDE9F8
:105D00000145DDE90E23DDE90C01FFF794FB6EE7A9
:105D10000000000065CDCD410000000065CDCDC183
:105D2000AFDF0400FEE00400FFFFEF7FF9E00400B6
:105D3000F5E004002DE9F04F8FB000290893C04B27
:105D4000189E904614BF814699460024089B1878F7
:105D500058B944452CBF08F1FF3222464346002083
:105D6000C84720460FB0BDE8F08F089B252803F1F7
:105D70000103089306D0651C434622460991C84793
:105D80002C46C6E1002506E02D2B15D0302B0CD17A
:105D900045F001050892089A12F8013B2B2B0ED012
:105DA000F2D8202B0ED0232B0FD0A3F130000928DE
:105DB0002ED800270A200FE045F00205EAE745F05B
:105DC0000405E7E745F00805E4E745F01005E1E7DD
:105DD00000FB0737303F0892089A12F8013BA3F105
:105DE000300CBCF1090FF3D9089B1B782E2B56D130
:105DF000089A089B5278A2F13000092803F10103A8
:105E000045F4806540D8002209924FF00A0E13E055
:105E10002A2B08D156F8047B0892002FBCBF45F00E
:105E200002057F42E0E70027DEE7099B0EFB032B1C
:105E3000ABF1300309930346184610F8012BA2F189
:105E4000300CBCF1090FF0D90893089B13F8012B13
:105E50006C2A2ED026D8682A34D06A2A3CD0089BD7
:105E600013F801CB0893BCF1780F07D8BCF1570F9A
:105E700035D8BCF1450F00F0838079D8651C4346C6
:105E80002246099160467AE72A2A07D156F8043B50
:105E900023EAE3730993089B0233D5E708930023B1
:105EA0000993D2E7742A01D07A2AD8D145F48075B3
:105EB000D6E7089A52786C2AF8D145F44075089BC9
:105EC0000233CDE7089A5278682A02D045F080055F
:105ED000C6E745F0C005F2E745F40075C0E7ACF150
:105EE0005803202BCAD801A252F823F0A55F040062
:105EF0007D5E04007D5E04007D5E04007D5E040026
:105F00007D5E04007D5E04007D5E04007D5E040015
:105F10007D5E0400A55F040017610400A55F040016
:105F2000815F0400EB600400815F04007D5E04007B
:105F3000A55F04007D5E04007D5E04007D5E0400BC
:105F40007D5E04007D5E0400A55F0400876204009E
:105F50007D5E04007D5E0400976104007D5E0400A8
:105F6000A55F04007D5E04007D5E0400A55F040063
:105F7000BCF1460F00F0B780BCF1470F7FF47EAF55
:105F80000CF0DF03472B04BF0CF0FD0C45F400655B
:105F90000736BCF1450F08BF45F0200526F007067F
:105FA0000123A6E0BCF1780F00F09A81BCF1580FF4
:105FB00000F09481BCF16F0F00F09481BCF1620F8E
:105FC00000F09281BCF1690F25F010054FF00A0036
:105FD00004D0BCF1640F01D025F00C056B0548BF5F
:105FE00025F00105BCF1690F05F4007302D0BCF186
:105FF000640F49D133B3073626F0070AFAE80223C3
:10600000012A73F1000618DAD2F1000B63EB430C9E
:10601000CDE90575099DCDE90305DB0F02935A46CD
:106020006346CDE900232246434648460991FFF7DF
:1060300078F856460999044688E693469C46E7E771
:106040008B500400EA0506F1040A10D53668002ECC
:1060500032464FEAE67302DC524263EB4303CDE97A
:106060000575099DF60FCDE903050296D9E715F0F0
:10607000400F366804D076B23246F317002EEAE7B6
:106080002B0648BF36B2F7E763B1099BCDE905752A
:10609000CDE903030736002326F0070A0293FAE846
:1060A0000223BEE7EA0506F1040A09D5099A02931C
:1060B000CDE90575CDE903023268CDE90023B2E7E9
:1060C00015F0400F33680AD0DBB2099ACDE903021C
:1060D0000022CDE90575CDE900320292A3E72E0634
:1060E00048BF9BB2F1E745F02005073626F00706CA
:1060F0000023CDE90453099B03970293F6E802239A
:106100004846CDE90023434622460991FFF74CFD5E
:10611000044609991AE615F0020526D04FF0010A47
:1061200056F8040B0991631C9B4622464346C0B2B5
:10613000C84709996DB354465A4620E00991434631
:106140002020C847099904EB0A020AF1010ABA455E
:10615000F4D3002F07F1FF3308BF002307F1010A32
:106160001C4408BF4FF0020ADAE7AA46EBE70991A0
:1061700043462020551CC847099901342A46BC4291
:10618000F5D3A7EB0A035A46574538BF00231A44F4
:1061900093465C46DAE5334653F8046B9B467EB97A
:1061A00006230193514B00932246CDE902754346E5
:1061B00048460991FEF76AFF099904465E46C5E51F
:1061C000099B002B08BF4FF0FF333344B2469AF8C7
:1061D00000200AB1534512D115F48063AAEB060AD8
:1061E0000B9303D0099B9A4528BF9A4615F00203EA
:1061F0000C931BD1AAEB040322460A9309E00AF18F
:10620000010AE4E70D9143462020551CC8470D992B
:106210002A460A9B1344BB42F4D3A7EB0A03574513
:1062200038BF00230AF1010A1C449A443546A61BD4
:1062300005E009930A9143462246C8470A99741912
:1062400015F8010B38B10B9B002BF3D0099B099A71
:10625000013B002AEDD10C9B002BAFD02246AAEBCC
:10626000040506E0099143462020561CC8470999B9
:1062700032465319BB42F5D3A7EB0A03574538BF43
:1062800000231C449AE7326845F4805545F0010527
:106290000A236AB9CDE9023505230193144B009313
:1062A00022464346484604360991FEF7EFFE2FE7A3
:1062B000CDE90535099B049310220023CDE9023274
:1062C00072680991CDE90023484622464346FEF70D
:1062D00028FF06F1080704463E461AE745F0200568
:1062E000102079E6082077E6022075E603E1040035
:1062F0000AE104000FB41FB506AA02A952F8043B34
:106300000392009204484FF0FF32FFF713FD05B0EF
:106310005DF804EB04B07047255404000EB40FB5CB
:1063200005AA014652F8043B0392009204484FF03C
:10633000FF32FFF7FFFC04B05DF804EB03B07047D9
:10634000835004001FB5CDE90201009302A9134652
:1063500003484FF0FF32FFF7EDFC05B05DF804FB9A
:106360002D5404000A2810B5044603D104480D2119
:10637000FBF7A2F921460248BDE81040FBF79CB9A3
:106380000864002008B5E0F7C9FD054CE0F7A6FA5F
:10639000FDF756F9002CF9D0AFF30080F6E700BF07
:1063A000000000001FB500F019FBDFF787FFFCF7C6
:1063B0008FFF114B0293114B01930123104900935E
:1063C0004FF4007200230F480F4CFDF785FF0F4B71
:1063D0001860236943F004032361FEF721F8BFF33B
:1063E0004F8FE2680A4B02F4E0621343E360BFF3AD
:1063F0004F8F00BFFDE700BF8C750020886D002027
:10640000A0E104008563040000ED00E08875002031
:106410000400FA0501F01ABD01F018BD01F09ABDA3
:1064200001F098BD0A490B4A0B4B9B1A03DD043B54
:10643000C858D050FBDC09484FF40061084A02609C
:1064400004300439FBD100F05DF9DFF7FDFE0000F8
:1064500060E5040000340020B836002000F8032076
:10646000E5B1E4B1FEE7FEE7FEE7FEE7FEE7FEE7A3
:10647000FEE7FEE7FEE7FEE700F024B800F042B8D2
:1064800000F052B84FF0805318695B69023B5843E3
:1064900070474FF0805318697047000070B5084C82
:1064A0000023934200D170BD51F82350D4F800640A
:1064B000F607FBD540F82350BFF35F8F0133F0E7B9
:1064C00000E001404FF080531A69B0FBF2F302FB89
:1064D000130373B9084B0222C3F80425C3F8080557
:1064E000D3F80024D207FBD500220448C3F80425C2
:1064F00070470348704700BF00E001400000AD0B4B
:106500000A00AD0B074B0122C3F80425D3F8002481
:10651000D207FBD50160BFF35F8F0022C3F80425CB
:10652000704700BF00E0014010B5054C0123C4F8DE
:106530000435FFF7B3FF0023C4F8043510BD00BFD6
:1065400000E0014000F1804382B01A68002A14BFC5
:106550000120002004D000221A601B680193019BD7
:1065600002B070470F4B1A78D2B902784FF08041D1
:10657000C2F34002C1F88025027802F00102C1F89E
:106580007825094A1168C90706D4E02182F800136A
:106590000121C2F880111160012204481A7070476D
:1065A00003487047C48D002000E100E00000AD0BFF
:1065B0000C00AD0B4FF080434FF46072C3F804231E
:1065C000704700004FF080434FF46072C3F8082317
:1065D000014B00221A607047DC75002008B5FFF7F8
:1065E000F1FF03680BB1014A136008BDDC750020A0
:1065F0004FF0804310B5D3F80443620707D54FF43A
:106600008470FFF79FFF10B11E4B1B689847A306CD
:1066100008D54FF48A70FFF795FF18B11A4B002088
:106620001B689847600608D54FF48C70FFF78AFF07
:1066300018B1154B01201B689847210608D54FF467
:106640008E70FFF77FFF18B1104B00201B68984732
:10665000E20508D54FF49070FFF774FF18B10B4BAB
:1066600001201B689847A3050AD54FF49270FFF7E5
:1066700069FF28B1054BBDE810401B680220184790
:1066800010BD00BFD4750020D8750020DC75002037
:1066900008B5FFF7ADFFBDE8084001F01BBE0000E4
:1066A0000A4B1B685A1C05BF094B0A4A0A4A106864
:1066B0000ABF1B781068C0F30310082B04D103280D
:1066C0008CBF00200120704700207047300100106F
:1066D000E00F00F0E80F00F034010010064B1B68DB
:1066E000082B06D1054B1B68032B02D8044AD05C4B
:1066F00070470020704700BF3001001034010010C7
:10670000A4E1040008B5FFF7CBFF40B14FF0804390
:106710000022C3F80C21C3F81021C3F83825FFF775
:10672000BFFF002846D04FF08052414BD2F80414EE
:10673000C3F82015D2F80814C3F82415D2F80C14A5
:10674000C3F82815D2F81014C3F82C15D2F8141475
:10675000C3F83015D2F81814C3F83415D2F81C1445
:10676000C3F84015D2F82014C3F84415D2F8241405
:10677000C3F84815D2F82814C3F84C15D2F82C14D5
:10678000C3F85015D2F83014C3F85415D2F83414A5
:10679000C3F86015D2F83814C3F86415D2F83C1465
:1067A000C3F86815D2F84014C3F86C15D2F8442425
:1067B000C3F87025FFF792FF10B11E4B1E4A1A60F6
:1067C000FFF78CFF18B11D4BFB22C3F81825FFF70C
:1067D00085FF48B11A491B4B0A681B6822F00F025B
:1067E00003F00F0313430B60FFF778FF18B1164B4C
:1067F0004FF400721A60FFF753FF48B14FF0804327
:10680000D3F80024D20744BF6FF00102C3F800247C
:106810000E4AD2F8883043F47003C2F88830BFF3D0
:106820004F8FBFF36F8F0A4B0A4A1A6008BD00BF33
:1068300000C000408C5600404881030000F000403A
:10684000E40E0040580200104096024000ED00E0C7
:10685000143600200090D003BFF34F8F0549064B3C
:10686000CA6802F4E0621343CB60BFF34F8F00BFEE
:10687000FDE700BF00ED00E00400FA0570470000EE
:106880000A4608B502490348FAF764FDFFF7E4FF3A
:10689000A8E104000864002008B503490348FAF79A
:1068A0004FFDFFF7D9FF00BFC2E1040008640020DC
:1068B000034B044AC3F800260020FBF70BB800BFC7
:1068C000000001403546526E024A0349034801F078
:1068D0005DBD00BF003400207D680400E07500202D
:1068E000BFF34F8F0549064BCA6802F4E0621343B9
:1068F000CB60BFF34F8F00BFFDE700BF00ED00E0AE
:106900000400FA0530B5134B134D5A68134985B08E
:106910000446C2F308022846FAF71CFD1049224635
:106920002846FAF717FD23690293E3680193A368E9
:106930000C4900932846D4E90023FAF70BFDE369DC
:10694000094900932846D4E90523FAF703FDFFF728
:10695000C7FF00BF00ED00E008640020D0E10400A4
:10696000EDE1040005E204004AE2040007B50B462D
:106970000092044902460448FAF7ECFCFCF760FE7A
:10698000FFF7AEFF72E204000864002008B5034977
:106990000348FAF7D5FCFFF7A3FF00BFA4E2040009
:1069A000086400201EF0040F0CBFEFF30880EFF323
:1069B0000980FFF7A7BF0000BFF34F8F0549064BC3
:1069C000CA6802F4E0621343CB60BFF34F8F00BF8D
:1069D000FDE700BF00ED00E00400FA0510B54FF040
:1069E0008044124BD4F800241A60D4F80024D4F860
:1069F00000340F481343C4F8003401F0A7FB01F042
:106A0000B7FB002001F0CCFBD4F81834DB03FBD536
:106A1000002001F049FC074800234021C21801333F
:106A2000302B82F80013F9D110BD00BFE4750020AF
:106A3000056B040000E100E008B54FF080434E22F2
:106A4000C3F81C25FFF7B8FF37B5194CFCF760FEFB
:106A50002378FF2B05D1174B174A18489B21FFF7C6
:106A600085FFDBB94FF08042D2F80C3403F001030C
:106A7000CDF80730D2F80C24D00300D563B901203B
:106A800001F08EFB4FF08043D3F80C24D3F80C14A4
:106A9000C903F9D5D207F7D5012500E000252378F1
:106AA00001332370FCF73CFE284603B030BD00BF25
:106AB000E8750020C1E204005EE30400DDE20400AA
:106AC00010B5FCF725FE0B4A13782BB90A4B0B4A7D
:106AD0000B48AF21FFF74AFF013BDBB213703BB914
:106AE000012001F081FB0124FCF71AFE204610BDB5
:106AF0000024F9E7E875002044E3040074E304008F
:106B0000DDE20400022808B502D003280CD008BD3D
:106B1000FFF79AFF01F08EFB054B9842F7D0BDE8D6
:106B20000840102001F0C0BBFFF7CAFFF7E700BF25
:106B30000000AD0B37B50346212B4FF00000ADF838
:106B4000060006D8504A52F82330052B78D8012B7E
:106B50006DD803B030BD05224C4B1968082940F3AD
:106B60008B800A2940F38B800D29B5BF0C240E249D
:106B7000022303234648C0F8F0350123C0F800354E
:106B800000200546030103F1804303F5E043013093
:106B90000828C3F81455C3F81055F3D13D4B1868B5
:106BA0003D4B1B6800021B0303F4805300F4E060BC
:106BB0001843374BC3F81805C3F81425C3F810253C
:106BC0000DF10602C3F82C260122C3F830261A6004
:106BD000D3F80021002AFBD00022C3F800210122B3
:106BE0005A602B4B1A46D3F804010028FBD0002032
:106BF000C3F8040101209860D2F81431002BFBD0B7
:106C00000023C2F81431BDF806201204204A48BF00
:106C1000ADF80630C2F80035BDF80600A14200B25A
:106C200097D035BF611A091BC840884091E7033BE4
:106C3000022B1FD8DFE803F00214160002228BE7B4
:106C40001C3B032B85D8032B1CD801A252F823F040
:106C5000576B0400716C0400696C04006D6C0400D7
:106C6000032279E7042277E7072275E7082273E712
:106C7000062271E701226FE7082400237AE70A243D
:106C8000012377E7002064E7C09A0400183600204B
:106C9000007000401C360020EC750020212814D81C
:106CA0001B4B53F8203003290FD8DFE801F00225F1
:106CB0000F1A1F2B86BF03F01F03164A4FF0A04286
:106CC00003F5E073002142F8231070471F2B86BFA5
:106CD00003F01F030F4A4FF0A04203F5E0730C21AD
:106CE000F1E71F2B86BF03F01F030A4A4FF0A042B3
:106CF00003F5E0730421E6E71F2B86BF03F01F03B3
:106D0000044A4FF0A04203F5E0730321DBE700BF24
:106D1000C09A04000003005021281BD80E4B01220A
:106D200053F8203059B91F2B86BF0C4903F01F03BD
:106D30004FF0A04102FA03F3C1F80C3570471F2B46
:106D400086BF064903F01F034FF0A04102FA03F388
:106D5000C1F80835704700BFC09A04000003005016
:106D6000212817D80C4B53F820301F2B86BF03F077
:106D70001F030A4A4FF0A04203F5E07152F82110B8
:106D8000C90754BFD2F81005D2F80405D84000F066
:106D90000100704700207047C09A040000030050B3
:106DA000F0B5224B89B003AA044603F1100715463B
:106DB00018685968164603C60833BB423246F7D1F5
:106DC0001B8833800FCD26460FC6194A2B681068E2
:106DD000516833806B4603C36B4603CB137A84F848
:106DE0002030144BC4F818314FF48073A4F81C31D0
:106DF00004F118050123A061E16184F81E31656189
:106E00001422002104F5967002F0E2FA40F20943E0
:106E1000C4F82031084BC4F82431084BC4F8283199
:106E20002046042384F8403109B0F0BDA7E30400F4
:106E3000B9E30400090000018AE3040094E30400BC
:106E4000F8B50E464569B0F81811B0F81A31326835
:106E50000D445B1A176890F81C1104469BB22A4631
:106E60003046B84708B90020F8BD726829188D422D
:106E700033D26B78042B1BD1EE78A6B994F81C3171
:106E8000013384F81C3172B194F84031072B0AD8D1
:106E900003F1480744F827202B7294F8403101335E
:106EA00084F8403132462B78002BDCD01D44DEE7DD
:106EB000052BF8D195F90230002BB5BF94F81D31A0
:106EC00094F81E315E1C5E1CB4BF84F81D6184F80A
:106ED0001E61AE783343AB70E5E7B4F8183118445F
:106EE000636980B2A4F81801588094F81C211A71C3
:106EF0000120B9E7018142817047012070470000FD
:106F0000F8B5A1B303293FD090F840218A4240F25E
:106F100086804831434E50F82170002001467B5C4A
:106F20007C18002B79D003F14002D2B2012A4DD94E
:106F3000F42B4BD81A062BD40122A3F55844B4F5F0
:106F4000006F43D3B3F5803F11445FD31E2864DC48
:106F5000A3F5803306EB40049A0AC3F30903A2F5B4
:106F60002052A3F5105362800230A380D7E72D4B47
:106F7000D0F820215A800120431C2A4A5B0043F4A8
:106F8000407313801046F8BD2749FCF7BBF9F3E7BF
:106F900003F0E002C02A1BD103F01F03022204F118
:106FA000010C14441CF8015B05F0C00EBEF1800F0B
:106FB0000CD105F03F05644545EA8313F2D1022A5E
:106FC00016D1A3F18004B4F5F06FB6D30131A6E772
:106FD00003F0F002E02A03D103F00F030322DEE7FF
:106FE00003F0F802F02AF1D103F007030422D6E7F8
:106FF000032A04D1A3F50064B4F5784FE5E7A3F5BF
:107000008032B2F5801FE1D2042296E7202804D016
:1070100006EB40020130538081E7C0B2ACE70020AC
:10702000B1E700BF34770020367700200048704772
:10703000F0750020014B5869704700BFF0750020C3
:107040000A4601460148FFF75BBF00BFF07500200C
:10705000002070470020704770474FF0FF307047A6
:107060004FF0FF30704770470020704770474FF077
:10707000FF3070470148FFF793BE00BFF075002056
:1070800002488C22002102F0A3B900BF78770020CB
:107090000020FFF7F5BF00002DE9F7430D468046BD
:1070A0006B79032B114604D00024204603B0BDE8C1
:1070B000F0832A79C2EBC2041234A4B28C4205D9FF
:1070C000214B1B68DA07EFD500BEEDE71F4E96F89F
:1070D00001E03746BEF1000FF2D195F800C005EB94
:1070E0000C01C6F8881091F80190B9F1210FE7D191
:1070F00015F80CC006F1010E0236CDF804E000963A
:107100006144FAF7F5FF0028DAD0AB79B978012BA2
:1071100004BFEB79FB7000233B71AB783B70D7F871
:107120008830B3F80730FB800029BED0084A4023DE
:107130004046FBF787F80028B7D1034B1B68DB07F5
:10714000B3D500BEB1E700BFF0ED00E078770020D6
:10715000C07700200B78F7B503F01F04012C06461A
:107160000D4601D000201BE0434F8A8897F800C0ED
:10717000D2B294453A465CD0404B1B68DB07F1D550
:1071800000BEEFE76B78062BECD16B881B0A212B36
:1071900008D1D7F88820002AE4D01378FBF7D2FB77
:1071A00003B0F0BD222BDDD1FFF752FFFB88024672
:1071B00029463046FBF7C6FB22E06888EB88304A58
:1071C000010AC0B2FFF746FF28B92C4B1B68DA074B
:1071D000C8D500BEE4E72A4A0346E9E7EB88402B1E
:1071E000C0D8284AE4E76888274B000A50711BB1D1
:1071F000AFF300800028B5D029463046FBF78AFB64
:107200000120CDE7214A0123D2E71379C3F101031D
:107210008DF807300DF107020123C9E768881C4B80
:10722000013818BF01201071002BE5D0AFF30080AA
:10723000E2E713F06003A5D0202B93D16B78013BDC
:107240000A2B8FD801A151F823F000BFBB710400B5
:10725000057204000B72040065710400657104007E
:10726000657104006571040065710400DD7104003E
:10727000E77104001D72040078770020F0ED00E053
:1072800080770020C0770020000000007D7700207C
:107290000000000008B50F4A8B881078DBB29842D6
:1072A00007D00D4B186810F0010001D000BE00207F
:1072B00008BD0B7803F06003202B09D14B78092B14
:1072C00006D14888CB884832010AC0B2FFF7C4FE15
:1072D0000120EDE778770020F0ED00E038B50E4CA6
:1072E000A2788A42054601D0002038BD0021084618
:1072F0009BB204F14802FFF7AFFEA178402304F1EE
:1073000048022846FAF79EFF0028EED1034B1B687F
:10731000DB07E9D500BEE8E778770020F0ED00E074
:10732000438C9BB270B505460BB9002070BD417807
:107330000020FAF723FF0028F7D005F50276314642
:10734000402205F11800FAF7D4FC6978044658B1D8
:10735000034632460020FAF775FF38B9044B1B6824
:10736000DB07E2D500BEE1E7FAF740FF2046DDE7A4
:10737000F0ED00E037B5134C01254FF412720021F7
:10738000204602F025F82B4604F12C0100958022BE
:10739000201DFAF798FC2B46802204F1AC010095E1
:1073A00004F11800FAF78FFC04F596712846FCF7F3
:1073B00009FC04F5BA7160612846FCF703FCA06281
:1073C00003B030BDC88D002010B5064C2046002308
:1073D00040F8043BFAF742FD04F11800BDE8104004
:1073E000FAF73CBDC88D00202DE9F0474B79012B01
:1073F0000746924603D000242046BDE8F0878B79EB
:10740000012BF8D1CB79002BF5D10E7834460E4400
:107410007378242B06D15445EDD833781C44A4B29C
:107420001E44F5E7042BE6D17379012BE3D1B37940
:10743000032BE0D1F379002BDDD1234A92F80190A0
:10744000917859EA010990463BD1B37813703578A9
:107450002C44A4B2354433794B4501D954450ED957
:107460001A4A98F8021040233846FAF7EBFE002833
:10747000C2D1174B1B68DB07BED500BEBCE76B78DB
:10748000052B19D129463846FAF775FE28B9104B55
:107490001B68DA07AFD500BEADE7AB78DA0914BFD9
:1074A00088F8013088F802302B7809F101091C4472
:1074B000A4B21D445FFA89F92B781C44A4B21D4480
:1074C000C9E71B70FFDE00BFC88D0020908F002031
:1074D000F0ED00E00120704700207047F7B5234D24
:1074E0001C46AB788B4206462F461BD06B788B42EE
:1074F00035D12846FFF714FF38BB6B8C9BB223BBFA
:107500001CB314F03F0320D1697801933046FAF799
:1075100035FE019B0446C0B169781A463046FAF739
:1075200091FE13E0A2B205F5E471281DFAF753FCB1
:107530000F4B13B10020AFF300800E4AB9784023FF
:107540003046FAF77FFE044618B10124204603B006
:10755000F0BD094B1B68DA0706D500BEF6E7064BFF
:107560001B68DB0700D500BE0024EFE7C88D0020B4
:1075700000000000908F0020F0ED00E073B5274C74
:10758000E28A52BA92B205462AB9254B1B68DB073C
:1075900039D500BE37E0A368B3FBF2F291B20029FF
:1075A000F3D0A06BD4F811101B1AB3F5007F28BFDD
:1075B0004FF4007392B209BAB0FBF2F6009302FBEB
:1075C0001602184B607B3144FFF747FD031E94F809
:1075D0002E1012DAA368A26B9B1AA362012384F80F
:1075E0002C3042F20503A3872846002384F83E305E
:1075F00002B0BDE87040FAF761BE06D100931A46AA
:107600002846FAF75FFD02B070BD064A9BB22846D5
:10761000FAF718FE0028F6D1B7E700BF047A002079
:10762000F0ED00E00478002038B5174B174C054604
:10763000A3B1607BAFF3008080B9A368A36201238C
:1076400084F82C3042F2077384F83E0094F82F102F
:10765000A3872846BDE83840FAF730BEA26BA3687E
:1076600094F82F109B1AB3F5007F28BF4FF40073D6
:10767000074A9BB22846FAF7E5FD20B9054B1B687F
:10768000DB0700D500BE38BD00000000047A0020F2
:1076900004780020F0ED00E002484022002101F0D3
:1076A00097BE00BF047A002002484022002101F06A
:1076B0008FBE00BF047A002073B54B79082B0546B6
:1076C00002D0002002B070BD8B79062BF9D1CB79A6
:1076D000502BF6D1162A05D8154B1B68D907F0D5C3
:1076E00000BEEEE7134C8B7884F82D3004F12E03A6
:1076F0000E78019304F12F03009302231A463144BC
:10770000FAF7F6FC28B90A4B1B68DA07D9D500BE90
:10771000D8E794F82F101F2322462846FAF792FD47
:1077200020B9034B1B68DB0700D500BE1720C9E753
:10773000F0ED00E0047A00200B7803F06003202BCA
:1077400037B505460C4621D14B78FE2B06D0FF2BD2
:107750001CD1FBF7DFF8012003B030BD01238DF809
:1077600007300B4B1BB1AFF300808DF807009DF87D
:1077700007000028F0D0431E8DF807300DF10702F6
:10778000012321462846FBF7DDF8E4E70020E3E784
:107790000000000001207047F0B50B78252B8DB05C
:1077A0000546144608D8192B09D8032B00F0C180D0
:1077B000122B00F083800BB34FF0FF302FE01A3B09
:1077C0000B2BF9D801A252F823F000BF0379040073
:1077D00023780400B9770400B9770400B97704006E
:1077E000B9770400B9770400B9770400B9770400C9
:1077F00077780400B97704003B780400FFF734FC85
:1078000060B9634B93F83C30002BD5D1604B40F20C
:1078100002429A87002283F83E20CDE700200DB077
:10782000F0BD5C4B002BF9D00979C1F3400301F0A6
:1078300001020909AFF30080E2E70DF1060202A997
:10784000FFF714FC029B13B1BDF8062042B9504B60
:1078500093F83C20002AAFD140F202419987DAE741
:10786000013B1BBA12BA0393049203AB03CB206013
:1078700061600820D3E700230DF1060202A9CDE9DB
:1078800003330593FFF7F2FB029A002ADFD0BDF81D
:107890000630002BDBD012BA04925BBA0821022218
:1078A000ADF816308DF80F108DF8142003AB03CB14
:1078B00020601868A06061600C20B0E7364B0022A1
:1078C000CDE903324FF020361022202107A80BAF5C
:1078D000CDE9056601F07CFD28463B4607AA05A9CF
:1078E0000B96FFF7C0FB03AD2A4603CABA422060DD
:1078F0006160154604F10804F6D110682060242068
:107900008DE7039B03F4000343F003030393234B2E
:107910006BB1AFF300809DF80E3080F0010060F392
:10792000C7138DF80E30039B2360042077E70120F6
:10793000F1E71222002103A801F04AFD144BF022C6
:1079400093F83C508DF80C204FF0000265F30302D1
:1079500093F83D0093F83E108DF80E200A228DF822
:1079600013208DF818008DF8191003AA07AE1546DC
:1079700003CDB542206061602A4604F10804F6D1C7
:107980002A88228000229A8783F83E20122046E728
:10799000047A0020000000000080020200000000C5
:1079A000F0B59446A34A92F83070012F85B0054691
:1079B0001E46144600F09580032F00F0FE8047BB62
:1079C00092F82F308B4201D001200DE0BCF1000F66
:1079D00005D11F2E03D11268974B9A4208D0974BBE
:1079E0001B68D90702D4002005B0F0BD00BEFAE73D
:1079F000934B23626368E27BC4E9093C012384F86A
:107A00003030A368282AC4E90D3C12D12846FFF77C
:107A1000B5FD94F83030022BD6D194F82E102846BC
:107A2000FAF73CFF002800F0D780002300931A46A5
:107A3000BDE02A2A03D12846FFF7F6FDE9E75BB14E
:107A400094F90C20002A07DB7E4A9BB22846FAF7FD
:107A5000F9FB0028DDD12FE04FF40073794A7A4911
:107A6000607BFFF799FE031E1EDA94F83C309BB151
:107A700000236363012384F82C30022384F8303020
:107A800094F83C30F3B1A368002BC2D094F82E10C8
:107A90002846FAF713FCBCE7A38E6A4A6A49607B62
:107AA000FFF7E5FA031EE3DB0020636384F82C0094
:107AB0009BB1A26893420BD9604B1B68DB0792D540
:107AC00000BE91E742F20502A28784F83E30DAE771
:107AD0005C4A94F82E109BB2B8E7022384F8303049
:107AE00097E792F90C30002B17DBD37B507B2A2BC6
:107AF00026D0938E534A04F10F01FFF7B8FA0028FD
:107B00004FF00003BFBF42F2050284F82C70A28739
:107B100084F83E30A8BF84F82C30A36B1E44636BFE
:107B2000A6639E42D9D2E37B282B3FF46FAF2A2B6A
:107B300081D0424B1B68DA077FF56BAF00BE68E768
:107B4000D38AD4F81110D4F838E05BBA9AB209BAE3
:107B5000A368B3FBF2F39AB20096BEFBF2FC394B7A
:107B600002FB1CE26144FFF77BFA0028354B0FDA79
:107B7000A368A26B84F82C709B1AA362022384F87A
:107B8000303042F20503A387002384F83E3040E7FB
:107B90008642C2DD321A40B1A16B03920144A16357
:107BA0001918184601F0FAFB039A0023009394F881
:107BB0002F102846FAF786FA06E792F82E308B4205
:107BC0007FF427AF0D2E7FF424AF002382F83030EE
:107BD00092F82F101F233AE794F82F102846FAF74F
:107BE0005DFE00287FF421AFE37B282B08D02A2BF1
:107BF00019D0164B4BB11449607BAFF3008004E001
:107C0000134B13B1607BAFF30080032384F8303053
:107C1000104A94F82E100D232846FAF713FB00287B
:107C20007FF4D2AE48E70C4B002BEED0607BAFF375
:107C30000080EAE7047A002055534243F0ED00E06B
:107C40005553425304780020137A002000000000AE
:107C500000000000247A00200000000010B5044657
:107C600081780020FAF71CFB68B9E28923899B1A06
:107C70009BB23F2B07D9A17804F59E724023BDE843
:107C80001040FAF7DFBA10BD70B504464178002005
:107C9000FAF706FB054608B1002070BD04F5BE7674
:107CA0004022314604F11800FAF723F8034608B9D8
:107CB0000120F2E7617832462846FAF7C3FA002835
:107CC000F6D1034B1B68DB07E6D500BEE5E700BF36
:107CD000F0ED00E037B5134C00254FF4DE720021C3
:107CE000204601F075FB04F12C0100950123402290
:107CF000201DF9F7E8FF0123402204F16C010095F3
:107D000004F11800F9F7DFFF04F1AC010120FBF7E3
:107D100059FF04F1F40160610120FBF753FFA062F9
:107D200003B030BD447A002010B5064C2046002335
:107D300040F8043BFAF792F804F11800BDE810404F
:107D4000FAF78CB8447A0020F7B54B79FF2B074639
:107D50000E4603D00024204603B0F0BD0C79C4EBDE
:107D6000C4040934A4B29442F4D8134D6A78AB78B1
:107D70001343EFD16B1C09780193AB1C00930223D2
:107D80001A463144FAF7B4F980B1B3782B70A97868
:107D9000402305F59E723846FAF754FA0028DAD1E6
:107DA000064B1B68DB07D6D500BED4E7034B1B6828
:107DB000DA07CFD500BECDE7447A0020F0ED00E031
:107DC00008B50E4882788A4204D043788B4211D09D
:107DD000002008BD9AB200F59E710430F9F7FBFF50
:107DE000074B13B10020AFF300800448FFF736FFC4
:107DF0000120EEE7FFF748FFFAE700BF447A0020D2
:107E00000000000010B50F4B1A461B688342FBD3DD
:107E100054681119884201BF416810460919516020
:107E2000446801198B4207D1074909688B421FBF7B
:107E300059681B68091941609042036018BF1060BF
:107E400010BD00BF187C0020007C00202DE9F0410F
:107E50000446FCF71FFB3749374D0B68F3B9374B26
:107E6000374A384ED21AA3F10807580718BF07330C
:107E70003A4418BF23F0070322F0070200203360C2
:107E80007060C2E90000D01AC3E900202E4B0A60DE
:107E900018602E4B18604FF000432B60D5F800801F
:107EA00018EA040F07D0FCF789FBFEF7F5FC002663
:107EB0003046BDE8F081631E0A33F4D8620704F14E
:107EC000080305D023F0070208329A42EBD9134683
:107ED0001E4F3D689D42E6D31A4A14686068984276
:107EE00001D226681EBB0968A142DCD02168166851
:107EF0001160C21A102A06F1080604D9E01842607F
:107F00006360FFF77FFF104A63681168ED1A8D42C6
:107F100038BF156048EA03030D4A636000232360FD
:107F200013683D6001331360FCF748FBC0E722464D
:107F30003446D3E7007C0020047C00201890002009
:107F400000F80320187C00200C7C0020087C002016
:107F5000107C002010B5044600B3114A50F8043CD0
:107F6000126813421AD050F8081CB9B923EA020368
:107F700040F8043CFCF78EFA0A4A54F8043C1168B5
:107F8000A4F108000B441360FFF73CFF064A136896
:107F9000BDE8104001331360FCF710BB10BD00BFFB
:107FA000047C0020087C0020147C002070B506466C
:107FB0000C4621B9FFF7CEFF2546284670BD08467E
:107FC000FFF744FF05460028F7D0002EF5D02246E3
:107FD000314601F0D5F93046FFF7BCFFEDE713B5A8
:107FE00001FB00F210460192FFF730FF044618B182
:107FF000019A002101F0ECF9204602B010BD00F119
:1080000008034FF0FF32C0E90223436003610023FD
:108010000360704700230361704743684B609A68B0
:108020008A609A685160996003680861013303604F
:10803000704730B50C68631C0AD103695A684A60FE
:1080400091608B605960036808610133036030BD43
:1080500000F10802134652681568A542FAD9EDE707
:10806000D0E9011203698A6051605968814208BFF2
:108070005A60002202611A68013A1A601868704753
:108080000548006880F3088862B661B6BFF34F8F79
:10809000BFF36F8F00DF00BF00600200064B19685E
:1080A0000868B0E8F04F80F30988BFF36F8F4FF096
:1080B000000080F311887047006A0020EFF3098008
:1080C000BFF36F8F144B1A681EF0100F08BF20ED1E
:1080D000108A20E9F04F10604DF8043D4FF0400049
:1080E00080F31188BFF34F8FBFF36F8FFCF72EFB28
:1080F0004FF0000080F3118808BC19680868B0E8E8
:10810000F04F1EF0100F08BFB0EC108A80F3098802
:10811000BFF36F8F704700BF006A0020034B0360FE
:10812000034B0B6078231360704700BF0082002070
:10813000207C0020034B0360034B0B604FF48073E3
:108140001360704748820020007E0020054B1A799A
:108150002AB99A71012218609A800348704703482F
:10816000704700BF908200200000AD0B0C00AD0BEB
:10817000094B1A68D20706D4E02283F800230122B3
:10818000C3F880211A604FF080430022C3F81825FD
:10819000024B01221A70704700E100E010900020AD
:1081A00082B018B101280ED002B070470C4B186095
:1081B0001B680093009B4FF080430222C3F8042306
:1081C00001229A60F0E7074B00221A601B680193B6
:1081D000019B4FF08043C3F804031860E4E700BF3D
:1081E000040100400001004010B101280AD070478E
:1081F0000D4B01221A604FF08042D2F81834DB0395
:10820000FBD47047094B4FF080421860D2F80C3411
:10821000D2F80C14C90303F0010301D5002BF5D1EA
:10822000034B00225A7170470C00004004000040CC
:10823000908200204FF0804382B0D3F80C2402F0EB
:108240000102CDF80320D3F80C14C9031CD5DAB110
:10825000D3F81824D20317D50D4A917901F0FF0005
:10826000A1B90C4908600968019101990A480821DF
:10827000C3F8041301239371084A02211160A2F686
:108280002442136002B070470548FBE70548F9E750
:10829000908200200C0100400000AD0B340C004027
:1082A0000500AD0B0B00AD0B4FF08043084A00F00A
:1082B0007F000021C3F8380582B011601268019276
:1082C000019A1022C3F8042301225A6102B07047B8
:1082D000100100401FB5274B1A687AB100221A60BE
:1082E0001B680093009B4FF080430122C3F80823D2
:1082F000214B587910B95A711B6898471F4B1A685F
:108300006AB100221A601B680193019B4FF0804301
:108310000222C3F80823184B01201B689847184B0A
:108320001A686AB100221A601B680293029B4FF020
:1083300080431022C3F808230F4B02201B68984784
:10834000104A13689BB1104900230B601360126838
:108350000392039A4FF080420821C2F80813064A9C
:1083600093711368032005B05DF804EB184705B05E
:108370005DF804FB000100409082002004010040F1
:10838000100100400C010040340C00400B46014637
:10839000184600F08FBF08B500F084FF08B500F064
:1083A00081FF08B500F07EFF08B500F07BFF0AB141
:1083B00000F0E6BF7047000008B50B68B3F1804FCE
:1083C00002D30D48FFF7EDFF93420BD9B3EB420FF9
:1083D0004FEA420006D2B0F1804F2ABF6FF040430F
:1083E00008600B600868013001D5FFF7D4FFBDE8D5
:1083F0000840FEF70FB800BFC2E3040050F8083B86
:10840000834202D01846FEF709B87047012A10B51A
:1084100002D10A78027010BDFFF7C9FFFBE708B56B
:10842000521AFFF7F3FF08BD81F0004102E000BFE0
:1084300083F0004330B54FEA41044FEA430594EA24
:10844000050F08BF90EA020F1FBF54EA000C55EA5F
:10845000020C7FEA645C7FEA655C00F0E2804FEA30
:108460005454D4EB5555B8BF6D420CDD2C4480EA12
:10847000020281EA030382EA000083EA010180EA42
:10848000020281EA0303362D88BF30BD11F0004F90
:108490004FEA01314FF4801C4CEA113102D04042C6
:1084A00061EB410113F0004F4FEA03334CEA133301
:1084B00002D0524263EB430394EA050F00F0A78019
:1084C000A4F10104D5F1200E0DDB02FA0EFC22FA14
:1084D00005F2801841F1000103FA0EF2801843FA08
:1084E00005F359410EE0A5F120050EF1200E012AF9
:1084F00003FA0EFC28BF4CF0020C43FA05F3C01837
:1085000051EBE37101F0004507D54FF0000EDCF1AF
:10851000000C7EEB00006EEB0101B1F5801F1BD358
:10852000B1F5001F0CD349085FEA30004FEA3C0C5C
:1085300004F101044FEA445212F5800F80F09A8052
:10854000BCF1004F08BF5FEA500C50F1000041EB56
:10855000045141EA050130BD5FEA4C0C404141EB5A
:108560000101013C28BFB1F5801FE9D291F0000F55
:1085700004BF01460020B1FA81F308BF2033A3F104
:108580000B03B3F120020CDA0C3208DD02F1140CFB
:10859000C2F10C0201FA0CF021FA02F10CE002F136
:1085A0001402D8BFC2F1200C01FA02F120FA0CFC2F
:1085B000DCBF41EA0C019040E41AA2BF01EB045178
:1085C000294330BD6FEA04041F3C1CDA0C340EDC76
:1085D00004F11404C4F1200220FA04F001FA02F3B9
:1085E00040EA030021FA04F345EA030130BDC4F177
:1085F0000C04C4F1200220FA02F001FA04F340EA6C
:108600000300294630BD21FA04F0294630BD94F01C
:10861000000F83F4801306BF81F480110134013D03
:108620004EE77FEA645C18BF7FEA655C29D094EA74
:10863000050F08BF90EA020F05D054EA000C04BFF2
:108640001946104630BD91EA030F1EBF00210020DD
:1086500030BD5FEA545C05D14000494128BF41F07C
:10866000004130BD14F580043CBF01F5801130BDE0
:1086700001F0004545F0FE4141F470014FF000006B
:1086800030BD7FEA645C1ABF194610467FEA655C1C
:108690001CBF0B46024650EA013406BF52EA0335BE
:1086A00091EA030F41F4002130BD00BF90F0000FAC
:1086B00004BF0021704730B54FF4806404F13204E8
:1086C0004FF000054FF0000150E700BF90F0000FA1
:1086D00004BF0021704730B54FF4806404F13204C8
:1086E00010F0004548BF40424FF000013EE700BF98
:1086F00042004FEAE2014FEA31014FEA02701FBF28
:1087000012F07F4393F07F4F81F06051704732F059
:108710007F4208BF704793F07F4F04BF41F40021B0
:10872000704730B54FF4607401F0004521F000410E
:108730001CE700BF50EA010208BF704730B54FF098
:1087400000050AE050EA010208BF704730B511F099
:10875000004502D5404261EB41014FF4806404F1D1
:1087600032045FEA915C3FF4D8AE4FF003025FEA57
:10877000DC0C18BF03325FEADC0C18BF033202EBDB
:10878000DC02C2F1200300FA03FC20FA02F001FA35
:1087900003FE40EA0E0021FA02F11444BDE600BFD8
:1087A00070B54FF0FF0C4CF4E06C1CEA11541DBF87
:1087B0001CEA135594EA0C0F95EA0C0F00F0DEF852
:1087C0002C4481EA030621EA4C5123EA4C5350EA37
:1087D000013518BF52EA033541F4801143F4801388
:1087E00038D0A0FB02CE4FF00005E1FB02E506F019
:1087F0000042E0FB03E54FF00006E1FB03569CF06E
:10880000000F18BF4EF0010EA4F1FF04B6F5007F73
:1088100064F5407404D25FEA4E0E6D4146EB0606E5
:1088200042EAC62141EA55514FEAC52040EA5E506E
:108830004FEACE2EB4F1FD0C88BFBCF5E06F1ED818
:10884000BEF1004F08BF5FEA500E50F1000041EB4F
:10885000045170BD06F0004646EA010140EA0200FC
:1088600081EA0301B4EB5C04C2BFD4EB0C0541EA1E
:10887000045170BD41F480114FF0000E013C00F333
:10888000AB8014F1360FDEBF002001F0004170BD57
:10889000C4F10004203C35DA0C341BDC04F1140470
:1088A000C4F1200500FA05F320FA04F001FA05F2FC
:1088B00040EA020001F0004221F0004110EBD370C9
:1088C00021FA04F642EB06015EEA430E08BF20EAF5
:1088D000D37070BDC4F10C04C4F1200500FA04F398
:1088E00020FA05F001FA04F240EA020001F000412A
:1088F00010EBD37041F100015EEA430E08BF20EA9D
:10890000D37070BDC4F1200500FA05F24EEA020EE4
:1089100020FA04F301FA05F243EA020321FA04F013
:1089200001F0004121FA04F220EA020000EBD370CA
:108930005EEA430E08BF20EAD37070BD94F0000FCA
:108940000FD101F00046400041EB010111F4801FFE
:1089500008BF013CF7D041EA060195F0000F18BFAF
:10896000704703F00046520043EB030313F4801FEB
:1089700008BF013DF7D043EA0603704794EA0C0FA5
:108980000CEA135518BF95EA0C0F0CD050EA4106BB
:1089900018BF52EA4306D1D181EA030101F0004138
:1089A0004FF0000070BD50EA410606BF1046194660
:1089B00052EA430619D094EA0C0F02D150EA01366C
:1089C00013D195EA0C0F05D152EA03361CBF1046AD
:1089D00019460AD181EA030101F0004141F0FE414C
:1089E00041F470014FF0000070BD41F0FE4141F4D0
:1089F000780170BD70B54FF0FF0C4CF4E06C1CEAD0
:108A000011541DBF1CEA135594EA0C0F95EA0C0F84
:108A100000F0A7F8A4EB050481EA030E52EA03353F
:108A20004FEA013100F088804FEA03334FF0805560
:108A300045EA131343EA12634FEA022245EA11158D
:108A400045EA10654FEA00260EF000419D4208BF3E
:108A5000964244F1FD0404F5407402D25B084FEAEB
:108A60003202B61A65EB03055B084FEA32024FF497
:108A700080104FF4002CB6EB020E75EB030E22BFF4
:108A8000B61A754640EA0C005B084FEA3202B6EBB4
:108A9000020E75EB030E22BFB61A754640EA5C0063
:108AA0005B084FEA3202B6EB020E75EB030E22BFF3
:108AB000B61A754640EA9C005B084FEA3202B6EBF4
:108AC000020E75EB030E22BFB61A754640EADC00B3
:108AD00055EA060E18D04FEA051545EA16754FEA15
:108AE00006164FEAC30343EA52734FEAC2025FEA33
:108AF0001C1CC0D111F4801F0BD141EA00014FF0C2
:108B000000004FF0004CB6E711F4801F04BF014392
:108B10000020B4F1FD0C88BFBCF5E06F3FF6AFAEAE
:108B2000B5EB030C04BFB6EB020C5FEA500C50F13E
:108B3000000041EB045170BD0EF0004E4EEA1131C1
:108B400014EB5C04C2BFD4EB0C0541EA045170BDC8
:108B500041F480114FF0000E013C90E645EA060E0C
:108B60008DE60CEA135594EA0C0F08BF95EA0C0F3A
:108B70003FF43BAF94EA0C0F0AD150EA01347FF482
:108B800034AF95EA0C0F7FF425AF104619462CE759
:108B900095EA0C0F06D152EA03353FF4FDAE1046BC
:108BA000194622E750EA410618BF52EA43067FF40D
:108BB000C5AE50EA41047FF40DAF52EA43057FF49D
:108BC000EBAE12E74FF0FF3C06E000BF4FF0010CA8
:108BD00002E000BF4FF0010C4DF804CD4FEA410C0C
:108BE0007FEA6C5C4FEA430C18BF7FEA6C5C1BD0D9
:108BF00001B050EA410C0CBF52EA430C91EA030F5A
:108C000002BF90EA020F0020704710F1000F91EAB6
:108C1000030F58BF994208BF90422CBFD8176FEA84
:108C2000E37040F0010070474FEA410C7FEA6C5C52
:108C300002D150EA013C07D14FEA430C7FEA6C5C59
:108C4000D6D152EA033CD3D05DF8040B704700BF85
:108C50008446104662468C461946634600E000BFD3
:108C600001B5FFF7B7FF002848BF10F1000F01BDA5
:108C70004DF808EDFFF7F4FF0CBF012000205DF870
:108C800008FB00BF4DF808EDFFF7EAFF34BF0120F5
:108C900000205DF808FB00BF4DF808EDFFF7E0FF8E
:108CA00094BF012000205DF808FB00BF4DF808EDDF
:108CB000FFF7CEFF94BF012000205DF808FB00BF46
:108CC0004DF808EDFFF7C4FF34BF012000205DF828
:108CD00008FB00BF4FEA410C7FEA6C5C02D150EA0E
:108CE000013C0AD14FEA430C7FEA6C5C02D152EAA4
:108CF000033C02D14FF0000070474FF00100704775
:108D00004FEA410212F5001215D211D56FF47873B3
:108D1000B3EB625212D94FEAC12343F0004343EA56
:108D2000505311F0004F23FA02F018BF4042704731
:108D30004FF00000704750EA013005D111F00040BB
:108D400008BF6FF0004070474FF00000704700BF51
:108D50004A0011D212F5001211D20DD56FF47873BA
:108D6000B3EB62520ED44FEAC12343F0004343EA0F
:108D7000505323FA02F070474FF00000704750EA5A
:108D8000013002D14FF0FF3070474FF000007047C4
:108D90004FEA4102B2F1E04324BFB3F5001CDCF11D
:108DA000FE5C0DD901F0004C4FEAC0024CEA507055
:108DB000B2F1004F40EB830008BF20F00100704784
:108DC00011F0804F21D113F13872BCBF01F0004087
:108DD000704741F480114FEA5252C2F11802C2F1B9
:108DE000200C10FA0CF320FA02F018BF40F001003A
:108DF0004FEAC1234FEAD32303FA0CFC40EA0C00EC
:108E000023FA02F34FEA4303CCE77FEA625307D128
:108E100050EA01331EBF4FF0FE4040F4400070475F
:108E200001F0004040F0FE4040F40000704700BFF9
:108E30007BB972B90029BEBF00204FF0004106E0A7
:108E400008BF00281CBF6FF000414FF0FF3000F05A
:108E500027BAADF1080C6DE904CE002909DB002B1F
:108E60001ADB00F0BBF8DDF804E0DDE9022304B012
:108E70007047404261EB4101002B1BDB00F0AEF874
:108E8000DDF804E0DDE9022304B0404261EB41017A
:108E9000524263EB43037047524263EB430300F0DB
:108EA0009DF8DDF804E0DDE9022304B0404261EB07
:108EB00041017047524263EB430300F08FF8DDF845
:108EC00004E0DDE9022304B0524263EB4303704740
:108ED00053B94AB9002908BF00281CBF4FF0FF3121
:108EE0004FF0FF3000F0DCB9ADF1080C6DE904CEB5
:108EF00000F074F8DDF804E0DDE9022304B0704707
:108F0000430803F05533C01A830803F0333300F0ED
:108F10003330184400EB101000F00F3000EB00204D
:108F200000EB0040000E704742084B0802F055323B
:108F300003F05533801AC91A82088B0802F03332C5
:108F400001F0333100F0333003F0333310440B447D
:108F500000EB101003EB131300F00F3203F00F308F
:108F6000104400EB002000EB0040000E704700BFF3
:108F700038B50022002304460D46FFF783FE28B9CA
:108F800020462946BDE8384000F00AB8204605F1E1
:108F9000004100F005F8404261EB410138BD00BFDF
:108FA000D0B50C4B002206460F46FFF7F9FBFFF742
:108FB000CFFE0446FFF77AFB074B0022FFF7F0FBDA
:108FC00002460B4630463946FFF732FAFFF7C0FE3D
:108FD0002146D0BD0000F03D0000F0412DE9F047F2
:108FE000089D04468C46002B40F083808A42174639
:108FF00047D9B2FA82F242B1C2F1200024FA00F05D
:109000009140974040EA010C94404FEA1748230CE6
:10901000BCFBF8F61FFA87FE08FB16C143EA0143C2
:1090200006FB0EF1994209D9FB1806F1FF3080F0DA
:109030001981994240F21681023E3B445B1AA4B268
:10904000B3FBF8F008FB103344EA034400FB0EFEC8
:10905000A64509D93C1900F1FF3380F00581A645EA
:1090600040F2028102383C4440EA0640A4EB0E0480
:1090700000261DB1D4400023C5E900433146BDE8B8
:10908000F08702B9FFDEB2FA82F2002A50D1CB1B80
:109090004FEA174E1FFA87F80126B3FBFEFC210C9E
:1090A0000EFB1C3341EA034108FB0CF38B4207D94A
:1090B00079180CF1FF3002D28B4200F2E98084462D
:1090C000C91AA3B2B1FBFEF00EFB101143EA014432
:1090D00008FB00F8A04507D93C1900F1FF3302D284
:1090E000A04500F2D9801846A4EB080440EA0C40E1
:1090F000BFE78B4209D9002D00F0B1800026C5E9F9
:10910000000130463146BDE8F087B3FA83F6002E01
:109110004AD18B4202D3824200F2B880841A61EBBA
:10912000030101208C46002DA8D0C5E9004CA5E71D
:10913000C2F1200320FA03F6974001FA02F04FEA49
:10914000174ED9403043030CB1FBFEF61FFA87F8E7
:109150000EFB161143EA014306FB08F1994204FA9B
:1091600002F409D9FB1806F1FF3C80F08D8099428A
:1091700040F28A80023E3B445B1A81B2B3FBFEF0B0
:109180000EFB103341EA034100FB08F38B4207D981
:10919000791800F1FF3C73D28B4271D902383944FF
:1091A000CB1A40EA064678E7C6F1200C03FA06F42B
:1091B00022FA0CF31C4320FA0CF701FA06F34FEAEB
:1091C000144E21FA0CF11F433B0CB1FBFEF91FFAC0
:1091D00084F80EFB191143EA014109FB08FA8A459C
:1091E00002FA06F200FA06F308D9611809F1FF3015
:1091F00048D28A4546D9A9F102092144A1EB0A01C6
:10920000BFB2B1FBFEF00EFB101147EA014700FBB5
:1092100008F8B84507D9E71900F1FF312ED2B84553
:109220002CD90238274440EA0940A7EB0807A0FBE5
:1092300002894F45C64649461AD317D05DB1B3EBF4
:109240000E0267EB010707FA0CFCF2404CEA02023F
:10925000F740C5E9002700263146BDE8F0872E46D5
:1092600028460BE70646E9E61846FDE64345E5D203
:10927000B8EB020E69EB04010138DFE70846D2E7DC
:1092800060468DE78146B9E7664675E730464AE7AE
:10929000ACF1020C394413E702383C4424E700BF28
:1092A000704700BF08B5062000F090FA012000F0DA
:1092B000F9FB000010B5054C13462CB10A460146D7
:1092C0000220AFF3008010BD2046FCE70000000044
:1092D00008B5074B044613B10021AFF30080054BDE
:1092E0001868836A03B19847204600F0DBFB00BF93
:1092F00000000000DCE3040070B50D4D0D4C641B54
:10930000A4100026A64209D10B4D0C4C00F0CCFB5A
:10931000641BA4100026A64205D170BD55F8043B7D
:1093200098470136EEE755F8043B98470136F2E7D7
:10933000843600208436002084360020B436002095
:1093400010B50C4600F0D6F9A088638803EB004006
:1093500010BD0000024B01461868FFF7F1BF00BFC7
:109360002036002030B501390024A24201D100206E
:1093700005E0035D01340D5DAB42F6D0581B30BDF6
:109380000A44914200F1FF3300D1704710B511F843
:10939000014B03F8014F9142F9D110BD884210B53D
:1093A00001EB020402D98442234607D8431EA1429E
:1093B00008D011F8012B03F8012FF8E70244014609
:1093C0008A4200D110BD13F8014D02F8014DF7E7B4
:1093D00002440346934200D1704703F8011BF9E7AA
:1093E000022B10B50AD09208013A03680C6840F8C5
:1093F000044B002A41F8043BF6DC10BD02440C7813
:10940000037800F8014B01F8013B131A002BF6DC3E
:10941000F3E7F8B50F46144606461D469847002860
:10942000214638460CDAA847002802DA3C46204696
:10943000F8BD21463046A8470028F8DB3446F6E759
:10944000A8470028F2DC21463046A8470028EEDA7B
:10945000F4E72DE9F04F9A4640EA02039B0797B0E4
:10946000064614461AD1B2F1040818BF4FF001089D
:1094700000230293331904FB01F70193062906EB3D
:10948000070303932AD8019B039A934210D3029BAC
:10949000002B40F01F8117B0BDE8F08F4FF002089D
:1094A000E6E74346224639462846FFF799FF0EE095
:1094B000019D0DE02F1B29463846D047002809DDC5
:1094C000B8F1000FEDD12B683A682A603B603D4649
:1094D000AE42EFD3019B23440193D4E74FEA5109F5
:1094E0003F1B072904FB0969374422D0282945D9A5
:1094F000C90804FB01F5534606EB450271193046D5
:10950000FFF787FF494609EB050253468346481B90
:10951000FFF77FFF3A4681465346791BA7EB45008C
:10952000FFF777FF0246494653465846FFF771FF5B
:109530008146B8F1000F24D13368D9F80020326099
:10954000C9F8003006EB040BB9465D460023BB4565
:1095500035D8314658460493D0470028049B3EDC5A
:109560000AD1B8F1000F13D12B68DBF800202A6074
:10957000CBF8003025440123A344E8E73A46B3463C
:10958000D1E74346224649463046FFF729FFD9E74F
:109590004346224659462846FFF722FFEAE70BD109
:1095A000B8F1000F14D13B68D9F800203A60C9F82F
:1095B0000030A9EB04090123049FBB450FD9002B00
:1095C00043D1019B039A9342BFF461AF019D36E002
:1095D0004346224649463846FFF702FFE9E731464F
:1095E00038460593D0473B1B00280493059BD6DAE9
:1095F000B8F1000F06D04346224639465846FFF7D9
:10960000EFFE05E0DBF800303A68CBF800203B6065
:10961000049FB0E74346224639462846FFF7E0FE5E
:109620000CE02F1B29463846D047002809DDB8F149
:10963000000FEFD12B683A682A603B603D46AE428E
:10964000EFD3019B23440193BBE7ABEB0503AA1BBC
:109650009A42A8BF1A4601932AB14346ABEB0201D6
:109660003046FFF7BDFE039BA3EB0902A9EB0707FA
:10967000121BBA4228BF3A462AB103994346891AB7
:109680005846FFF7ADFEDDF80490039B4F45A3EB72
:10969000070004D93346B946019F06461846A7423B
:1096A00021D9B7FBF4F1029B072B0DD8B9FBF4F7D6
:1096B00016AA02EBC30343F8406C43F83C7C029BC0
:1096C000013302930646D5E653462246FFF7C1FE14
:1096D000A1450BD8029B16AA013B029302EBC303E0
:1096E00053E91001EEE7A1457FF6D1AEB9FBF4F1E5
:1096F0003046E7E7F8B5836B05460C46B3B918204A
:10970000FBF7B7FC0246A86320B9174B17488B211B
:10971000FDF72CF91649174BC0E90013164B83606F
:109720000B23838100210120C2E90401A86B268854
:10973000B0F808C0C7886588A288818906FB0CF349
:1097400007FB053305FB0CF507FB0255428906FBB9
:10975000071103EB114306FB025202EB1342218077
:109760006380A280F8BD00BFE0E30400F7E30400DB
:109770000E33CDAB34126DE6ECDE05001F2938B593
:1097800004460D4604D9162303604FF0FF3038BD60
:10979000426C12B152F821304BB9204600F030F83B
:1097A0002A4601462046BDE8384000F017B8012B94
:1097B0000AD0591C03D1162303600120E7E70024D7
:1097C00042F82540284698470020E0E7024B014632
:1097D0001868FFF7D3BF00BF2036002038B5074D0B
:1097E00000230446084611462B6000F053F9431C41
:1097F00002D12B6803B1236038BD00BF1490002054
:1098000000F040B9C9B2034610F8012B1AB18A42E0
:10981000F9D118467047002918BF0023F9E703461D
:1098200013F8012B002AFBD1181A013870470000E9
:109830002DE9F04F85B09146494A039088461E466F
:109840000D462B4615F8014BA75C17F00807F8D119
:109850002D2C4AD12C7801279D1C002E7CD0102E57
:1098600009D1302C07D12B7803F0DF03582B6ED1B0
:109870006C78102602354FEAE67B32465B464FF0A5
:10988000FF304FF0FF31FFF723FBCDE900013246F7
:109890005B464FF0FF304FF0FF31FFF719FBB24648
:1098A0009646002300200021A4F1300CBCF1090FE2
:1098B00020D86446A6422EDD002B29DBDDE90023FB
:1098C0008B4208BF824223D301D1A64520DB0AFB8D
:1098D00001F300FB0B33AAFB00011944001941EB13
:1098E000E471012315F8014BDEE72B2C04BF2C7823
:1098F0009D1CB2E7A4F1410CBCF1190F01D8373C13
:10990000D8E7A4F1610CBCF1190F04D8573CD1E79A
:109910004FF0FF33E6E7002B0CDA039A22231360A3
:109920004FF0FF304FF0FF31B9F1000F0AD105B011
:10993000BDE8F08F17B1404261EB4101B9F1000F72
:10994000F5D00BB105F1FF38C9F80080EFE73024FE
:10995000002E90D108268EE7302C84D00A268AE784
:1099600053E4040013460A46014602480068FFF724
:109970005FBF00BF203600202DE9F0433B4E8646F6
:109980008C4660461CF8014BA55D15F00805F8D122
:109990002D2C34D19CF800404FF0010800F1020C4E
:1099A000002B5ED0102B0CD1302C0AD19CF800007B
:1099B00000F0DF0058284FD19CF8014010230CF133
:1099C000020C4FF0FF370025B7FBF3F703FB07F955
:1099D0006FEA09092846A4F13006092E18D8344642
:1099E000A34224DD002D1FDB87421DD301D1A145F9
:1099F0001ADB00FB034001251CF8014BEBE72B2C85
:109A000008BF9CF80040A84608BF00F1020CC7E759
:109A1000A4F14106192E01D8373CE1E7A4F1610613
:109A2000192E04D8573CDBE74FF0FF35E4E7002D53
:109A300007DA2223CEF800304FF0FF3042B9BDE8FC
:109A4000F083B8F1000F00D04042002AF7D00DB1EA
:109A50000CF1FF311160F2E73024002BB1D1082363
:109A6000AFE7302CA2D00A23ABE700BF53E40400D9
:109A700013460A46014602480068FFF77DBF00BF53
:109A800020360020024B58221A604FF0FF307047FA
:109A900014900020024B58221A604FF0FF3070479C
:109AA00014900020FEE700BFF8B500BFF8BC08BC6A
:109AB0009E467047F8B500BFF8BC08BC9E4670478C
:109AC0000000000001000000020000000300000090
:109AD0000400000005000000060000000700000070
:109AE00008000000090000000A0000000B00000050
:109AF0000C0000000D0000000E0000000F00000030
:109B0000100000001100000012000000130000000F
:109B100014000000150000001600000017000000EF
:109B200018000000190000001A0000001B000000CF
:109B30001C0000001D0000001E0000001F000000AF
:109B4000200000002100000022000000230000008F
:109B5000240000002500000026000000270000006F
:109B600028000000290000002A0000002B0000004F
:109B70002C0000002D0000002E0000002F0000002F
:109B800056616C766520482D627269646765206352
:109B90006F6E74726F6C20696E697469616C697A3A
:109BA0006564202D20536C65657020737461746545
:109BB0002028302B3029004F50454E00434C4F5346
:109BC0004500496E76616C69642076616C7665202B
:109BD0006E756D6265723A200053657474696E67C4
:109BE0002056616C7665200020746F3A2000206F4B
:109BF0007065726174696F6E20636F6D706C6574EF
:109C00006500496E76616C69642076616C766520CA
:109C10006E756D62657220666F7220746F67676C17
:109C2000653A20004F544120737570706F72742034
:109C3000696E697469616C697A6564004F5441208A
:109C40005365727669636520555549443A2031322F
:109C50003334353637382D313233342D31323334D5
:109C60002D313233342D31323334353637383941B2
:109C70004333004F544120436F6E74726F6C205514
:109C80005549443A2031323334353637382D313264
:109C900033342D313233342D313233342D313233AC
:109CA000343536373839414331004F54412044610F
:109CB000746120555549443A2031323334353637B2
:109CC000382D313233342D313233342D3132333477
:109CD0002D31323334353637383941433200436C15
:109CE00065616E6564207570206162616E646F6E7F
:109CF0006564204F54412062756666657200436F4B
:109D00006E6E656374656400446973636F6E6E653F
:109D100063746564004641494C4544004261747473
:109D20006572793A200020562028002529005465C4
:109D30006D703A200048756D3A2000466C6F7720B0
:109D400070756C7365733A20005553423A20004297
:109D50004C4520436F6E6E656374656420636C6967
:109D6000656E74733A2000457865637574696E6733
:109D70002064656C617965642061647665727469DC
:109D800073696E6720726573746172742E2E2E0073
:109D900047525356433100313830460041647665AE
:109DA00072746973696E672072657374617274206E
:109DB000726573756C743A2000446576696365203A
:109DC0006E616D65202747525356433127207265D7
:109DD0002D6164766572746973656420776974684F
:109DE00020656E68616E6365642064617461004E15
:109DF0006F206164766572746973696E672064654B
:109E0000746563746564202D207265737461727467
:109E1000696E6720696D6D6564696174656C792E22
:109E20002E2E003241313900313831410032413675
:109E30004500324136460031323334353637382D1D
:109E4000313233342D313233342D313233342D31FC
:109E500032333435363738394142430031323334C6
:109E6000353637382D313233342D313233342D31CC
:109E70003233342D31323334353637383941424478
:109E80000031323334353637382D313233342D31D9
:109E90003233342D313233342D3132333435363799
:109EA00038394142450031323334353637382D3177
:109EB0003233342D313233342D313233342D31328B
:109EC0003334353637383941424600313233343550
:109ED0003637382D313233342D313233342D31325F
:109EE00033342D313233343536373839414330004D
:109EF00031383041003241303000324132360031A9
:109F00002E302E3000424C45206465766963652012
:109F10006163746976652C20616476657274697317
:109F2000696E6720737461727465643A20005761CA
:109F30006974696E6720666F7220636F6E6E656309
:109F400074696F6E732E2E2E0044657669636520EA
:109F50006E616D6520274752535643312720736841
:109F60006F756C64206E6F77206170706561722010
:109F7000696E2057656220426C7565746F6F7468F6
:109F800020646576696365207069636B657200455E
:109F90006E68616E6365642061647665727469736E
:109FA000696E673A204E616D6520696E20626F743C
:109FB00068206164766572746973656D656E74207E
:109FC000616E64207363616E20726573706F6E736F
:109FD0006520646174610000000000000000000062
:109FE000F9620200FB6202003F7F0200417F020033
:109FF000437F0200457F02005D7F02004D7F02002B
:10A000004D7F02004D7F02004F7F020000000000E4
:10A0100000000000F762020007630200E579020019
:10A02000E5790200E7790200E9790200000000000A
:10A0300000000000F562020013630200E5790200EF
:10A04000E5790200E7790200E979020063616E6E4A
:10A050006F7420637265617465207374643A3A7634
:10A060006563746F72206C617267657220746861D9
:10A070006E206D61785F73697A6528290076656363
:10A08000746F723A3A5F4D5F72616E67655F696EB9
:10A09000736572740062617369635F737472696E71
:10A0A000673A3A5F4D5F636F6E73747275637420C5
:10A0B0006E756C6C206E6F742076616C6964000044
:10A0C0000000000000000000000000000000000090
:10A0D0008D6904008D69040000000000000000008C
:10A0E000157A0200557A0200CF790200F779020052
:10A0F0000000000000000000CD790200EB790200B2
:10A10000E5790200E5790200E7790200E9790200C9
:10A110000000000000000000AF7B0200B17B0200E5
:10A12000AD7B0200AD7B02000000000000000000DB
:10A13000D57B0200E97B0200037C020000000000E6
:10A1400000000000057F02000B7F0200077F020075
:10A15000077F0200097F0200766563746F723A3AE6
:10A160005F4D5F7265616C6C6F635F696E73657282
:10A170007400000000000000000000003D7F0200AD
:10A18000517F02003F7F0200417F0200437F0200B7
:10A19000457F02005D7F02004D7F02004D7F02007F
:10A1A0004D7F02004F7F0200FB349B5F80000080E8
:10A1B0000010000000000000282875696E7433321A
:10A1C0005F7429647074722026203329203D3D205D
:10A1D00030002E70696F5C6C6962646570735C70CE
:10A1E000726F5F6D6963726F5F6E7266353238349D
:10A1F000305C4E696D424C452D41726475696E6FDD
:10A200005C7372635C6E696D626C655C6E696D62D5
:10A210006C655C647269766572735C6E72663578C3
:10A220005C7372635C626C655F7068792E63006357
:10A2300068616E203C20424C455F5048595F4E5546
:10A240004D5F4348414E530028284E52465F5241CD
:10A2500044494F5F547970652A2920307834303072
:10A260003031303030554C292D3E4556454E5453F3
:10A270005F454E44207C7C202828675F626C655FC8
:10A280007068795F646174612E7068795F7374615E
:10A290007465203D3D20283129292026262021676C
:10A2A0005F626C655F7068795F646174612E70686D
:10A2B000795F72785F7374617274656429004E52BD
:10A2C000465F524144494F2D3E4556454E54535FDB
:10A2D00052535349454E4420213D20300074726151
:10A2E0006E736974696F6E203D3D20424C455F502E
:10A2F00048595F5452414E534954494F4E5F4E4F57
:10A300004E4500626C655F7068795F727870647545
:10A310005F636F707900626C655F7068795F7478F5
:10A320005F656E645F69737200626C655F70687907
:10A330005F72785F656E645F69737200626C655FFF
:10A340007068795F69737200626C655F7068795FCD
:10A350007365746368616E000406080A0C0E1012BF
:10A360001416181C1E20222426282A2C2E303234A3
:10A3700036383A3C3E40424446484A4C4E021A5017
:10A38000110602111606021B050403050304030946
:10A3900075756964313620213D2030002E70696F5B
:10A3A0005C6C6962646570735C70726F5F6D696329
:10A3B000726F5F6E726635323834305C4E696D4252
:10A3C0004C452D41726475696E6F5C7372635C6E8F
:10A3D000696D626C655C6E696D626C655C686F73FB
:10A3E000745C73657276696365735C6761705C73D6
:10A3F00072635C626C655F7376635F6761702E6326
:10A40000007263203D3D203000626C655F737663AF
:10A410005F6761705F6465766963655F6E616D65D6
:10A420005F77726974655F61636365737300626C03
:10A43000655F7376635F6761705F6170706561729D
:10A44000616E63655F77726974655F61636365738D
:10A450007300626C655F7376635F6761705F6163F1
:10A460006365737300626C655F7376635F676170C9
:10A470005F696E6974000000010000002034002054
:10A48000000000002C34002000000000000000004C
:10A490000000000000000000637478742D3E6F70AF
:10A4A000203D3D20424C455F474154545F4143436A
:10A4B0004553535F4F505F524541445F43485200FC
:10A4C0002E70696F5C6C6962646570735C70726F2A
:10A4D0005F6D6963726F5F6E726635323834305CFF
:10A4E0004E696D424C452D41726475696E6F5C73A7
:10A4F00072635C6E696D626C655C6E696D626C65E1
:10A500005C686F73745C73657276696365735C67AE
:10A510006174745C7372635C626C655F7376635FB5
:10A52000676174742E6300637478742D3E6368727F
:10A53000203D3D2026626C655F7376635F676174C2
:10A54000745F646566735B305D2E6368617261631E
:10A550007465726973746963735B305D00626C6506
:10A560005F7376635F676174745F61636365737360
:10A5700000626C655F7376635F676174745F696EB8
:10A580006974000001000000A034002000000000F9
:10A59000B0340020000000000000000000000000B7
:10A5A0000000000001000000E99D02000200000020
:10A5B00053AA0200030000009B9E0200040000005A
:10A5C00041AB020005000000379F020006000000BA
:10A5D0005DAC02000700000029A002000800000096
:10A5E00049AE020009000000CDA002000A000000F0
:10A5F000E5AF02000B00000081A102000C0000008A
:10A6000063B002000D000000C1A102000E000000B6
:10A61000E5B002000F000000CFA102001000000012
:10A6200095B202001100000033A2020012000000E7
:10A630009DB4020013000000C7A202001600000033
:10A64000ADB602001700000031A3020018000000A0
:10A6500021B8020019000000A1A302001B000000A5
:10A6600069B902001D000000B5B902001E0000001B
:10A670002FA402002000000097B10200210000007A
:10A68000E3A1020023000000B1B902005200000063
:10A690002FB50200D200000061B502002E70696F74
:10A6A0005C6C6962646570735C70726F5F6D696326
:10A6B000726F5F6E726635323834305C4E696D424F
:10A6C0004C452D41726475696E6F5C7372635C6E8C
:10A6D000696D626C655C6E696D626C655C686F73F8
:10A6E000745C7372635C626C655F6174745F636DEC
:10A6F000642E6300626C655F6174745F74785F7769
:10A700006974685F636F6E6E00626C655F6174741C
:10A710005F7376725F656E7472795F706F6F6C00D5
:10A72000626C655F6174745F7376725F707265707E
:10A730005F656E7472795F706F6F6C002E70696FF9
:10A740005C6C6962646570735C70726F5F6D696385
:10A75000726F5F6E726635323834305C4E696D42AE
:10A760004C452D41726475696E6F5C7372635C6EEB
:10A77000696D626C655C6E696D626C655C686F7357
:10A78000745C7372635C626C655F6761702E6300FA
:10A79000626C655F6761705F7570646174650062AB
:10A7A0006C655F6761705F72785F636F6E6E5F6329
:10A7B0006F6D706C657465002A6F6D002E70696F27
:10A7C0005C6C6962646570735C70726F5F6D696305
:10A7D000726F5F6E726635323834305C4E696D422E
:10A7E0004C452D41726475696E6F5C7372635C6E6B
:10A7F000696D626C655C6E696D626C655C686F73D7
:10A80000745C7372635C626C655F67617474632E01
:10A81000630069203D3D2070726F632D3E7265615B
:10A82000645F6D756C742E6E756D5F68616E646CBF
:10A83000657300636964203D3D20424C455F4C32A6
:10A840004341505F4349445F41545400626C655F2B
:10A8500067617474635F70726F635F706F6F6C00B9
:10A86000100003281000022810000028626C655FA9
:10A8700067617474635F726561645F6D756C745F4A
:10A8800063625F76617200626C655F6761747463B6
:10A890005F72785F6D747500C1D30200F7D3020058
:10A8A00037D4020075D40200B7D40200F5D40200F8
:10A8B00037D5020075D50200CFD5020005D60200BB
:10A8C000CFD80200D5D8020045D7020025D9020012
:10A8D00079DF02008BDB02000000000035DF0200A0
:10A8E00011DF02008DDE020069DE020045DE02009B
:10A8F00035E2020000000000000000002BE0020032
:10A90000000000000000000000000000B3DD0200B5
:10A9100091DD0200000000000D0000003BD60200A7
:10A920000E00000089D602000D000000D5DD0200F7
:10A930000E0000009DDF0200070000007BD5020032
:10A94000090000004FE0020003000000B1DE020039
:10A950000300000003E1020004000000D7E0020051
:10A9600005000000ABE002000800000043DD02002B
:10A970000300000021DC020004000000B9DB02003B
:10A980000500000099DC02000800000049DB02001D
:10A99000B7D30200EDD302002DD402006BD4020025
:10A9A000ADD40200EBD402002DD502006BD502001D
:10A9B000C5D50200FBD50200C5D8020071D802003F
:10A9C0003DD7020033D6020081D6020001D7020033
:10A9D000626C655F67617474735F636C745F6366F8
:10A9E000675F706F6F6C0000100003282E70696F36
:10A9F0005C6C6962646570735C70726F5F6D6963D3
:10AA0000726F5F6E726635323834305C4E696D42FB
:10AA10004C452D41726475696E6F5C7372635C6E38
:10AA2000696D626C655C6E696D626C655C686F73A4
:10AA3000745C7372635C626C655F68732E63006242
:10AA40006C655F68735F6863695F65765F706F6F81
:10AA50006C00626C655F68735F74696D65725F65D9
:10AA6000787000626C655F68735F6576656E745FB1
:10AA700073746172745F73746167653200626C65D0
:10AA80005F68735F737461727400626C655F687392
:10AA90005F696E6974002E70696F5C6C69626465D1
:10AAA00070735C70726F5F6D6963726F5F6E7266F8
:10AAB00035323834305C4E696D424C452D417264FC
:10AAC00075696E6F5C7372635C6E696D626C655CF8
:10AAD0006E696D626C655C686F73745C7372635CE5
:10AAE000626C655F68735F636F6E6E2E6300626C8D
:10AAF000655F68735F636F6E6E5F706F6F6C00622F
:10AB00006C655F68735F636F6E6E5F6164647273C0
:10AB1000000000000000006F67663D30782530328D
:10AB2000782C206F63663D3078253034782C206394
:10AB30006F72655F6572723D30782530325820251E
:10AB4000730A006F67663D3078253032782C206FAD
:10AB500063663D3078253034782C206863695F6502
:10AB600072723D3078253032582025730A00626CAD
:10AB7000655F68735F6863695F66726167003A204A
:10AB8000424C455F4552525F554E4B4E4F574E5FBC
:10AB90004843495F434D442028556E6B6E6F776E76
:10ABA0002048434920436F6D6D616E6429003A204F
:10ABB000424C455F4552525F554E4B5F434F4E4EA0
:10ABC0005F49442028556E6B6E6F776E20436F6E21
:10ABD0006E656374696F6E204964656E7469666939
:10ABE000657229003A20424C455F4552525F4857F2
:10ABF0005F4641494C202848617264776172652044
:10AC00004661696C75726529003A20424C455F4582
:10AC100052525F504147455F544D4F202850616765
:10AC2000652054696D656F757429003A20424C4562
:10AC30005F4552525F415554485F4641494C202878
:10AC400041757468656E7469636174696F6E2046DE
:10AC500061696C75726529003A20424C455F455226
:10AC6000525F50494E4B45595F4D495353494E47EA
:10AC7000202850494E206F72204B6579204D697312
:10AC800073696E6729003A20424C455F4552525F16
:10AC90004D454D5F434150414349545920284D652E
:10ACA0006D6F7279204361706163697479204578B2
:10ACB00063656564656429003A20424C455F4552EE
:10ACC000525F434F4E4E5F5350564E5F544D4F2090
:10ACD00028436F6E6E656374696F6E2054696D658D
:10ACE0006F757429003A20424C455F4552525F43CC
:10ACF0004F4E4E5F4C494D49542028436F6E6E6550
:10AD00006374696F6E204C696D6974204578636562
:10AD10006564656429003A20424C455F4552525FA4
:10AD200053594E43485F434F4E4E5F4C494D495433
:10AD3000202853796E6368726F6E6F757320436F4E
:10AD40006E6E656374696F6E204C696D6974205412
:10AD50006F204120446576696365204578636565A9
:10AD600064656429003A20424C455F4552525F4178
:10AD7000434C5F434F4E4E5F455849535453202830
:10AD800041434C20436F6E6E656374696F6E204162
:10AD90006C72656164792045786973747329003A2F
:10ADA00020424C455F4552525F434D445F444953F6
:10ADB000414C4C4F5745442028436F6D6D616E6484
:10ADC00020446973616C6C6F77656429003A204296
:10ADD0004C455F4552525F434F4E4E5F52454A5F6E
:10ADE0005245534F55524345532028436F6E6E656D
:10ADF0006374696F6E2052656A656374656420646C
:10AE0000756520746F204C696D69746564205265A6
:10AE1000736F757263657329003A20424C455F4534
:10AE200052525F434F4E4E5F52454A5F5345435522
:10AE3000524954592028436F6E6E656374696F6E72
:10AE40002052656A65637465642044756520546F9B
:10AE500020536563757269747920526561736F6EF2
:10AE60007329003A20424C455F4552525F434F4E92
:10AE70004E5F52454A5F42445F414444522028435A
:10AE80006F6E6E656374696F6E2052656A65637478
:10AE900065642064756520746F20556E6163636519
:10AEA000707461626C652042445F414444522900E1
:10AEB0003A20424C455F4552525F434F4E4E5F41F0
:10AEC00043434550545F544D4F2028436F6E6E6589
:10AED0006374696F6E204163636570742054696D9B
:10AEE000656F757420457863656564656429003A0B
:10AEF00020424C455F4552525F554E535550504F7E
:10AF0000525445442028556E737570706F72746585
:10AF1000642046656174757265206F72205061729D
:10AF2000616D657465722056616C756529003A2003
:10AF3000424C455F4552525F494E565F4843495F18
:10AF4000434D445F5041524D532028496E76616C09
:10AF500069642048434920436F6D6D616E642050E1
:10AF60006172616D657465727329003A20424C45C7
:10AF70005F4552525F52454D5F555345525F434FB7
:10AF80004E4E5F5445524D202852656D6F746520BA
:10AF900055736572205465726D696E6174656420C5
:10AFA000436F6E6E656374696F6E29003A20424C80
:10AFB000455F4552525F52445F434F4E4E5F54458A
:10AFC000524D5F524553524353202852656D6F7462
:10AFD0006520446576696365205465726D696E61AC
:10AFE00074656420436F6E6E656374696F6E206470
:10AFF000756520746F204C6F77205265736F757282
:10B0000063657329003A20424C455F4552525F52B6
:10B01000445F434F4E4E5F5445524D5F5057524F21
:10B020004646202852656D6F7465204465766963D5
:10B0300065205465726D696E6174656420436F6E3E
:10B040006E656374696F6E2064756520746F20503F
:10B050006F776572204F666629003A20424C455F43
:10B060004552525F434F4E4E5F5445524D5F4C4FD9
:10B0700043414C2028436F6E6E656374696F6E2088
:10B080005465726D696E61746564204279204C6FFD
:10B0900063616C20486F737429003A20424C455F0D
:10B0A0004552525F52455045415445445F415454C6
:10B0B000454D505453202852657065617465642075
:10B0C000417474656D70747329003A20424C455F79
:10B0D0004552525F4E4F5F50414952494E472028DA
:10B0E00050616972696E67204E6F7420416C6C6F9D
:10B0F00077656429003A20424C455F4552525F55BE
:10B100004E4B5F4C4D502028556E6B6E6F776E2006
:10B110004C4D502050445529003A20424C455F4543
:10B1200052525F554E535550505F52454D5F464504
:10B1300041545552452028556E737570706F727466
:10B1400065642052656D6F74652046656174757223
:10B1500065202F20556E737570706F727465642052
:10B160004C4D50204665617475726529003A204245
:10B170004C455F4552525F53434F5F4F46465345E0
:10B1800054202853434F204F6666736574205265E0
:10B190006A656374656429003A20424C455F4552F4
:10B1A000525F53434F5F4954564C202853434F201E
:10B1B000496E74657276616C2052656A6563746568
:10B1C0006429003A20424C455F4552525F53434F39
:10B1D0005F4149525F4D4F4445202853434F204122
:10B1E0006972204D6F64652052656A656374656499
:10B1F00029003A20424C455F4552525F494E565F06
:10B200004C4D505F4C4C5F5041524D2028496E765A
:10B21000616C6964204C4D5020506172616D6574A1
:10B22000657273202F20496E76616C6964204C4CE6
:10B2300020506172616D657465727329003A204215
:10B240004C455F4552525F554E5350454349464920
:10B2500045442028556E737065636966696564208E
:10B260004572726F7229003A20424C455F45525236
:10B270005F554E535550505F4C4D505F4C4C5F5096
:10B2800041524D2028556E737570706F72746564ED
:10B29000204C4D5020506172616D6574657220566E
:10B2A000616C7565202F20556E737570706F7274A8
:10B2B0006564204C4C20506172616D65746572202C
:10B2C00056616C756529003A20424C455F455252E3
:10B2D0005F4E4F5F524F4C455F4348414E474520BC
:10B2E00028526F6C65204368616E6765204E6F74ED
:10B2F00020416C6C6F77656429003A20424C455FB1
:10B300004552525F4C4D505F4C4C5F5253505F540E
:10B310004D4F20284C4D5020526573706F6E7365F1
:10B320002054696D656F7574202F204C4C20526538
:10B3300073706F6E73652054696D656F7574290045
:10B340003A20424C455F4552525F4C4D505F434F4F
:10B350004C4C4953494F4E20284C4D502045727259
:10B360006F72205472616E73616374696F6E2043F3
:10B370006F6C6C6973696F6E29003A20424C455FAF
:10B380004552525F4C4D505F50445520284C4D5013
:10B3900020504455204E6F7420416C6C6F7765646B
:10B3A00029003A20424C455F4552525F454E435278
:10B3B000595054494F4E5F4D4F44452028456E63C8
:10B3C00072797074696F6E204D6F6465204E6F7472
:10B3D0002041636365707461626C6529003A2042A4
:10B3E0004C455F4552525F4C494E4B5F4B45595F50
:10B3F0004348414E474520284C696E6B204B657988
:10B400002063616E6E6F74206265204368616E67B1
:10B41000656429003A20424C455F4552525F554EC3
:10B42000535550505F514F532028526571756573C5
:10B4300074656420516F53204E6F74205375707083
:10B440006F7274656429003A20424C455F45525240
:10B450005F494E5354414E545F504153534544202D
:10B4600028496E7374616E7420506173736564292A
:10B47000003A20424C455F4552525F554E49545F59
:10B480004B45595F50414952494E47202850616908
:10B4900072696E67205769746820556E6974204B15
:10B4A0006579204E6F7420537570706F7274656487
:10B4B00029003A20424C455F4552525F4449464676
:10B4C0005F5452414E535F434F4C4C2028446966B1
:10B4D000666572656E74205472616E73616374691F
:10B4E0006F6E20436F6C6C6973696F6E29003A2030
:10B4F000424C455F4552525F514F535F5041524D50
:10B500002028516F5320556E6163636570746162CA
:10B510006C6520506172616D6574657229003A2016
:10B52000424C455F4552525F514F535F52454A4529
:10B53000435445442028516F532052656A65637413
:10B54000656429003A20424C455F4552525F4348AA
:10B55000414E5F434C41535320284368616E6E65F2
:10B560006C20436C617373696669636174696F6EA3
:10B57000204E6F7420537570706F7274656429006B
:10B580003A20424C455F4552525F494E535546461C
:10B59000494349454E545F5345432028496E7375CE
:10B5A0006666696369656E74205365637572697454
:10B5B0007929003A20424C455F4552525F50415232
:10B5C0004D5F4F55545F4F465F52414E47452028CF
:10B5D000506172616D65746572204F7574204F669D
:10B5E000204D616E6461746F72792052616E67657F
:10B5F00029003A20424C455F4552525F50454E4427
:10B60000494E475F524F4C455F53572028526F6C4D
:10B6100065205377697463682050656E64696E674E
:10B6200029003A20424C455F4552525F52455345EE
:10B63000525645445F534C4F5420285265736572EF
:10B6400076656420536C6F742056696F6C61746901
:10B650006F6E29003A20424C455F4552525F524F6F
:10B660004C455F53575F4641494C2028526F6C65EB
:10B6700020537769746368204661696C65642900AA
:10B680003A20424C455F4552525F494E515F5253FA
:10B69000505F544F4F5F4249472028457874656E8C
:10B6A00064656420496E71756972792052657370A2
:10B6B0006F6E736520546F6F204C6172676529004F
:10B6C0003A20424C455F4552525F5345435F5349D0
:10B6D0004D504C455F504149522028536563757267
:10B6E000652053696D706C652050616972696E6781
:10B6F000204E6F7420537570706F727465642042B1
:10B700007920486F737429003A20424C455F4552B6
:10B71000525F484F53545F425553595F504149520D
:10B720002028486F73742042757379202D20506152
:10B730006972696E6729003A20424C455F45525252
:10B740005F434F4E4E5F52454A5F4348414E4E4520
:10B750004C2028436F6E6E656374696F6E2052656E
:10B760006A65637465642064756520746F204E6F2C
:10B77000205375697461626C65204368616E6E6503
:10B780006C20466F756E6429003A20424C455F4537
:10B7900052525F43544C525F425553592028436FD5
:10B7A0006E74726F6C6C6572204275737929003A01
:10B7B00020424C455F4552525F434F4E4E5F5041D1
:10B7C000524D532028556E61636365707461626CDD
:10B7D0006520436F6E6E656374696F6E2050617291
:10B7E000616D657465727329003A20424C455F456E
:10B7F00052525F4449525F4144565F544D4F202896
:10B800004469726563746564204164766572746925
:10B8100073696E672054696D656F757429003A20ED
:10B82000424C455F4552525F434F4E4E5F54455226
:10B830004D5F4D49432028436F6E6E656374696F99
:10B840006E205465726D696E6174656420647565FF
:10B8500020746F204D4943204661696C75726529DB
:10B86000003A20424C455F4552525F434F4E4E5F77
:10B8700045535441424C4953484D454E542028436A
:10B880006F6E6E656374696F6E204661696C656486
:10B8900020746F2062652045737461626C697368FF
:10B8A000656429003A20424C455F4552525F4D4144
:10B8B000435F434F4E4E5F4641494C20284D414324
:10B8C00020436F6E6E656374696F6E204661696CAC
:10B8D000656429003A20424C455F4552525F434F10
:10B8E000415253455F434C4B5F41444A2028436FCC
:10B8F0006172736520436C6F636B2041646A75737A
:10B90000746D656E742052656A6563746564206247
:10B9100075742057696C6C2054727920746F2041C3
:10B92000646A757374205573696E6720436C6F6326
:10B930006B204472616767696E6729003A20424C48
:10B94000455F4552525F54595045305F5355424D03
:10B9500041505F4E4445462028547970653020534D
:10B9600075626D6170204E6F7420446566696E6506
:10B970006429003A20424C455F4552525F554E4B78
:10B980005F4144565F494E44454E542028556E6BE6
:10B990006E6F776E204164766572746973696E6745
:10B9A000204964656E74696669657229003A2042AF
:10B9B0004C455F4552525F4C494D49545F52454199
:10B9C0004348454420284C696D6974205265616381
:10B9D00068656429003A20424C455F4552525F4FEA
:10B9E0005045524154494F4E5F43414E43454C4CA4
:10B9F000454420284F7065726174696F6E20436101
:10BA00006E63656C6C656420627920486F7374297D
:10BA1000003A20424C455F4552525F5041434B45EE
:10BA2000545F544F4F5F4C4F4E4720285061636B1B
:10BA3000657420546F6F204C6F6E6729003A204266
:10BA40004C455F4552525F4D4158003A20424C45AB
:10BA50005F48535F45414741494E202854656D700A
:10BA60006F72617279206661696C7572653B2074D2
:10BA7000727920616761696E29003A20424C455F06
:10BA800048535F45414C524541445920284F706509
:10BA9000726174696F6E20616C726561647920698E
:10BAA0006E2070726F6772657373206F7220636FA0
:10BAB0006D706C6574656429003A20424C455F489E
:10BAC000535F45494E56414C20284F6E65206F729A
:10BAD000206D6F726520617267756D656E7473207D
:10BAE00061726520696E76616C696429003A204252
:10BAF0004C455F48535F454D534753495A452028AD
:10BB00005468652070726F7669646564206275663A
:10BB100066657220697320746F6F20736D616C6C41
:10BB200029003A20424C455F48535F454E4F454EF1
:10BB30005420284E6F20656E747279206D61746395
:10BB400068696E67207468652073706563696669EB
:10BB5000656420637269746572696129003A2042E4
:10BB60004C455F48535F454E4F4D454D20284F7023
:10BB700065726174696F6E206661696C65642064CA
:10BB8000756520746F207265736F757263652065CB
:10BB9000786861757374696F6E29003A20424C456C
:10BBA0005F48535F454E4F54434F4E4E20284E6FD3
:10BBB000206F70656E20636F6E6E656374696F6E63
:10BBC000207769746820746865207370656369669E
:10BBD0006965642068616E646C6529003A20424C96
:10BBE000455F48535F454E4F5453555020284F7082
:10BBF00065726174696F6E2064697361626C6564FB
:10BC000020617420636F6D70696C652074696D6567
:10BC100029003A20424C455F48535F45415050202F
:10BC2000284170706C69636174696F6E2063616C28
:10BC30006C6261636B206265686176656420756E15
:10BC400065787065637465646C7929003A20424CAC
:10BC5000455F48535F454241444441544120284395
:10BC60006F6D6D616E642066726F6D2070656572B8
:10BC700020697320696E76616C696429003A2042FC
:10BC80004C455F48535F454F5320284D796E65778B
:10BC900074204F53206572726F7229003A20424C13
:10BCA000455F48535F45434F4E54524F4C4C4552AD
:10BCB00020284576656E742066726F6D20636F6E06
:10BCC00074726F6C6C657220697320696E76616C3A
:10BCD000696429003A20424C455F48535F45544906
:10BCE0004D454F555420284F7065726174696F6ED1
:10BCF0002074696D6564206F757429003A20424C88
:10BD0000455F48535F45444F4E4520284F7065724C
:10BD10006174696F6E20636F6D706C65746564200B
:10BD20007375636365737366756C6C7929003A206B
:10BD3000424C455F48535F454255535920284F7048
:10BD400065726174696F6E2063616E6E6F742062DC
:10BD50006520706572666F726D656420756E7469BA
:10BD60006C2070726F63656475726520636F6D70AF
:10BD70006C6574657329003A20424C455F48535FF7
:10BD80004552454A454354202850656572207265E6
:10BD90006A6563746564206120636F6E6E656374A9
:10BDA000696F6E20706172616D6574657220757067
:10BDB00064617465207265717565737429003A2039
:10BDC000424C455F48535F45554E4B4E4F574E20B2
:10BDD00028556E6578706563746564206661696C6A
:10BDE0007572653B20636174636820616C6C290027
:10BDF0003A20424C455F48535F45524F4C452028FE
:10BE00004F7065726174696F6E20726571756972C9
:10BE1000657320646966666572656E7420726F6C06
:10BE2000652028652E672E2C2063656E7472616C08
:10BE30002076732E207065726970686572616C2956
:10BE400029003A20424C455F48535F4554494D45CF
:10BE50004F55545F48434920284843492072657133
:10BE6000756573742074696D6564206F75743B200B
:10BE7000636F6E74726F6C6C657220756E72657331
:10BE8000706F6E7369766529003A20424C455F48B1
:10BE9000535F454E4F4D454D5F4556542028436FE7
:10BEA0006E74726F6C6C6572206661696C6564207B
:10BEB000746F2073656E64206576656E742064759A
:10BEC0006520746F206D656D6F727920657868618B
:10BED000757374696F6E29003A20424C455F485370
:10BEE0005F454E4F4144445220284F706572617443
:10BEF000696F6E20726571756972657320616E205D
:10BF00006964656E746974792061646472657373C1
:10BF100020627574206E6F6E6520636F6E66696750
:10BF20007572656429003A20424C455F48535F456D
:10BF30004E4F5453594E4345442028417474656D07
:10BF4000707420746F207573652074686520686F45
:10BF50007374206265666F7265206974206973204E
:10BF600073796E636564207769746820636F6E749B
:10BF7000726F6C6C657229003A20424C455F4853E1
:10BF80005F4541555448454E2028496E7375666695
:10BF9000696369656E742061757468656E74696340
:10BFA0006174696F6E29003A20424C455F48535FC7
:10BFB00045415554484F522028496E73756666694D
:10BFC0006369656E7420617574686F72697A6174F3
:10BFD000696F6E29003A20424C455F48535F4545E2
:10BFE0004E43525950542028496E737566666963F2
:10BFF00069656E7420656E6372797074696F6E2006
:10C000006C6576656C29003A20424C455F48535F69
:10C0100045454E43525950545F4B45595F535A2042
:10C0200028496E73756666696369656E74206B6511
:10C03000792073697A65003A20424C455F48535F26
:10C040004553544F52455F4341502028424C455F71
:10C0500048535F4553544F52455F4641494C2C2944
:10C06000003A20424C455F48535F4553544F524578
:10C070005F4641494C202853746F726167652049BF
:10C080004F206572726F7229003A20424C455F481A
:10C09000535F45505245454D5054454420286174E6
:10C0A000696F6E2077617320707265656D7074655D
:10C0B0006429003A20424C455F48535F4544495348
:10C0C00041424C454420284F7065726174696F6E1F
:10C0D0002064697361626C656429003A20424C45B2
:10C0E0005F48535F455354414C4C454420284F70A2
:10C0F00065726174696F6E207374616C6C6564291C
:10C1000000000000010000004BBA04000200000023
:10C110007ABA040003000000B9BA04000400000069
:10C12000EDBA04000500000022BB04000600000078
:10C130005DBB0400070000009BBB0400080000007A
:10C14000DCBB04000900000012BC04000A0000006F
:10C150004CBC04000B0000007DBC04000C0000007F
:10C160009CBC04000D000000D4BC04000E000000C4
:10C17000FCBC04000F0000002EBD040010000000F5
:10C1800077BD040011000000BEBD040012000000D5
:10C19000F0BD04001300000042BE040014000000C3
:10C1A00089BE040015000000D8BE0400160000007F
:10C1B00026BF04001700000078BF0400180000002C
:10C1C000A7BF040019000000D5BF04001A0000003A
:10C1D00007C004001B00000037C004001C00000062
:10C1E00061C004001D00000089C004001E000000A2
:10C1F000B3C004001F000000DBC004000102000007
:10C200007EAB040002020000AEAB0400030200009B
:10C21000E4AB04000402000009AC040005020000C5
:10C220002BAC04000602000058AC0400070200001A
:10C2300086AC040008020000B8AC0400090200004B
:10C24000E5AC04000A02000016AD04000B02000079
:10C2500065AD04000C0200009FAD04000D0200005B
:10C26000CDAD04000E02000019AE04000F02000064
:10C2700063AE040010020000B0AE04001102000022
:10C28000EFAE0400120200002EAF04001302000003
:10C290006BAF040014020000ACAF040015020000F4
:10C2A00005B00400160200005AB004001702000096
:10C2B0009AB0040018020000CAB00400190200007D
:10C2C000F5B004001A02000019B104001B020000BE
:10C2D0006DB104001C02000098B104001D020000B2
:10C2E000C3B104001E020000F2B104001F020000EE
:10C2F0003DB204002002000067B2040021020000E9
:10C30000C7B2040022020000FAB2040023020000B7
:10C3100040B30400240200007AB3040025020000A8
:10C32000A2B3040026020000DDB3040027020000CF
:10C3300014B404002802000047B4040029020000DD
:10C3400071B404002A020000B2B404002C02000000
:10C35000EEB404002D0200001EB504002E02000001
:10C3600044B504002F02000080B504003002000034
:10C37000B3B5040032020000F2B50400340200003C
:10C3800022B604003502000054B604003602000054
:10C3900080B6040037020000C0B604003802000076
:10C3A00008B704003902000037B704003A02000061
:10C3B00089B704003B020000AFB704003C02000054
:10C3C000E9B704003D0200001EB804003E02000070
:10C3D00061B804003F020000A4B80400400200005D
:10C3E000D4B80400410200003CB90400420200003D
:10C3F00073B9040043020000ADB904004402000018
:10C40000D5B904004502000011BA0400FF02000083
:10C410003DBA04003E0000006D0903000C0000005E
:10C420000B0A030013000000F30B030005000000DB
:10C43000C10B030008000000F709030030000000F2
:10C44000E309030010000000CF090300FF00000013
:10C45000BB0903001D000000AD0903001E00000021
:10C460009F0903001F000000910903003300000032
:10C47000AD090300340000009F0903000000000024
:10C48000F10C0300B90A0300AD0B0300990B030084
:10C49000850B0300710B03005D0B0300000000001F
:10C4A00000000000510C0300330A03001F0A0300C0
:10C4B0008D090300770D03007B0D03007F0D030042
:10C4C000870D03006F0D0300730D030000000000D3
:10C4D000000000000000000000000000830D0300C9
:10C4E0000000000000002E70696F5C6C696264657A
:10C4F00070735C70726F5F6D6963726F5F6E72668E
:10C5000035323834305C4E696D424C452D41726491
:10C5100075696E6F5C7372635C6E696D626C655C8D
:10C520006E696D626C655C686F73745C7372635C7A
:10C53000626C655F6C326361702E6300626C655F74
:10C540006C326361705F6368616E5F706F6F6C0007
:10C55000626C655F6C326361705F617070656E64A0
:10C560005F727800626C655F6C326361705F7369E3
:10C57000675F70726F635F706F6F6C000000000028
:10C58000DD1A030000000000651A0300000000002F
:10C59000651A0300651A0300651A03000000000015
:10C5A000651A030000000000651A03000000000087
:10C5B000651A030000000000651A03000000000077
:10C5C000651A0300B11B0300F11A0300651A03008A
:10C5D000651A0300651A0300651A0300651A030053
:10C5E000651A0300651A0300626C655F736D5F7006
:10C5F000726F635F706F6F6C000101010A020000CF
:10C6000000000000F12A0300F92D0300532D030060
:10C61000B92F03006D220300652A0300DD29030002
:10C6200057290300D1280300452803005D38030083
:10C6300085480300634A0300411F0300E92E0300FD
:10C640001B2203000D2203007B210300C7210300EE
:10C65000ED200300DF20030035230300831F0300C8
:10C66000CD470300954903000062746C650000002B
:10C6700000000000000000000000000000000000BA
:10C6800000000000000000000000000000000000AA
:10C69000000000000000000000000001003F49F61B
:10C6A000D4A3C55F3874C9B3E3D2103F504AFF60CA
:10C6B0007BEB40B7995899B8A6CD3C1ABD6C8883DE
:10C6C00091AAF5A53860370BDB5A6083BE000002E3
:10C6D0000002000002000203030200030000000049
:10C6E0000003030200030000030003000003000333
:10C6F0000202020002000000000002020300020029
:10C700000002000200040200040303020003000010
:10C7100000000003040200040000030003000403FF
:10C7200000040202020002000000000002040300F4
:10C7300004010203080607006172725F73697A657B
:10C74000203C3D206275665F737A002E70696F5CD5
:10C750006C6962646570735C70726F5F6D6963723F
:10C760006F5F6E726635323834305C4E696D424CA4
:10C77000452D41726475696E6F5C7372635C6E699E
:10C780006D626C655C6E696D626C655C686F73741C
:10C790005C73746F72655C636F6E6669675C7372FD
:10C7A000635C626C655F73746F72655F636F6E6606
:10C7B00069675F636F6E662E6300626C655F73749A
:10C7C0006F72655F636F6E6669675F7365726961DB
:10C7D0006C697A655F617272002E70696F5C6C695A
:10C7E00062646570735C70726F5F6D6963726F5FB6
:10C7F0006E726635323834305C4E696D424C452D70
:10C8000041726475696E6F5C7372635C6E696D62B0
:10C810006C655C6E696D626C655C7472616E737080
:10C820006F72745C7372635C7472616E73706F723A
:10C83000742E63007472616E73706F72745F706FC8
:10C840006F6C5F636D64007472616E73706F72748D
:10C850005F706F6F6C5F657674007472616E737079
:10C860006F72745F706F6F6C5F6576745F6C6F0072
:10C87000626C655F7472616E73706F72745F667202
:10C88000656500626C655F7472616E73706F72745F
:10C890005F696E69740074696D657220213D204E78
:10C8A000554C4C002E70696F5C6C696264657073E6
:10C8B0005C70726F5F6D6963726F5F6E7266353246
:10C8C0003834305C4E696D424C452D417264756957
:10C8D0006E6F5C7372635C6E696D626C655C706FC9
:10C8E0007274696E675C6E696D626C655C737263AD
:10C8F0005C6F735F63707574696D652E630066703D
:10C9000020213D204E554C4C006F735F6370757451
:10C91000696D655F74696D65725F696E6974006EDB
:10C9200065775F6275662D3E6F6D5F6C656E203D4D
:10C930003D2030002E70696F5C6C696264657073B5
:10C940005C70726F5F6D6963726F5F6E72663532B5
:10C950003834305C4E696D424C452D4172647569C6
:10C960006E6F5C7372635C6E696D626C655C706F38
:10C970007274696E675C6E696D626C655C7372631C
:10C980005C6F735F6D6275662E63005F6F735F6DC2
:10C990006275665F636F7079706B74686472006D46
:10C9A0007379735F31002E70696F5C6C69626465C6
:10C9B00070735C70726F5F6D6963726F5F6E7266C9
:10C9C00035323834305C4E696D424C452D417264CD
:10C9D00075696E6F5C7372635C6E696D626C655CC9
:10C9E000706F7274696E675C6E696D626C655C73A2
:10C9F00072635C6F735F6D7379735F696E69742EB8
:10CA000063006F735F6D7379735F696E69745F6FD5
:10CA10006E6365006C6C00686F737400746D6F20DA
:10CA20003D3D2030002E70696F5C6C6962646570FA
:10CA3000735C70726F5F6D6963726F5F6E72663583
:10CA4000323834305C4E696D424C452D417264750C
:10CA5000696E6F5C7372635C6E696D626C655C704D
:10CA60006F7274696E675C6E706C5C66726565721D
:10CA7000746F735C7372635C6E706C5F6F735F6610
:10CA800072656572746F732E6300726574203D3D2C
:10CA900020706450415353207C7C20726574203D8B
:10CAA0003D2065727251554555455F454D5054596D
:10CAB00000726574203D3D20706450415353006303
:10CAC0006F006D752D3E68616E646C650073656DF9
:10CAD0002D3E68616E646C650074696D656F757478
:10CAE000203D3D2030006E706C5F6672656572742B
:10CAF0006F735F6576656E74715F676574006E70E5
:10CB00006C5F6672656572746F735F6576656E746F
:10CB1000715F707574006E706C5F667265657274BB
:10CB20006F735F6576656E74715F72656D6F766544
:10CB3000006E706C5F6672656572746F735F6D75A1
:10CB40007465785F696E6974006E706C5F6672659B
:10CB50006572746F735F6D757465785F70656E6410
:10CB6000006E706C5F6672656572746F735F6D7571
:10CB70007465785F72656C65617365006E706C5F7B
:10CB80006672656572746F735F73656D5F696E69F8
:10CB900074006E706C5F6672656572746F735F733C
:10CBA000656D5F70656E64006E706C5F6672656562
:10CBB00072746F735F73656D5F72656C65617365C9
:10CBC000006F735F63616C6C6F75745F74696D6522
:10CBD000725F6362000000000000000000000000BF
:10CBE000217003003F7003003370030035700300B1
:10CBF00035700300377003004D700300337003007D
:10CC000059700300337003003B7003003D70030054
:10CC1000000000000000000100000002000000040D
:10CC2000000000080000001000000020000000408C
:10CC3000000000800000001B00000036637C777B52
:10CC4000F26B6FC53001672BFED7AB76CA82C97D08
:10CC5000FA5947F0ADD4A2AF9CA472C0B7FD932699
:10CC6000363FF7CC34A5E5F171D8311504C723C39D
:10CC70001896059A071280E2EB27B27509832C1AE1
:10CC80001B6E5AA0523BD6B329E32F8453D100ED3B
:10CC900020FCB15B6ACBBE394A4C58CFD0EFAAFB1F
:10CCA000434D338545F9027F503C9FA851A3408FE7
:10CCB000929D38F5BCB6DA2110FFF3D2CD0C13ECFF
:10CCC0005F974417C4A77E3D645D197360814FDC94
:10CCD000222A908846EEB814DE5E0BDBE0323A0A78
:10CCE0004906245CC2D3AC629195E479E7C8376DFC
:10CCF0008DD54EA96C56F4EA657AAE08BA78252E21
:10CD00001CA6B4C6E8DD741F4BBD8B8A703EB566A9
:10CD10004803F60E613557B986C11D9EE1F898119A
:10CD200069D98E949B1E87E9CE5528DF8CA1890D89
:10CD3000BFE6426841992D0FB054BB160820000190
:10CD4000FFFFFFFFFFFFFFFFFFFFFFFF00000000EF
:10CD5000000000000000000001000000FFFFFFFFD6
:10CD6000512563FCC2CAB9F3849E17A7ADFAE6BC8D
:10CD7000FFFFFFFFFFFFFFFF00000000FFFFFFFFBF
:10CD800096C298D84539A1F4A033EB2D817D037765
:10CD9000F240A463E5E6BCF847422CE1F2D1176B00
:10CDA000F551BF376840B6CBCE5E316B5733CE2BD3
:10CDB000169E0F7C4AEBE78E9B7F1AFEE242E34F02
:10CDC0004B60D2273E3CCE3BF6B053CCB0061D653F
:10CDD000BC86987655BDEBB3E7933AAAD835C65AC8
:10CDE00059800300AB810300FD7C030074787064FC
:10CDF00075002E70696F5C6C6962646570735C703D
:10CE0000726F5F6D6963726F5F6E72663532383450
:10CE1000305C4E696D424C452D41726475696E6F90
:10CE20005C7372635C6E696D626C655C6E696D6289
:10CE30006C655C636F6E74726F6C6C65725C737240
:10CE4000635C626C655F6C6C2E63007068795F6D0B
:10CE50006F6465203C2028342900626C655F6C6C2F
:10CE60005F74785F6D6275665F706475636200629F
:10CE70006C655F6C6C5F7461736B00626C655F6C9A
:10CE80006C5F7064755F6D61785F74785F6F6374F9
:10CE90006574735F676574006164765F6461746173
:10CEA0005F6C656E203C3D2028333129002E70696F
:10CEB0006F5C6C6962646570735C70726F5F6D69E2
:10CEC00063726F5F6E726635323834305C4E696DF6
:10CED000424C452D41726475696E6F5C7372635C80
:10CEE0006E696D626C655C6E696D626C655C636FCA
:10CEF0006E74726F6C6C65725C7372635C626C658D
:10CF00005F6C6C5F6164762E63007363616E5F7249
:10CF100073705F6C656E203C3D20283331290028FA
:10CF2000616476736D2D3E666C61677320262030D8
:10CF3000783030333029203D3D20300061647673F5
:10CF40006D2D3E6164765F656E61626C6564006143
:10CF50006476736D2D3E636F6E6E5F636F6D705F91
:10CF6000657620213D202828766F6964202A2930A3
:10CF70002900626C655F6C6C5F6164765F616374ED
:10CF80006976655F6368616E7365745F7365745F0E
:10CF900070726900626C655F6C6C5F6164765F6C77
:10CFA00065676163795F7064755F6D616B65006271
:10CFB0006C655F6C6C5F6164765F7363616E5F72FA
:10CFC00073705F6C65676163795F7064755F6D61D5
:10CFD0006B6500626C655F6C6C5F6164765F747832
:10CFE0005F73746172745F636200626C655F6C6C26
:10CFF0005F6164765F72657363686564756C655FB5
:10D000006576656E7400626C655F6C6C5F616476FA
:10D010005F646F6E6500626C655F6C6C5F61647607
:10D020005F73656E645F636F6E6E5F636F6D705F7D
:10D030006576007573656373203C20282831303095
:10D0400030303030202B2028333237363829202D0D
:10D05000203129202F202833323736382929002E35
:10D0600070696F5C6C6962646570735C70726F5F2D
:10D070006D6963726F5F6E726635323834305C4E44
:10D08000696D424C452D41726475696E6F5C7372B7
:10D09000632F6E696D626C652F6E696D626C652FB2
:10D0A000636F6E74726F6C6C65722F696E636C75F2
:10D0B00064652F636F6E74726F6C6C65722F626C37
:10D0C000655F6C6C5F746D722E68002E70696F5CAA
:10D0D0006C6962646570735C70726F5F6D696372B6
:10D0E0006F5F6E726635323834305C4E696D424C1B
:10D0F000452D41726475696E6F5C7372635C6E6915
:10D100006D626C655C6E696D626C655C636F6E749C
:10D11000726F6C6C65725C7372635C626C655F6C81
:10D120006C5F636F6E6E2E6300636F6E6E736D0067
:10D130006576656E745F636E74725F64696666209F
:10D140003E203000657662756620213D20282876D5
:10D150006F6964202A2930290061646472642D3E5D
:10D160007270615F696E646578203E3D20300074A6
:10D17000617267657461002821212828686472291A
:10D180002D3E7278696E666F2E666C61677320261D
:10D190002028307830303830292929005F6F735FBC
:10D1A0006D6275665F6C656164696E6773706163FB
:10D1B0006528727870647529203E3D203200626CCB
:10D1C000655F6C6C5F746D725F6164645F75006253
:10D1D0006C655F6C6C5F696E69745F6765745F63D3
:10D1E0006F6E6E5F636F6D705F657600626C655F1A
:10D1F0006C6C5F636F6E6E5F74785F7064750062F5
:10D200006C655F6C6C5F636F6E6E5F6576656E7488
:10D210005F73746172745F636200626C655F6C6CF3
:10D220005F636F6E6E5F6E6578745F6576656E7452
:10D2300000626C655F6C6C5F636F6E6E5F637265DE
:10D240006174656400626C655F6C6C5F636F6E6EC9
:10D250005F6576656E745F656E6400626C655F6CB9
:10D260006C5F636F6E6E5F707265706172655F6335
:10D270006F6E6E6563745F696E6400626C655F6C8F
:10D280006C5F636F6E6E5F63656E7472616C5F730B
:10D290007461727400626C655F6C6C5F636F6E6E5C
:10D2A0005F72785F646174615F70647500626C6561
:10D2B0005F6C6C5F636F6E6E5F72785F6973725FD5
:10D2C000656E64006576627566002E70696F5C6CD1
:10D2D0006962646570735C70726F5F6D6963726FB1
:10D2E0005F6E726635323834305C4E696D424C4543
:10D2F0002D41726475696E6F5C7372635C6E696DEB
:10D30000626C655C6E696D626C655C636F6E747295
:10D310006F6C6C65725C7372635C626C655F6C6C85
:10D320005F636F6E6E5F6863692E6300675F626C38
:10D33000655F6C6C5F636F6E6E5F636F6D705F6572
:10D340007600636F6E6E736D2D3E636F6E6E5F68F9
:10D35000616E646C65203D3D20282875696E7431CE
:10D36000365F742928636D642D3E636F6E6E5F684F
:10D37000616E646C65292900636F6E6E736D2D3E5E
:10D38000666C6167732E7465726D696E6174655F3A
:10D3900073746172746564203D3D203000626C6579
:10D3A0005F6C6C5F636F6E6E5F636F6D705F6576F1
:10D3B000656E745F73656E6400626C655F6C6C5F54
:10D3C000636F6E6E5F70726F636573735F636F6EB2
:10D3D0006E5F706172616D7300626C655F6C6C5F33
:10D3E000636F6E6E5F6863695F757064617465001A
:10D3F000626C655F6C6C5F636F6E6E5F6863695FC4
:10D4000063616E63656C5F636F6E6E5F636F6D709B
:10D410006C6574655F6576656E7400626C655F6CE3
:10D420006C5F636F6E6E5F6863695F646973636F7F
:10D430006E6E6563745F636D64006863752D3E682E
:10D44000616E646C6520213D2030002E70696F5C38
:10D450006C6962646570735C70726F5F6D69637232
:10D460006F5F6E726635323834305C4E696D424C97
:10D47000452D41726475696E6F5C7372635C6E6991
:10D480006D626C655C6E696D626C655C636F6E7419
:10D49000726F6C6C65725C7372635C626C655F6CFE
:10D4A0006C5F6374726C2E6300636F6E6E736D2DB0
:10D4B0003E646973636F6E6E6563745F72656173FA
:10D4C0006F6E20213D2030006374726C5F70726F4C
:10D4D0006320213D2028352900626C655F6C6C5FFC
:10D4E0006374726C5F72785F73746172745F656E7F
:10D4F000635F72657100626C655F6C6C5F63747210
:10D500006C5F72785F70617573655F656E635F7283
:10D51000737000626C655F6C6C5F6374726C5F72D9
:10D52000785F73746172745F656E635F72737000AD
:10D53000626C655F6C6C5F6374726C5F636F6E6E60
:10D540005F706172616D5F7064755F6D616B6500C6
:10D55000626C655F6C6C5F6374726C5F636F6E6E40
:10D560005F706172616D5F7265706C7900626C658D
:10D570005F6C6C5F6374726C5F72785F72656A6512
:10D5800063745F696E6400626C655F6C6C5F63748A
:10D59000726C5F72785F636F6E6E5F706172616DE7
:10D5A0005F72657100626C655F6C6C5F6374726C56
:10D5B0005F70726F635F696E697400626C655F6C47
:10D5C0006C5F6374726C5F7465726D696E617465B3
:10D5D0005F737461727400626C655F6C6C5F63741E
:10D5E000726C5F70726F635F7374617274000B07AB
:10D5F00001160C00000108080000050108171702B9
:10D60000000008080202040201002201012A080F9A
:10D61000030304040A0A030A73697A656F66282AF9
:10D620006863695F657629202B206863695F65768A
:10D630002D3E6C656E677468203C3D20282837308D
:10D640002929002E70696F5C6C6962646570735C77
:10D6500070726F5F6D6963726F5F6E7266353238BC
:10D6600034305C4E696D424C452D41726475696E73
:10D670006F5C7372635C6E696D626C655C6E696D24
:10D68000626C655C636F6E74726F6C6C65725C73F8
:10D6900072635C626C655F6C6C5F6863692E6300CB
:10D6A000636D6420213D202828766F6964202A2933
:10D6B0003029007263203E3D2030006863695F635B
:10D6C0006D645F706F73745F6362203D3D20282836
:10D6D000766F6964202A29302900626C655F6C6C62
:10D6E0005F6863695F6576656E745F73656E64001D
:10D6F000626C655F6C6C5F6863695F706F73745FA9
:10D70000636D645F63625F73657400626C655F6C18
:10D710006C5F6863695F636D645F70726F63002044
:10D7200000800000C000000000000000002822006F
:10D730000000000000000000F7FFFF0F00000000E5
:10D74000F0F90F000080070000000000000000005A
:10D750000000000000000000000000000000006366
:10D760006D64732D3E636220213D202828766F6909
:10D7700064202A293029002E70696F5C6C6962640C
:10D780006570735C70726F5F6D6963726F5F6E72EC
:10D790006635323834305C4E696D424C452D4172ED
:10D7A0006475696E6F5C7372635C6E696D626C65E3
:10D7B0005C6E696D626C655C636F6E74726F6C6CCD
:10D7C00065725C7372635C626C655F6C6C5F6863EE
:10D7D000695F76732E6300626C655F6C6C5F686373
:10D7E000695F76735F66696E645F62795F6F6366B7
:10D7F00028636D64732D3E6F636629203D3D2028AC
:10D8000028766F6964202A29302900626C655F6C74
:10D810006C5F6863695F76735F726567697374656F
:10D820007200CE0150002C00D002780128001800B0
:10D830007801100804407263203D3D20424C455F52
:10D840004552525F53554343455353002E70696F01
:10D850005C6C6962646570735C70726F5F6D696344
:10D86000726F5F6E726635323834305C4E696D426D
:10D870004C452D41726475696E6F5C7372635C6EAA
:10D88000696D626C655C6E696D626C655C636F6E20
:10D8900074726F6C6C65725C7372635C626C655FF2
:10D8A0006C6C5F7265736F6C762E6300706F73695A
:10D8B00074696F6E203C3D20675F626C655F6C6CC5
:10D8C0005F7265736F6C765F646174612E726C5FFA
:10D8D000636E7400726C20213D202828766F696485
:10D8E000202A293029006164647220213D202828E3
:10D8F000766F6964202A29302900726C2D3E726C83
:10D900005F6861735F6C6F63616C00726C2D3E7257
:10D910006C5F6861735F7065657200626C655F6CF7
:10D920006C5F7265736F6C765F6C6973745F616452
:10D930006400626C655F6C6C5F7265736F6C765FC0
:10D940006C6973745F726D7600626C655F6C6C5F9E
:10D950007265736F6C765F6765745F707269765F0E
:10D960006164647200626C655F6E706C5F68775FA3
:10D9700069735F696E5F637269746963616C28299A
:10D98000002E70696F5C6C6962646570735C7072A4
:10D990006F5F6D6963726F5F6E72663532383430F7
:10D9A0005C4E696D424C452D41726475696E6F5CC9
:10D9B0007372635C6E696D626C655C6E696D626CDE
:10D9C000655C636F6E74726F6C6C65725C737263AE
:10D9D0005C626C655F6C6C5F72666D676D742E6304
:10D9E00000626C655F6C6C5F72666D676D745F651D
:10D9F0006E61626C6500626C655F6C6C5F72666D17
:10DA0000676D745F64697361626C65007363616EF6
:10DA1000736D2D3E7363616E5F7273705F70656EC0
:10DA200064696E67203D3D2030002E70696F5C6C2C
:10DA30006962646570735C70726F5F6D6963726F49
:10DA40005F6E726635323834305C4E696D424C45DB
:10DA50002D41726475696E6F5C7372635C6E696D83
:10DA6000626C655C6E696D626C655C636F6E74722E
:10DA70006F6C6C65725C7372635C626C655F6C6C1E
:10DA80005F7363616E2E63007064755F7479706597
:10DA9000203C20283729007278696E666F2D3E720F
:10DAA00070615F696E646578203E3D20300073636D
:10DAB000616E736D2D3E7363616E70007363616E92
:10DAC000736D2D3E6261636B6F66665F636F756E2B
:10DAD00074203D3D2030007363616E736D2D3E6296
:10DAE00061636B6F66665F636F756E74203C3D208B
:10DAF000323536002861646472642D3E7270615F55
:10DB0000696E646578203C203029207C7C20286266
:10DB10006C655F6C6C5F616464725F73756274796D
:10DB200070652861646472642D3E616476612C20A6
:10DB300061646472642D3E616476615F74797065BE
:10DB400029203D3D202831292900652026262065F1
:10DB50002D3E74797065203D3D20747970652026D6
:10DB60002620216D656D636D7028652D3E616464AE
:10DB7000722C20616464722C20362900626C655F0F
:10DB80006C6C5F7363616E5F6475705F706F6F6CF8
:10DB900000657272203D3D203000626C655F6C6CE8
:10DBA0005F7363616E5F7265715F6261636B6F6605
:10DBB0006600626C655F6C6C5F7363616E5F647559
:10DBC000705F7570646174655F6C6567616379002F
:10DBD000626C655F6C6C5F7363616E5F73746172BE
:10DBE0007400626C655F6C6C5F7363616E5F736D14
:10DBF0005F737461727400626C655F6C6C5F7363F9
:10DC0000616E5F6576656E745F70726F6300626CE3
:10DC1000655F6C6C5F7363616E5F6765745F6164A1
:10DC200064725F646174615F66726F6D5F6C65677B
:10DC300061637900626C655F6C6C5F7363616E5FDA
:10DC400072785F66696C74657200626C655F6C6C9B
:10DC50005F7363616E5F72785F636865636B5F6952
:10DC60006E697400626C655F6C6C5F7363616E5F9C
:10DC700073656E645F7363616E5F72657100626C81
:10DC8000655F6C6C5F7363616E5F72785F706B74FD
:10DC90005F696E5F726573746F72655F61646472F1
:10DCA0005F6461746100626C655F6C6C5F7363617B
:10DCB0006E5F72785F706B745F696E5F6F6E5F6CC2
:10DCC000656761637900626C655F6C6C5F7363614B
:10DCD0006E5F696E6974007363682D3E7363686577
:10DCE000645F74797065203D3D20283329002E70D3
:10DCF000696F5C6C6962646570735C70726F5F6D94
:10DD00006963726F5F6E726635323834305C4E69AB
:10DD10006D424C452D41726475696E6F5C73726320
:10DD20005C6E696D626C655C6E696D626C655C638E
:10DD30006F6E74726F6C6C65725C7372635C626C34
:10DD4000655F6C6C5F73636865642E630073636802
:10DD50002D3E73636865645F6362007363682D3E84
:10DD6000656E7175657565640073636800707265D2
:10DD7000656D70745F616E795F6578636570745FFF
:10DD8000636F6E6E00626C655F6C6C5F7363686579
:10DD9000645F707265656D707400626C655F6C6C59
:10DDA0005F73636865645F696E7365727400626C4B
:10DDB000655F6C6C5F73636865645F636F6E6E5FF5
:10DDC00072657363686564756C6500626C655F6C31
:10DDD0006C5F73636865645F636F6E6E5F63656ECF
:10DDE0007472616C5F6E657700626C655F6C6C5F0E
:10DDF00073636865645F6164765F6E657700626C0B
:10DE0000655F6C6C5F73636865645F726D765F6598
:10DE10006C656D00626C655F6C6C5F7363686564F4
:10DE20005F657865637574655F6974656D002E70F4
:10DE3000696F5C6C6962646570735C70726F5F6D52
:10DE40006963726F5F6E726635323834305C4E696A
:10DE50006D424C452D41726475696E6F5C737263DF
:10DE60005C6E696D626C655C6E696D626C655C634D
:10DE70006F6E74726F6C6C65725C7372635C626CF3
:10DE8000655F6C6C5F7574696C732E6300626C65A2
:10DE90005F6C6C5F7574696C735F6368616E5F6DF6
:10DEA00061705F72656D617000626C655F6C6C5F64
:10DEB0007574696C735F637361325F6368616E323E
:10DEC00072656D617000626C655F6C6C5F75746922
:10DED0006C735F637361325F72656D61703263682A
:10DEE000616E0000F401FA00960064004B003200FD
:10DEF0001E0014002E70696F5C6C6962646570733B
:10DF00005C70726F5F6D6963726F5F6E72663532DF
:10DF10003834305C4E696D424C452D4172647569F0
:10DF20006E6F5C7372635C6E696D626C655C706F62
:10DF30007274696E675C6E696D626C655C73726346
:10DF40005C68616C5F74696D65722E630068616CFA
:10DF50005F74696D65725F72656164000000000046
:10DF600000000000000000000000000000000000B1
:10DF7000A88D00200000000000000000000000004C
:10DF80000338FDD8704700000000000000000000CA
:10DF9000550F0400770F0400570F0400730F04009F
:10DFA0006B0F0400610F04005B0F04000D0A006E8C
:10DFB000616E00696E66006F76660000000000000A
:10DFC00000000000D1160400F3160400B916040086
:10DFD0003F170400ED160400E7160400D3160400F2
:10DFE0001F170400FF160400C9150400F0FFFFFF0F
:10DFF00000000000B116040075190400E5190400C2
:10E00000091A0400ED1A0400B51A0400451B0400A7
:10E010000000000099760400A9760400B976040097
:10E020003977040095770400A1790400000000000E
:10E03000917004008170040099700400557104000F
:10E0400095720400DD720400000000007573040086
:10E05000C9730400E9730400D9740400D574040082
:10E06000DD74040000000000D57C0400297D04005C
:10E07000497D04000000000000000000C17D040094
:10E08000000000000001010154696E7955534220DF
:10E0900053657269616C0075736264002530386C79
:10E0A000582530386C58004142434445464748495A
:10E0B0004A4B4C4D4E4F5051525354555657585948
:10E0C0005A6162636465666768696A6B6C6D6E6FDE
:10E0D000707172737475767778797A30313233343F
:10E0E00035363738392B2F0049444C4500546D7272
:10E0F0002053766300666E6900666E692B00666E5B
:10E10000692D00296C6C756E2800296C696E2800D9
:10E11000000000000000F03F00000000000024406C
:10E1200000000000000059400000000000408F4047
:10E13000000000000088C34000000000006AF840B2
:10E140000000000080842E4100000000D0126341D6
:10E150000000000084D797410000000065CDCD414C
:10E16000000000205FA00242000000E8764837422D
:10E17000000000A2941A6D42000040E59C30A242CB
:10E180000000901EC4BCD64200003426F56B0C4340
:10E190000080E03779C3414300A0D88557347643E7
:10E1A0006D6C7400010000005461736B3A2025739C
:10E1B0002C20737461636B206F766572666C6F7769
:10E1C0000A004D616C6C6F63206661696C65640068
:10E1D000556E68616E646C65642065786365707403
:10E1E000696F6E2030782530386C7820002C2065DF
:10E1F0007863657074696F6E207370203078253095
:10E20000386C780A0052303A2030782530386C78F3
:10E210002C202C2052313A2030782530386C782050
:10E220002C2052323A2030782530386C782C20520D
:10E23000333A2030782530386C782C205231323AFD
:10E240002030782530386C780A004C523A203078EB
:10E250002530386C782C2050433A203078253038DF
:10E260006C782C205053523A2030782530386C7816
:10E270000A00417373657274696F6E204661696C40
:10E2800065643A202573206174206C696E652025D1
:10E2900064202C20696E2066756E6374696F6E3A17
:10E2A0002025730050757265207669727475616CF3
:10E2B0002066756E6374696F6E2063616C6C656453
:10E2C0000068775F636C6F636B5F6866786F5F721F
:10E2D0006566636E74203C203078666600433A5C65
:10E2E00055736572735C6D6C617370696E615C2EE1
:10E2F000706C6174666F726D696F5C7061636B6185
:10E300006765735C6672616D65776F726B2D6E2DDC
:10E3100061626C652D61726475696E6F2D70726FCC
:10E320002D6D6963726F2D6E726635323834305CD4
:10E33000636F7265735C6E5246355C776972696EA5
:10E34000672E630068775F636C6F636B5F686678E6
:10E350006F5F726566636E7420213D2030006877C0
:10E360005F636C6F636B5F6866786F5F7265717512
:10E370006573740068775F636C6F636B5F68667862
:10E380006F5F72656C65617365006E696365216EB0
:10E39000616E6F0050726F204D6963726F206E5214
:10E3A0004635323834300012010002EF02014000DD
:10E3B0000000000001010203010902000000010049
:10E3C000A03262617369635F737472696E673A3A0F
:10E3D0005F4D5F6372656174650000002436002044
:10E3E0005245454E54206D616C6C6F6320737563AC
:10E3F000636565646564002F486F73742F686F6D83
:10E40000652F696C672F576F726B2F61726D2D6E60
:10E410006F6E652D656162692D6763632D392E33DB
:10E420002E312D312E312F736F75726365732F6E00
:10E4300065776C69622F6E65776C69622F6C6962B3
:10E44000632F7374646C69622F72616E6434382E4A
:10E450006300002020202020202020202828282899
:10E4600028202020202020202020202020202020A4
:10E4700020202088101010101010101010101010F4
:10E480001010100404040404040404040410101004
:10E4900010101010414141414141010101010101B0
:10E4A000010101010101010101010101010110103E
:10E4B0001010101042424242424202020202020284
:10E4C0000202020202020202020202020202101010
:10E4D00010102000000000000000000000000000FC
:10E4E000000000000000000000000000000000002C
:10E4F000000000000000000000000000000000001C
:10E50000000000000000000000000000000000000B
:10E5100000000000000000000000000000000000FB
:10E5200000000000000000000000000000000000EB
:10E5300000000000000000000000000000000000DB
:10E5400000000000000000000000000000000000CB
:08E550000000000000000000C3
:08E55800E87CFD7F01000000DA
:10E5600000000000F8A0040018A1040010340020EE
:10E5700030A1040040E2010044A104007CA1040099
:10E58000100000181000002A1000012A2434002076
:10E59000A599020000000000000000000200000039
:10E5A000000000000000000028340020A5990200AF
:10E5B0000000000000000000020000000000000059
:10E5C000000000000000000000000000000000004B
:10E5D000000000000000000000000000000000003B
:10E5E0006E696D626C6500000000000000000000B4
:10E5F000000000000000000000000000000000001B
:10E60000100001181000052A10003A2B1000292BC9
:10E61000A4340020199B020000000000000000004C
:10E6200020000000CE3B002000000000A8340020A5
:10E63000B99A020000000000000000000200000083
:10E640000000000000000000AC340020D99A020055
:10E6500000000000000000000A00000000000000B0
:10E6600000000000000000000000000000000000AA
:10E67000000000000000000000000000000000009A
:10E6800010000028100001281000022810000328A4
:10E6900010000229100004291000052903000000C1
:10E6A0000000000000000000030A0000000000005D
:10E6B000000000000000000000000000000000005A
:10E6C000000000000000000000000000000000004A
:10E6D000FB349B5F80000080001000000000000001
:10E6E0000000000080350020000000008835002078
:10E6F000E0CB04000100000059E00300000000002E
:10E7000002000000FDDF0300000000000800000020
:10E7100095DF0300000000000100000090DF04000E
:10E7200010000C00F4670020000000000000000052
:10E7300000000000000000000000000000000000D9
:10E7400000000000000000000000000000000000C9
:10E7500000000000000000000000000000000000B9
:10E7600000000000000000000000000000000000A9
:10E77000040000000090D0030A0000000100000027
:10E78000243600200000000000000000000000000F
:10E790000000000000000000000000000000000079
:10E7A0000000000000000000000000000000000069
:10E7B0000000000000000000000000000000000059
:10E7C0000000000000000000000000000000000049
:10E7D0000000000000000000000000000000000039
:10E7E0000000000025620200556F0200957B0200C8
:10E7F000BD7B0200CD7E0200257F02000D87020056
:10E8000005750300F50F0400AD170400C968040086
:08E810007570040001620200B2
:040000034000642530
:00000001FF
